pm_id,kalshi_id,orientation,basis_risk,category,pm_title,k_title,volume,close_ts,n_days,mean_abs,max_abs,pct_gt2,pct_gt5,pct_gt10,n_events_resolved,half_lives
2692820,KXWCGOAL-26JUN27DZAAUT-AUTMSABIT20-1,same,0,Sports,Marcel Sabitzer: 1+ goals,Marcel Sabitzer: 1+ goals,1589.6838849999997,2026-06-28T04:29:59Z,2,46.5,88.0,100.0,50.0,50.0,0,[]
2692834,KXWCGOAL-26JUN27DZAAUT-DZARMAHRE7-1,same,0,Sports,Riyad Mahrez: 1+ goals,Riyad Mahrez: 1+ goals,2434.1024319999997,2026-06-28T04:29:59Z,2,46.25,87.5,100.0,50.0,50.0,0,[]
2520493,KXWCGOAL-26JUN18CZERSA-CZEPSCHIC14-3,same,0,Sports,Patrik Schick: 3+ goals,Patrik Schick: 3+ goals,15643.501171,2026-06-18T18:04:52Z,2,44.625,47.0,100.0,100.0,100.0,0,[]
2556495,KXWCGOAL-26JUN18SUIBIH-SUIBEMBOL7-3,same,0,Sports,Breel Embolo: 3+ goals,Breel Embolo: 3+ goals,2222.003443,2026-06-18T20:47:24Z,2,44.175,45.0,100.0,100.0,100.0,0,[]
2692835,KXWCGOAL-26JUN27DZAAUT-DZARMAHRE7-2,same,0,Sports,Riyad Mahrez: 2+ goals,Riyad Mahrez: 2+ goals,2188.5851159999997,2026-06-28T04:29:59Z,2,43.0,75.0,100.0,100.0,100.0,0,[]
2608055,KXWCGROUPWIN-26L-ENG,same,0,Sports,Will England win?,Will England finish first in World Cup Group L?,37677.956726,2026-06-28T03:07:40Z,8,42.875,66.5,100.0,100.0,100.0,1,[1.0]
2584072,KXWCGOAL-26JUN20NEDSWE-NEDCGAKPO18-2,same,0,Sports,Cody Gakpo: 2+ goals,Cody Gakpo: 2+ goals,2020.148208,2026-06-20T18:36:19Z,2,39.0,43.0,100.0,100.0,100.0,0,[]
2571807,KXWCGOAL-26JUN19SCOMAR-MARBDIAZ21-2,same,0,Sports,Brahim Díaz: 2+ goals,Brahim Diaz: 2+ goals,7423.137232,2026-06-19T23:47:06Z,2,38.15,40.0,100.0,100.0,100.0,0,[]
2594713,KXWCGOAL-26JUN20NEDSWE-NEDTREIJN4-2,same,0,Sports,Tijjani Reijnders: 2+ goals,Tijani Reijnders: 2+ goals,1077.8822940000005,2026-06-20T18:20:14Z,2,34.25,41.0,100.0,100.0,100.0,0,[]
2525426,KXWCGOAL-26JUN18CANQAT-CANJDAVID30-3,same,0,Sports,Jonathan David: 3+ goals,Jonathan David: 3+ goals,5767.438238000001,2026-06-19T00:24:53Z,2,33.949999999999996,38.9,100.0,100.0,100.0,0,[]
2692659,KXWCGOAL-26JUN28RSACAN-CANJDAVID30-3,same,0,Sports,Jonathan David: 3+ goals,Jonathan David: 3+ goals,14579.130477,2026-06-28T21:19:56Z,2,33.75,37.0,100.0,100.0,100.0,0,[]
2573731,KXWCGOAL-26JUN19TURPAR-TURKYILDI10-2,same,0,Sports,Kenan Yıldız: 2+ goals,Kenan Yildiz: 2+ goals,1071.8333320000002,2026-06-20T06:05:10Z,3,32.833333333333336,46.5,100.0,100.0,66.66666666666666,1,[1.0]
2607292,KXWCAST-26JUN21NZLEGY-NZLCWOOD11-1,same,0,Sports,Chris Wood: 1+ assists,Chris Wood: 1+ assists?,1934.832828,2026-06-22T03:14:36Z,2,32.5,45.0,100.0,100.0,100.0,1,[1.0]
2556506,KXWCGOAL-26JUN18SUIBIH-SUIDNDOYE14-2,same,0,Sports,Dan Ndoye: 2+ goals,Dan Ndoye: 2+ goals,2156.4170649999996,2026-06-18T20:30:34Z,2,32.0,47.0,100.0,100.0,100.0,1,[1.0]
2520511,KXWCGOAL-26JUN17UZBCOL-UZBAFAYZU11-1,same,0,Sports,Abbosbek Fayzullayev: 1+ goals,Abbosbek Fayzullaev: 1+ goals,1305.565808,2026-06-18T03:37:21Z,2,31.75,33.5,100.0,100.0,100.0,0,[]
2566276,KXWCAST-26JUN18MEXKOR-KORSHEUNG7-1,same,0,Sports,Son Heungmin: 1+ assists,Son Heung-min: 1+ assists?,1252.655993,2026-06-19T02:17:30Z,2,31.75,35.5,100.0,100.0,100.0,0,[]
2520492,KXWCGOAL-26JUN18CZERSA-CZEPSCHIC14-2,same,0,Sports,Patrik Schick: 2+ goals,Patrik Schick: 2+ goals,3159.6476210000005,2026-06-18T18:04:52Z,2,31.75,42.5,100.0,100.0,100.0,1,[1.0]
2584066,KXWCGOAL-26JUN20NEDSWE-SWEAISAK9-2,same,0,Sports,Alexander Isak: 2+ goals,Alexander Isak: 2+ goals,2646.671562,2026-06-20T19:10:17Z,2,31.5,35.0,100.0,100.0,100.0,0,[]
2584090,KXWCGOAL-26JUN20NEDSWE-SWEVGYOKE14-2,same,0,Sports,Viktor Gyökeres: 2+ goals,Viktor Gyokeres: 2+ goals,8243.068371,2026-06-20T19:10:17Z,2,30.5,32.5,100.0,100.0,100.0,0,[]
2683592,KXUCLBTTS-26JUL08TAFIBE-BTTS,same,0,Sports,Qairat FK vs. FK Sutjeska Nikšić: Both Teams to Score,Will both teams score?,13424.026811,2026-07-08T16:44:49Z,3,30.166666666666668,52.0,100.0,100.0,100.0,1,[1.0]
2354794,KXPGATOP10-CHSC26-KNAK,same,0,Sports,Will Keita Nakajima finish in the Top 10 at the 2026 Charles Schwab Challenge?,Charles Schwab Challenge: Will Keita Nakajima finish top 10?,1080.0,2026-05-31T23:40:12Z,6,29.833333333333332,44.5,100.0,100.0,100.0,1,[1.0]
2667186,KXWCGOAL-26JUN26URUESP-URUFVALVE8-2,same,0,Sports,Federico Valverde: 2+ goals,Federico Valverde: 2+ goals,2222.829947,2026-06-27T01:21:20Z,2,29.75,47.5,100.0,100.0,100.0,1,[1.0]
2494155,KXWCGOAL-26JUN14SWETUN-SWEVGYOKE14-1,same,0,Sports,Viktor Gyökeres: 1+ goals,Viktor Gyokeres: 1+ goals,11229.705629999999,2026-06-15T04:14:53Z,3,29.0,59.5,100.0,100.0,100.0,0,[]
2156500,KXPGATOP5-ONMBC26-JLOW,same,0,Sports,Will Justin Lower finish in the Top 5 at the 2026 ONEflight Myrtle Beach Classic?,ONEflight Myrtle Beach Classic: Will Justin Lower finish top 5?,1000.0,2026-05-10T22:20:21Z,5,28.79,49.4,80.0,80.0,80.0,1,[1.0]
2524021,KXWCGOAL-26JUN18CANQAT-QATAAFIF11-1,same,0,Sports,Akram Afif: 1+ goals,Akram Afif: 1+ goals,2754.0465879999997,2026-06-18T23:20:12Z,2,28.75,30.5,100.0,100.0,100.0,0,[]
2661629,KXWCGOAL-26JUN26URUESP-ESPLYAMAL10-3,same,0,Sports,Lamine Yamal: 3+ goals,Lamine Yamal: 3+ goals,33173.660093000006,2026-06-27T01:41:25Z,2,28.75,46.5,100.0,100.0,100.0,1,[1.0]
2635509,KXWCGOAL-26JUN24RSAKOR-KORSHEUNG7-3,same,0,Sports,Son Heungmin: 3+ goals,Son Heung-min: 3+ goals,2996.0191239999986,2026-06-25T03:14:52Z,2,28.724999999999998,47.449999999999996,100.0,100.0,50.0,1,[1.0]
2525425,KXWCGOAL-26JUN18CANQAT-CANJDAVID30-2,same,0,Sports,Jonathan David: 2+ goals,Jonathan David: 2+ goals,18707.686350000004,2026-06-19T00:24:53Z,2,28.5,32.0,100.0,100.0,100.0,0,[]
2731924,KXPGATOP10-JODC26-PADL,same,0,Sports,Will Patrick Rodgers finish in the Top 10 at the 2026 John Deere Classic?,John Deere Classic: Will Patrick Adler finish top 10?,11792.06,2026-07-04T01:10:24Z,3,28.366666666666664,60.5,66.66666666666666,66.66666666666666,66.66666666666666,1,[1.0]
2744491,KXTRAVISKELCEWEDDING-30JAN01-AUS,same,1,Entertainment,Will Austin Swift be a groomsman at Taylor Swift's wedding?,Will Austin Swift be a Groomsman for the wedding of Travis Kelce and Taylor Swift?,4104.12321,2026-07-05T20:23:48Z,4,27.625,45.0,100.0,100.0,100.0,1,[2.0]
2732024,KXPGATOP20-JODC26-PADL,same,0,Sports,Will Patrick Rodgers finish in the Top 20 at the 2026 John Deere Classic?,John Deere Classic: Will Patrick Adler finish top 20?,14379.71,2026-07-04T01:10:14Z,3,26.96666666666667,69.0,100.0,66.66666666666666,33.33333333333333,1,[1.0]
2692658,KXWCGOAL-26JUN28RSACAN-CANJDAVID30-2,same,0,Sports,Jonathan David: 2+ goals,Jonathan David: 2+ goals,10230.132920999999,2026-06-28T21:19:55Z,2,26.75,27.0,100.0,100.0,100.0,0,[]
2520477,KXWCGOAL-26JUN18CZERSA-CZELKREJC18-2,same,0,Sports,Ladislav Krejčí: 2+ goals,Ladislav Krejci: 2+ goals,5549.627,2026-06-18T18:04:52Z,2,26.675000000000004,30.000000000000004,100.0,100.0,100.0,0,[]
2744489,KXTRAVISKELCEWEDDING-30JAN01-JAS,same,1,Entertainment,Will Jason Kelce be a groomsman at Taylor Swift's wedding?,Will Jason Kelce be a Groomsman for the wedding of Travis Kelce and Taylor Swift?,81803.78674199994,2026-07-05T20:23:41Z,4,26.625,40.0,100.0,100.0,100.0,1,[1.0]
2354623,KXPGATOP5-CHSC26-DTHO,same,0,Sports,Will Davis Thompson finish in the Top 5 at the 2026 Charles Schwab Challenge?,Charles Schwab Challenge: Will Davis Thompson finish top 5?,1055.004,2026-05-31T23:30:04Z,6,26.600000000000005,45.550000000000004,100.0,100.0,100.0,1,[1.0]
2591330,KXMLBALLSTAR-26AL-BWITT7,same,0,Sports,Will Bobby Witt Jr. be named to the AL All-Star Team at the 2026 MLB All-Star Game?,Will Bobby Witt Jr. be selected to the 2026 AL All-Star Team?,11676.259999999998,2026-07-06T15:48:16Z,9,26.227777777777774,42.49999999999999,100.0,88.88888888888889,77.77777777777779,1,[2.0]
2525418,KXWCGOAL-26JUN18CANQAT-CANCLARIN17-3,same,0,Sports,Cyle Larin: 3+ goals,Cyle Larin: 3+ goals,1924.397801,2026-06-19T00:24:52Z,2,25.724999999999998,28.499999999999996,100.0,100.0,100.0,0,[]
2309953,KXCS2QUALIFIERS-26IEMCOLPO-MGLZ,same,0,Sports,Will The MongolZ qualify to the IEM Cologne 2026 playoffs?,Will The Mongolz qualify for the playoffs at 2026 IEM Cologne?,5087.541992,2026-06-16T00:35:36Z,7,25.571428571428573,54.0,100.0,100.0,71.42857142857143,1,[1.0]
2354674,KXPGATOP5-CHSC26-KVIL,same,0,Sports,Will Karl Vilips finish in the Top 5 at the 2026 Charles Schwab Challenge?,Charles Schwab Challenge: Will Karl Vilips finish top 5?,1190.172002,2026-05-30T00:31:57Z,4,25.375,45.49999999999999,100.0,100.0,100.0,1,[1.0]
2354688,KXPGATOP5-CHSC26-DLIP,same,0,Sports,Will David Lipsky finish in the Top 5 at the 2026 Charles Schwab Challenge?,Charles Schwab Challenge: Will David Lipsky finish top 5?,1000.056664,2026-05-30T00:31:58Z,4,25.125,46.0,100.0,100.0,100.0,1,[1.0]
2644543,KXATPSETWINNER-26JUN24BERROD-2-ROD,inverse,0,Sports,Set 2 Winner: Bertola vs Rodionov,Will Jurij Rodionov win set 2 in the Remy Bertola vs Jurij Rodionov match,1082.67149,2026-06-24T13:07:21Z,2,25.0,27.0,100.0,100.0,100.0,0,[]
2520559,KXWCGOAL-26JUN17UZBCOL-COLLDIAZ14-3,same,0,Sports,Luis Díaz: 3+ goals,Luis Diaz: 3+ goals,3127.2769479999997,2026-06-18T03:53:27Z,2,24.975,27.0,100.0,100.0,100.0,0,[]
2596815,KXWCGOAL-26JUN21ESPKSA-ESPMOYARZ10-3,same,0,Sports,Mikel Oyarzabal: 3+ goals,Mikel Oyarzabal: 3+ goals,7529.510562999999,2026-06-21T17:07:21Z,2,24.8,47.0,100.0,50.0,50.0,1,[1.0]
2674391,KXWCAST-26JUN27PANENG-ENGHKANE9-2,same,0,Sports,Harry Kane: 2+ assists,Harry Kane: 2+ assists?,3112.619105,2026-06-27T22:43:22Z,2,24.75,40.0,100.0,100.0,50.0,1,[1.0]
2253926,KXTOPSONG-26MAY23-DRO,same,0,Entertainment,"Will ""Drop Dead - Olivia Rodrigo"" be the Billboard Hot 100 #1 song for the week of May 23?","Will drop dead be #1 on the Billboard Hot 100 during the week of May 23, 2026",1158.5240369999997,2026-05-18T03:59:00Z,2,24.675,48.5,50.0,50.0,50.0,1,[1.0]
2632795,KXWCAST-26JUN23COLCOD-CODYWISSA9-1,same,0,Sports,Yoane Wissa: 1+ assists,Yoane Wissa: 1+ assists?,1015.285713,2026-06-24T04:04:32Z,3,24.666666666666668,43.5,100.0,100.0,66.66666666666666,1,[2.0]
2674369,KXWCGOAL-26JUN27PANENG-ENGJBELLI5-3,same,0,Sports,Jude Bellingham: 3+ goals,Jude Bellingham: 3+ goals,10278.245997,2026-06-27T22:29:48Z,2,24.5,47.5,50.0,50.0,50.0,1,[1.0]
2657672,KXWCGOAL-26JUN26SENIRQ-SENNJACKS11-3,same,0,Sports,Nicolas Jackson: 3+ goals,Nicolas Jackson: 3+ goals,1518.1300339999998,2026-06-26T21:14:44Z,2,24.475,47.0,50.0,50.0,50.0,1,[1.0]
2596809,KXWCGOAL-26JUN21ESPKSA-ESPLYAMAL10-3,same,0,Sports,Lamine Yamal: 3+ goals,Lamine Yamal: 3+ goals,23057.806088,2026-06-21T17:05:20Z,2,24.475,46.5,100.0,50.0,50.0,1,[1.0]
2657719,KXWCGOAL-26JUN26NORFRA-FRAODEMBE10-3,same,0,Sports,Ousmane Dembélé: 3+ goals,Ousmane Dembele: 3+ goals,6390.495198,2026-06-26T20:29:59Z,2,24.225,48.0,50.0,50.0,50.0,1,[1.0]
2696273,KXWCAST-26JUN29BRAJPN-BRABGUIMA39-2,same,0,Sports,Bruno Guimarães: 2+ assists,Bruno Guimaraes: 2+ assists?,3837.827508,2026-06-29T18:59:52Z,2,24.025,47.5,50.0,50.0,50.0,1,[1.0]
2674310,KXWCGOAL-26JUN27CROGHA-GHAASEMEN42-2,same,0,Sports,Antoine Semenyo: 2+ goals,Antoine Semenyo: 2+ goals,2776.4705849999996,2026-06-27T23:05:07Z,2,24.0,48.0,50.0,50.0,50.0,1,[1.0]
2354765,KXPGATOP10-CHSC26-LGLO,same,0,Sports,Will Lucas Glover finish in the Top 10 at the 2026 Charles Schwab Challenge?,Charles Schwab Challenge: Will Lucas Glover finish top 10?,1115.1149999999998,2026-05-31T23:40:21Z,6,23.99166666666667,46.9,100.0,83.33333333333334,83.33333333333334,1,[1.0]
2608887,KXWCGOAL-26JUN21BELIRI-IRIMTAREM99-2,same,0,Sports,Mehdi Taremi: 2+ goals,Mehdi Taremi: 2+ goals,3492.599051,2026-06-21T21:44:58Z,2,23.9,47.5,50.0,50.0,50.0,1,[1.0]
2553584,KXPGATOUR-USO26-HHIG,same,0,Sports,Will Harry Higgs win the 2026 U.S. Open?,Will Harry Higgs win the U.S. Open?,2896.906,2026-06-21T22:49:34Z,2,23.874999999999996,47.699999999999996,50.0,50.0,50.0,1,[1.0]
2520644,KXWCGOAL-26JUN17ENGCRO-ENGHKANE9-3,same,0,Sports,Harry Kane: 3+ goals,Harry Kane: 3+ goals,24303.31606000001,2026-06-17T22:20:29Z,2,23.85,46.0,50.0,50.0,50.0,1,[1.0]
2711823,KXWCGOAL-26JUN29GERPAR-GERJKIMMI6-2,same,0,Sports,Joshua Kimmich: 2+ goals,Joshua Kimmich: 2+ goals,1454.1450899999993,2026-06-29T23:39:49Z,2,23.775,47.0,50.0,50.0,50.0,1,[1.0]
2633995,KXWCGOAL-26JUN24MARHTI-MARBDIAZ21-3,same,0,Sports,Brahim Díaz: 3+ goals,Brahim Diaz: 3+ goals,2005.031272,2026-06-24T23:33:18Z,2,23.75,46.5,50.0,50.0,50.0,1,[1.0]
2600097,KXWCGOAL-26JUN21URUCPV-URUDNUNEZ7-3,same,0,Sports,Darwin Núñez: 3+ goals,Darwin Nunez: 3+ goals,4116.15597,2026-06-22T00:44:39Z,2,23.75,36.0,100.0,100.0,100.0,1,[1.0]
2676429,KXWCGOAL-26JUN27COLPOR-PORCRIS7-3,same,0,Sports,Cristiano Ronaldo: 3+ goals,Cristiano Ronaldo: 3+ goals,62825.35942300001,2026-06-28T01:40:10Z,2,23.75,46.0,50.0,50.0,50.0,1,[1.0]
2667241,KXWCAST-26JUN26URUESP-ESPLYAMAL10-2,same,0,Sports,Lamine Yamal: 2+ assists,Lamine Yamal: 2+ assists?,2839.3174369999997,2026-06-27T01:41:25Z,2,23.75,40.5,100.0,100.0,50.0,1,[1.0]
2708188,KXWCGOAL-26JUN29GERPAR-GERFWIRTZ7-3,same,0,Sports,Florian Wirtz: 3+ goals,Florian Wirtz: 3+ goals,1662.919255,2026-06-29T22:59:50Z,2,23.725,46.0,50.0,50.0,50.0,1,[1.0]
2354781,KXPGATOP10-CHSC26-NECH,same,0,Sports,Will Nicolas Echavarria finish in the Top 10 at the 2026 Charles Schwab Challenge?,Charles Schwab Challenge: Will Nicolas Echavarria finish top 10?,2109.0,2026-05-31T23:40:23Z,6,23.583333333333332,47.0,83.33333333333334,83.33333333333334,83.33333333333334,1,[2.0]
2354751,KXPGATOP10-CHSC26-SFIS,same,0,Sports,Will Steven Fisk finish in the Top 10 at the 2026 Charles Schwab Challenge?,Charles Schwab Challenge: Will Steven Fisk finish top 10?,2164.0200999999997,2026-05-31T23:40:22Z,6,23.583333333333332,43.0,100.0,100.0,100.0,1,[1.0]
2696239,KXWCGOAL-26JUN29BRAJPN-BRAMCUNHA10-2,same,0,Sports,Matheus Cunha: 2+ goals,Matheus Cunha: 2+ goals,17513.565964,2026-06-29T18:27:21Z,2,23.575,45.0,100.0,50.0,50.0,1,[1.0]
2674316,KXWCGOAL-26JUN27CROGHA-CROIPERIS5-2,same,0,Sports,Ivan Perišić: 2+ goals,Ivan Perisic: 2+ goals,1936.220182,2026-06-27T23:05:07Z,2,23.5,46.5,50.0,50.0,50.0,1,[1.0]
2365750,KXATPSETWINNER-26MAY28SINCER-1-SIN,same,0,Sports,Set 1 Winner: Sinner vs Cerundolo,Will Jannik Sinner win set 1 in the Jannik Sinner vs Juan Manuel Cerundolo match,39830.229736,2026-05-28T10:53:10Z,2,23.5,44.5,100.0,50.0,50.0,1,[1.0]
2614779,KXWCAST-26JUN22FRAIRQ-FRAODEMBE10-2,same,0,Sports,Ousmane Dembélé: 2+ assists,Ousmane Dembele: 2+ assists?,1782.7967589999998,2026-06-23T00:25:19Z,2,23.25,45.0,50.0,50.0,50.0,1,[1.0]
2676426,KXWCGOAL-26JUN27COLPOR-PORBFERNA8-2,same,0,Sports,Bruno Fernandes: 2+ goals,Bruno Fernandes: 2+ goals,2083.460308,2026-06-28T01:40:09Z,2,23.25,45.5,50.0,50.0,50.0,1,[1.0]
2635686,KXWCGOAL-26JUN24SCOBRA-SCOSMCTOM8-2,same,0,Sports,Scott McTominay: 2+ goals,Scott Mctominay: 2+ goals,2273.61111,2026-06-25T00:20:20Z,2,23.25,46.5,50.0,50.0,50.0,1,[1.0]
2657710,KXWCGOAL-26JUN26NORFRA-FRAKMBAPP10-3,same,0,Sports,Kylian Mbappé: 3+ goals,Kylian Mbappe: 3+ goals,76181.40348099999,2026-06-26T20:51:26Z,2,23.0,44.5,50.0,50.0,50.0,1,[1.0]
2231897,KXPGATOP5-PGC26-HAL,same,0,Sports,Will Hao-Tong Li finish in the Top 5 at the 2026 PGA Championship?,PGA Championship: Will Hao-Tong Li finish top 5?,1000.0,2026-05-18T00:20:38Z,6,22.99166666666667,51.95000000000001,83.33333333333334,83.33333333333334,83.33333333333334,1,[1.0]
2556520,KXWCGOAL-26JUN18SUIBIH-SUIGXHAKA34-2,same,0,Sports,Granit Xhaka: 2+ goals,Granit Xhaka: 2+ goals,5244.139092,2026-06-18T21:20:27Z,2,22.975,45.0,50.0,50.0,50.0,1,[1.0]
2662723,KXWCGOAL-26JUN26EGYIRI-EGYMSALAH11-3,same,0,Sports,Mohamed Salah: 3+ goals,Mohamed Salah: 3+ goals,9605.294284,2026-06-27T04:21:21Z,3,22.833333333333332,47.5,100.0,100.0,66.66666666666666,1,[1.0]
2156541,KXPGATOP5-ONMBC26-KSTR,same,0,Sports,Will Kevin Streelman finish in the Top 5 at the 2026 ONEflight Myrtle Beach Classic?,ONEflight Myrtle Beach Classic: Will Kevin Streelman finish top 5?,1000.0,2026-05-09T01:51:04Z,3,22.833333333333332,46.5,66.66666666666666,66.66666666666666,66.66666666666666,1,[1.0]
2696227,KXWCGOAL-26JUN29BRAJPN-JPNAUEDA9-2,same,0,Sports,Ayase Ueda: 2+ goals,Ayase Ueda: 2+ goals,6305.2395400000005,2026-06-29T19:10:00Z,2,22.824999999999996,44.49999999999999,50.0,50.0,50.0,1,[1.0]
2706431,KXWCGOAL-26JUN29NEDMAR-NEDCGAKPO18-2,same,0,Sports,Cody Gakpo: 2+ goals,Cody Gakpo: 2+ goals,14163.333362999998,2026-06-30T03:29:45Z,2,22.775,43.5,100.0,50.0,50.0,1,[1.0]
2736458,KXATPSETWINNER-26JUL01SINBOR-1-SIN,same,0,Sports,Set 1 Winner: Sinner vs Borges,Will Jannik Sinner win set 1 in the Jannik Sinner vs Nuno Borges match,7434.785453000002,2026-07-01T13:32:38Z,2,22.75,41.0,100.0,50.0,50.0,1,[1.0]
2480783,KXATTENDUFC250-26JUN-JPAU,same,0,Politics,Will Jake Paul attend UFC Freedom 250?,Will Jake Paul attend any UFC Freedom 250 event in person?,4722.598502000002,2026-06-15T14:00:00Z,6,22.733333333333334,32.9,100.0,100.0,83.33333333333334,1,[1.0]
2736677,KXWTASETWINNER-26JUL01SABKES-2-SAB,same,0,Sports,Set 2 Winner: Sabalenka vs Kessler,Will Aryna Sabalenka win set 2 in the Aryna Sabalenka vs McCartney Kessler match,23704.395625999994,2026-07-01T13:52:12Z,2,22.499999999999996,42.0,100.0,50.0,50.0,1,[1.0]
2708200,KXWCGOAL-26JUN29GERPAR-GERKHAVER29-3,same,0,Sports,Kai Havertz: 3+ goals,Kai Havertz: 3+ goals,4593.261805,2026-06-29T23:39:49Z,2,22.35,44.0,50.0,50.0,50.0,1,[1.0]
2632698,KXWCGOAL-26JUN24SUICAN-SUIBEMBOL7-2,same,0,Sports,Breel Embolo: 2+ goals,Breel Embolo: 2+ goals,1076.760032,2026-06-24T20:43:21Z,2,22.25,42.0,100.0,50.0,50.0,1,[1.0]
2676405,KXWCGOAL-26JUN27CODUZB-CODYWISSA9-2,same,0,Sports,Yoane Wissa: 2+ goals,Yoane Wissa: 2+ goals,5005.740986000001,2026-06-28T01:49:58Z,2,22.25,42.0,100.0,50.0,50.0,1,[1.0]
2657671,KXWCGOAL-26JUN26SENIRQ-SENNJACKS11-2,same,0,Sports,Nicolas Jackson: 2+ goals,Nicolas Jackson: 2+ goals,1918.480259,2026-06-26T21:14:44Z,2,22.25,42.0,100.0,50.0,50.0,1,[1.0]
2736612,KXWTASETWINNER-26JUL01GASOSA-2-OSA,inverse,0,Sports,Set 2 Winner: Gasanova vs Osaka,Will Naomi Osaka win set 2 in the Anastasia Gasanova vs Naomi Osaka match,1643.126575,2026-07-01T11:23:53Z,2,22.000000000000004,42.50000000000001,50.0,50.0,50.0,1,[1.0]
2653727,KXWCGOAL-26JUN25ECUGER-GERJMUSIA10-2,same,0,Sports,Jamal Musiala: 2+ goals,Jamal Musiala: 2+ goals,1321.513046,2026-06-25T22:04:57Z,2,22.0,42.5,50.0,50.0,50.0,1,[1.0]
2621600,KXWCGOAL-26JUN23ENGGHA-ENGJBELLI5-2,same,0,Sports,Jude Bellingham: 2+ goals,Jude Bellingham: 2+ goals,10518.603677999998,2026-06-23T21:37:21Z,2,22.0,41.0,100.0,50.0,50.0,1,[1.0]
2657715,KXWCGOAL-26JUN26NORFRA-FRAMOLISE17-2,same,0,Sports,Michael Olise: 2+ goals,Michael Olise: 2+ goals,11405.215842999998,2026-06-26T20:29:59Z,2,22.0,44.0,50.0,50.0,50.0,1,[1.0]
2736463,KXATPSETWINNER-26JUL01SINBOR-2-SIN,same,0,Sports,Set 2 Winner: Sinner vs Borges,Will Jannik Sinner win set 2 in the Jannik Sinner vs Nuno Borges match,10864.591844999999,2026-07-01T14:27:11Z,2,22.0,41.5,100.0,50.0,50.0,1,[1.0]
1835705,KXANIMEBS-26-DEM,same,0,Entertainment,"Will ""Demon Slayer: Kimetsu no Yaiba Infinity Castle (Yuki Kajiura, Go Shiina)"" win Best Anime Score at the 2026 Crunchyroll Anime Awards?",2026 Crunchyroll Anime Award for Best Anime Score?,1396.169955,2026-05-23T15:50:51Z,18,21.96388888888889,53.2,72.22222222222221,66.66666666666666,55.55555555555556,1,[3.0]
2736609,KXWTASETWINNER-26JUL01GASOSA-1-OSA,inverse,0,Sports,Set 1 Winner: Gasanova vs Osaka,Will Naomi Osaka win set 1 in the Anastasia Gasanova vs Naomi Osaka match,1191.864055,2026-07-01T10:57:21Z,2,21.75,41.0,100.0,50.0,50.0,1,[1.0]
2708186,KXWCGOAL-26JUN29GERPAR-GERFWIRTZ7-2,same,0,Sports,Florian Wirtz: 2+ goals,Florian Wirtz: 2+ goals,3830.3149719999997,2026-06-29T22:59:50Z,2,21.75,41.0,100.0,50.0,50.0,1,[1.0]
2520558,KXWCGOAL-26JUN17UZBCOL-COLLDIAZ14-2,same,0,Sports,Luis Díaz: 2+ goals,Luis Diaz: 2+ goals,7197.199430000001,2026-06-18T03:53:27Z,2,21.749999999999996,21.999999999999996,100.0,100.0,100.0,0,[]
2290402,KXMLSBTTS-26MAY24MIAPHI-BTTS,same,0,Sports,Hellas Verona FC vs. AS Roma: Both Teams to Score,Will both teams score?,15855.011377000004,2026-05-25T01:20:42Z,6,21.58333333333334,25.000000000000007,100.0,100.0,100.0,0,[]
2696229,KXWCGOAL-26JUN29BRAJPN-BRABGUIMA39-2,same,0,Sports,Bruno Guimarães: 2+ goals,Bruno Guimaraes: 2+ goals,1892.6772760000001,2026-06-29T18:59:52Z,2,21.525,43.0,50.0,50.0,50.0,1,[1.0]
705987,KXCA22PRIMARY-26-CMAT,same,0,Elections,Will Chris Mathys advance from the CA-22 Primary?,Who will win the CA-22 primary?,1072.880759,2026-06-10T01:20:10Z,143,21.436363636363637,48.0,87.41258741258741,74.12587412587412,64.33566433566433,11,"[1.0, 1.0, 1.0, 1.0, 1.0, 3.0, 2.0, 1.0, 1.0, 1.0, 1.0]"
2708192,KXWCGOAL-26JUN29GERPAR-GERJMUSIA10-2,same,0,Sports,Jamal Musiala: 2+ goals,Jamal Musiala: 2+ goals,5662.759330999999,2026-06-29T23:39:48Z,2,21.25,41.5,50.0,50.0,50.0,1,[1.0]
2600099,KXWCGOAL-26JUN21URUCPV-URUFVALVE8-2,same,0,Sports,Federico Valverde: 2+ goals,Federico Valverde: 2+ goals,8044.267388999999,2026-06-22T00:44:39Z,2,21.25,34.0,100.0,100.0,50.0,1,[1.0]
2661628,KXWCGOAL-26JUN26URUESP-ESPLYAMAL10-2,same,0,Sports,Lamine Yamal: 2+ goals,Lamine Yamal: 2+ goals,48302.314737,2026-06-27T01:41:25Z,2,21.25,38.5,100.0,50.0,50.0,1,[1.0]
2653607,KXWCGOAL-26JUN25CUWCIV-CIVADIALL16-2,same,0,Sports,Amad Diallo: 2+ goals,Amad Diallo: 2+ goals,3956.1663659999995,2026-06-25T21:05:28Z,2,21.0,37.5,100.0,50.0,50.0,1,[1.0]
2657718,KXWCGOAL-26JUN26NORFRA-FRAODEMBE10-2,same,0,Sports,Ousmane Dembélé: 2+ goals,Ousmane Dembele: 2+ goals,6146.113877000001,2026-06-26T20:29:59Z,2,21.0,41.5,50.0,50.0,50.0,1,[1.0]
2634244,KXWTASETWINNER-26JUN22SONDAR-1-SON,same,0,Sports,Set 1 Winner: Sonmez vs Dart,Will Zeynep Sonmez win set 1 in the Zeynep Sonmez vs Harriet Dart match,1893.4407379999998,2026-06-23T14:38:20Z,2,21.0,34.0,100.0,100.0,50.0,1,[1.0]
2657668,KXWCGOAL-26JUN26SENIRQ-SENISARR7-2,same,0,Sports,Ismaïla Sarr: 2+ goals,Ismaila Sarr: 2+ goals,7251.305940000001,2026-06-26T20:49:38Z,2,21.0,38.5,100.0,50.0,50.0,1,[1.0]
2653748,KXWCAST-26JUN25ECUGER-ECUEVALEN13-1,same,0,Sports,Enner Valencia: 1+ assists,Enner Valencia: 1+ assists?,1009.1180209999999,2026-06-25T21:25:19Z,2,21.0,37.0,100.0,50.0,50.0,1,[1.0]
2159621,KXSENATEREC-26MAY-MAY22,same,0,Politics,Will the Senate pass a reconciliation bill by May 22?,"Will a reconciliation bill passed the Senate before May 22, 2026?",184866.765582,2026-05-22T14:00:00Z,16,20.9625,67.5,75.0,75.0,56.25,2,"[1.0, 1.0]"
2553694,KXPGATOP5-USO26-MKIM,same,0,Sports,Will Michael Kim finish in the Top 5 at the 2026 U.S. Open?,U.S. Open: Will Michael Kim finish top 5?,1200.0,2026-06-22T00:19:42Z,5,20.889999999999997,56.49999999999999,40.0,40.0,40.0,1,[1.0]
2696240,KXWCGOAL-26JUN29BRAJPN-BRAMCUNHA10-3,same,0,Sports,Matheus Cunha: 3+ goals,Matheus Cunha: 3+ goals,16398.365928,2026-06-29T18:27:21Z,2,20.75,41.0,50.0,50.0,50.0,1,[1.0]
2592497,KXWCGOAL-26JUN21TUNJPN-JPNAUEDA9-2,same,0,Sports,Ayase Ueda: 2+ goals,Ayase Ueda: 2+ goals,5231.8644829999985,2026-06-21T05:45:24Z,2,20.75,40.5,50.0,50.0,50.0,1,[1.0]
2635508,KXWCGOAL-26JUN24RSAKOR-KORSHEUNG7-2,same,0,Sports,Son Heungmin: 2+ goals,Son Heung-min: 2+ goals,2147.9895009999996,2026-06-25T03:14:52Z,2,20.5,36.5,100.0,50.0,50.0,1,[1.0]
2520643,KXWCGOAL-26JUN17ENGCRO-ENGHKANE9-2,same,0,Sports,Harry Kane: 2+ goals,Harry Kane: 2+ goals,47953.54026600007,2026-06-17T20:44:53Z,2,20.5,40.0,50.0,50.0,50.0,1,[1.0]
2674366,KXWCGOAL-26JUN27PANENG-ENGHKANE9-3,same,0,Sports,Harry Kane: 3+ goals,Harry Kane: 3+ goals,16962.11002600001,2026-06-27T22:43:22Z,2,20.5,40.5,50.0,50.0,50.0,1,[1.0]
2520712,KXWCAST-26JUN17ENGCRO-CROLMODRI14-1,same,0,Sports,Luka Modrić: 1+ assists,Luka Modric: 1+ assists?,1784.2730789999996,2026-06-17T21:21:20Z,2,20.5,40.5,50.0,50.0,50.0,1,[1.0]
2736653,KXWTASETWINNER-26JUL01MUCZHA-2-ZHA,inverse,0,Sports,Set 2 Winner: Muchova vs Zhang,Will Shuai Zhang win set 2 in the Karolina Muchova vs Shuai Zhang match,2186.743488,2026-07-01T13:46:55Z,2,20.499999999999993,37.49999999999999,100.0,50.0,50.0,1,[1.0]
2621595,KXWCGOAL-26JUN23ENGGHA-ENGHKANE9-3,same,0,Sports,Harry Kane: 3+ goals,Harry Kane: 3+ goals,43631.691749000005,2026-06-23T22:14:51Z,2,20.425,36.0,100.0,50.0,50.0,1,[1.0]
2696281,KXWCAST-26JUN29BRAJPN-BRALPAQUE20-2,same,0,Sports,Lucas Paquetá: 2+ assists,Lucas Paqueta: 2+ assists?,1734.498927,2026-06-29T18:05:21Z,2,20.3,40.0,50.0,50.0,50.0,1,[1.0]
2674368,KXWCGOAL-26JUN27PANENG-ENGJBELLI5-2,same,0,Sports,Jude Bellingham: 2+ goals,Jude Bellingham: 2+ goals,1732.6411299999997,2026-06-27T22:29:48Z,2,20.25,40.5,50.0,50.0,50.0,1,[1.0]
2494102,KXWCGOAL-26JUN15ESPCPV-ESPRODR16-1,same,0,Sports,Rodri: 1+ goals,Rodri: 1+ goals,2711.861179,2026-06-15T17:48:23Z,2,20.25,27.500000000000004,100.0,100.0,100.0,1,[1.0]
2374511,KXWTASETWINNER-26MAY29ANDBOU-1-BOU,inverse,0,Sports,Set 1 Winner: Andreeva vs Bouzkova,Will Marie Bouzkova win set 1 in the Mirra Andreeva vs Marie Bouzkova match,2809.3927299999996,2026-05-29T12:56:51Z,2,20.249999999999996,39.49999999999999,50.0,50.0,50.0,1,[1.0]
2335163,KXATPSETWINNER-26MAY25FONPAV-1-PAV,inverse,0,Sports,Set 1 Winner: Fonseca vs Pavlovic,Will Luka Pavlovic win set 1 in the Joao Fonseca vs Luka Pavlovic match,6068.155404,2026-05-24T16:36:24Z,2,20.249999999999993,40.0,50.0,50.0,50.0,1,[1.0]
2596818,KXWCGOAL-26JUN21ESPKSA-ESPNWILLI10-3,same,0,Sports,Nico Williams: 3+ goals,Nico Williams: 3+ goals,1913.99,2026-06-21T18:10:36Z,2,20.15,35.25,100.0,100.0,50.0,1,[1.0]
2662677,KXWCGOAL-26JUN26NZLBEL-BELJDOKU11-3,same,0,Sports,Jeremy Doku: 3+ goals,Jeremy Doku: 3+ goals,9145.336564000001,2026-06-27T04:19:44Z,3,20.133333333333333,47.5,66.66666666666666,66.66666666666666,66.66666666666666,1,[1.0]
2180432,KXLNBELITEGAME-26MAY091430SIGASV-SIG,inverse,0,Sports,ASVEL Lyon-Villeurbanne vs. Strasbourg,SIG Strasbourg vs ASVEL Lyon-Villeurbanne Winner?,3575.364104,2026-05-09T20:20:35Z,2,20.000000000000004,34.5,100.0,100.0,50.0,1,[1.0]
2309969,KXCS2QUALIFIERS-26IEMCOLPO-9Z,same,0,Sports,Will 9z qualify to the IEM Cologne 2026 playoffs?,Will 9z qualify for the playoffs at 2026 IEM Cologne?,16250.801332999996,2026-06-16T00:35:25Z,3,20.000000000000004,28.000000000000004,100.0,66.66666666666666,66.66666666666666,0,[]
2696272,KXWCAST-26JUN29BRAJPN-BRABGUIMA39-1,same,0,Sports,Bruno Guimarães: 1+ assists,Bruno Guimaraes: 1+ assists?,10391.497768999996,2026-06-29T18:59:52Z,2,20.0,37.5,100.0,50.0,50.0,1,[1.0]
2624662,KXWCAST-26JUN23PORUZB-PORBFERNA8-2,same,0,Sports,Bruno Fernandes: 2+ assists,Bruno Fernandes: 2+ assists?,8776.342385999997,2026-06-23T19:04:43Z,2,20.0,37.0,100.0,50.0,50.0,1,[1.0]
2653282,KXWCGOAL-26JUN25TURUSA-USACPULIS11-1,same,0,Sports,Christian Pulisic: 1+ goals,Christian Pulisic: 1+ goals,8806.084498999999,2026-06-26T04:29:51Z,2,20.0,24.000000000000004,100.0,100.0,100.0,0,[]
2708199,KXWCGOAL-26JUN29GERPAR-GERKHAVER29-2,same,0,Sports,Kai Havertz: 2+ goals,Kai Havertz: 2+ goals,22396.689786000006,2026-06-29T23:39:49Z,2,20.0,38.0,100.0,50.0,50.0,1,[1.0]
2704392,KXATPSETWINNER-26JUN29SINKEC-3-SIN,same,0,Sports,Set 3 Winner: Sinner vs Kecmanovic,Will Jannik Sinner win set 3 in the Jannik Sinner vs Miomir Kecmanovic match,5675.113122000001,2026-06-29T15:13:14Z,2,19.750000000000007,20.500000000000007,100.0,100.0,100.0,0,[]
2600096,KXWCGOAL-26JUN21URUCPV-URUDNUNEZ7-2,same,0,Sports,Darwin Núñez: 2+ goals,Darwin Nunez: 2+ goals,2602.883267,2026-06-22T00:44:38Z,2,19.75,37.0,100.0,50.0,50.0,1,[1.0]
2693071,KXWCAST-26JUN27JORARG-ARGLMESSI10-1,same,0,Sports,Lionel Messi: 1+ assists,Lionel Messi: 1+ assists?,1450.913929,2026-06-28T04:14:38Z,2,19.75,21.0,100.0,100.0,100.0,0,[]
2494029,KXWCGOAL-26JUN15BELEGY-BELLTROSS19-2,same,0,Sports,Leandro Trossard: 2+ goals,Leandro Trossard: 2+ goals,3445.4178709999996,2026-06-15T22:04:48Z,2,19.75,37.5,50.0,50.0,50.0,1,[1.0]
703893,KXNY17D-26-MSAC,same,0,Elections,Will Mike Sacks be the Democratic nominee for NY-17?,Will Mike Sacks be the Democratic nominee for NY-17?,2172.058577,2026-06-24T01:48:45Z,127,19.72401574803151,47.5,70.07874015748031,62.99212598425197,56.69291338582677,3,"[1.0, 2.0, 1.0]"
2596802,KXWCGOAL-26JUN21ESPKSA-ESPDOLMO20-2,same,0,Sports,Dani Olmo: 2+ goals,Dani Olmo: 2+ goals,1316.7922609999996,2026-06-21T17:23:31Z,2,19.5,38.5,50.0,50.0,50.0,1,[1.0]
2493607,KXWCGOAL-26JUN17PORCOD-PORCRIS7-2,same,0,Sports,Cristiano Ronaldo: 2+ goals,Cristiano Ronaldo: 2+ goals,68685.46993899997,2026-06-17T19:25:55Z,2,19.5,28.999999999999996,100.0,100.0,50.0,1,[1.0]
2494291,KXWCGOAL-26JUN14GERCUW-GERFWIRTZ7-1,same,0,Sports,Florian Wirtz: 1+ goals,Florian Wirtz: 1+ goals,8417.339212,2026-06-14T19:10:17Z,2,19.5,22.000000000000004,100.0,100.0,100.0,0,[]
2156223,KXPGATOP10-TRC26-RMCI,same,0,Sports,Will Rory McIlroy finish in the Top 10 at the 2026 Truist Championship?,Truist Championship: Will Rory McIlroy finish top 10?,2709.2940740000004,2026-05-10T23:20:22Z,6,19.416666666666668,47.0,100.0,83.33333333333334,50.0,1,[1.0]
2662730,KXWCGOAL-26JUN26EGYIRI-EGYOMARMO7-2,same,0,Sports,Omar Marmoush: 2+ goals,Omar Marmoush: 2+ goals,1269.531237,2026-06-27T05:09:55Z,3,19.333333333333332,47.0,100.0,66.66666666666666,33.33333333333333,1,[1.0]
2625076,KXWCGOAL-26JUN23COLCOD-COLLDIAZ14-1,same,0,Sports,Luis Díaz: 1+ goals,Luis Diaz: 1+ goals,66241.470222,2026-06-24T04:04:38Z,3,19.333333333333332,33.0,100.0,100.0,100.0,0,[]
2711497,KXWCAST-26JUN29GERPAR-GERJMUSIA10-2,same,0,Sports,Jamal Musiala: 2+ assists,Jamal Musiala: 2+ assists?,1298.255058,2026-06-30T00:09:49Z,2,19.3,38.5,50.0,50.0,50.0,1,[1.0]
2493637,KXWCGOAL-26JUN17PORCOD-PORNMENDE25-1,same,0,Sports,Nuno Mendes: 1+ goals,Nuno Mendes: 1+ goals,2394.6041499999997,2026-06-17T18:35:24Z,2,19.25,38.0,50.0,50.0,50.0,1,[1.0]
2676428,KXWCGOAL-26JUN27COLPOR-PORCRIS7-2,same,0,Sports,Cristiano Ronaldo: 2+ goals,Cristiano Ronaldo: 2+ goals,55809.96807099996,2026-06-28T01:40:09Z,2,19.25,38.0,50.0,50.0,50.0,1,[1.0]
2520468,KXWCGOAL-26JUN18CZERSA-RSAIRAYNE15-1,same,0,Sports,Iqraam Rayners: 1+ goals,Iqraam Rayners: 1+ goals,1264.968943,2026-06-18T17:27:24Z,2,19.25,20.5,100.0,100.0,100.0,0,[]
2354865,KXPGATOP20-CHSC26-LGLO,same,0,Sports,Will Lucas Glover finish in the Top 20 at the 2026 Charles Schwab Challenge?,Charles Schwab Challenge: Will Lucas Glover finish top 20?,1336.6,2026-05-31T23:40:39Z,6,19.25,42.0,100.0,83.33333333333334,83.33333333333334,1,[1.0]
2374467,KXATPSETWINNER-26MAY29HALZVE-1-ZVE,inverse,0,Sports,Set 1 Winner: Halys vs Zverev,Will Alexander Zverev win set 1 in the Quentin Halys vs Alexander Zverev match,15198.352393999998,2026-05-29T20:34:33Z,2,19.000000000000004,37.0,50.0,50.0,50.0,1,[1.0]
2657677,KXWCGOAL-26JUN26SENIRQ-SENSMANE10-2,same,0,Sports,Sadio Mané: 2+ goals,Sadio Mane: 2+ goals,1321.703001,2026-06-26T21:14:44Z,2,19.0,35.5,100.0,50.0,50.0,1,[1.0]
2621594,KXWCGOAL-26JUN23ENGGHA-ENGHKANE9-2,same,0,Sports,Harry Kane: 2+ goals,Harry Kane: 2+ goals,116665.0638909997,2026-06-23T22:14:51Z,2,19.0,25.5,100.0,100.0,100.0,1,[1.0]
2662664,KXWCGOAL-26JUN26NZLBEL-BELCDEKE17-2,same,0,Sports,Charles De Ketelaere: 2+ goals,Charles De Ketelaere: 2+ goals,1696.457465,2026-06-27T04:47:20Z,3,18.833333333333332,43.5,100.0,66.66666666666666,33.33333333333333,1,[1.0]
2711853,KXWCAST-26JUN29GERPAR-GERJKIMMI6-2,same,0,Sports,Joshua Kimmich: 2+ assists,Joshua Kimmich: 2+ assists?,4916.360111999999,2026-06-30T00:09:49Z,2,18.825,36.5,50.0,50.0,50.0,1,[1.0]
2706478,KXWCAST-26JUN29NEDMAR-NEDCGAKPO18-2,same,0,Sports,Cody Gakpo: 2+ assists,Cody Gakpo: 2+ assists?,1597.4082389999999,2026-06-30T03:29:45Z,2,18.8,37.5,50.0,50.0,50.0,1,[1.0]
2529044,KXWCGOAL-26JUN19USAAUS-USAFBALOG9-2,same,0,Sports,Folarin Balogun: 2+ goals,Folarin Balogun: 2+ goals,15153.947791000006,2026-06-19T21:00:43Z,2,18.75,24.5,100.0,100.0,100.0,0,[]
2596808,KXWCGOAL-26JUN21ESPKSA-ESPLYAMAL10-2,same,0,Sports,Lamine Yamal: 2+ goals,Lamine Yamal: 2+ goals,66270.026768,2026-06-21T17:05:20Z,2,18.75,35.0,100.0,50.0,50.0,1,[1.0]
2653606,KXWCGOAL-26JUN25CUWCIV-CIVADIALL16-1,same,0,Sports,Amad Diallo: 1+ goals,Amad Diallo: 1+ goals,3539.9597170000006,2026-06-25T21:05:28Z,2,18.75,23.0,100.0,100.0,100.0,0,[]
2231906,KXPGATOP5-PGC26-MMCG,same,0,Sports,Will Max McGreevy finish in the Top 5 at the 2026 PGA Championship?,PGA Championship: Will Max McGreevy finish top 5?,1000.0,2026-05-16T00:26:29Z,4,18.599999999999998,48.5,75.0,75.0,75.0,1,[1.0]
2493751,KXWCGOAL-26JUN16ARGDZA-ARGLMESSI10-1,same,0,Sports,Lionel Messi: 1+ goals,Lionel Messi: 1+ goals,40623.93511100008,2026-06-17T01:24:11Z,2,18.5,26.5,100.0,100.0,100.0,1,[1.0]
2736553,KXWTASETWINNER-26JUL01SIEGAU-1-SIE,same,0,Sports,Set 1 Winner: Sierra vs Gauff,Will Solana Sierra win set 1 in the Solana Sierra vs Coco Gauff match,2152.1130430000003,2026-07-01T15:02:40Z,2,18.5,34.0,100.0,50.0,50.0,1,[1.0]
2736626,KXWTASETWINNER-26JUL01ALETAR-1-TAR,inverse,0,Sports,Set 1 Winner: Alexandrova vs Tararudee,Will Lanlana Tararudee win set 1 in the Ekaterina Alexandrova vs Lanlana Tararudee match,3768.664888,2026-07-01T18:02:32Z,2,18.5,33.5,100.0,50.0,50.0,1,[1.0]
2233616,KXMRBEASTMENTION-26MAY16-SPON,same,0,Mentions,"Will MrBeast say ""Sponsor"" or ""Sponsored"" or ""Sponsoring"" during his next YouTube video?",What will MrBeast say during Next MrBeast Youtube Video?,8253.278594,2026-05-16T18:01:18Z,2,18.5,19.0,100.0,100.0,100.0,0,[]
2493752,KXWCGOAL-26JUN16ARGDZA-ARGLMESSI10-2,same,0,Sports,Lionel Messi: 2+ goals,Lionel Messi: 2+ goals,23366.801407000006,2026-06-17T02:31:06Z,2,18.499999999999996,31.499999999999993,100.0,100.0,50.0,1,[1.0]
2231898,KXPGATOP5-PGC26-MIL,same,0,Sports,Will Mikael Lindberg finish in the Top 5 at the 2026 PGA Championship?,PGA Championship: Will Mikael Lindberg finish top 5?,1000.0,2026-05-18T00:20:39Z,6,18.458333333333332,48.0,83.33333333333334,83.33333333333334,83.33333333333334,1,[1.0]
2231829,KXPGATOP5-PGC26-RCAS,same,0,Sports,Will Ricky Castillo finish in the Top 5 at the 2026 PGA Championship?,PGA Championship: Will Ricky Castillo finish top 5?,1100.0,2026-05-16T00:26:23Z,4,18.425,48.5,75.0,75.0,75.0,1,[1.0]
2653724,KXWCGOAL-26JUN25ECUGER-GERFWIRTZ7-2,same,0,Sports,Florian Wirtz: 2+ goals,Florian Wirtz: 2+ goals,1519.1062329999997,2026-06-25T21:33:20Z,2,18.250000000000004,35.50000000000001,50.0,50.0,50.0,1,[1.0]
2374437,KXATPSETWINNER-26MAY29MICJOD-1-MIC,same,0,Sports,Set 1 Winner: Michelsen vs Jodar,Will Alex Michelsen win set 1 in the Alex Michelsen vs Rafael Jodar match,10460.646425,2026-05-29T12:06:35Z,2,18.25,34.0,100.0,50.0,50.0,1,[1.0]
2736624,KXWTASETWINNER-26JUL01ALETAR-2-TAR,inverse,0,Sports,Set 2 Winner: Alexandrova vs Tararudee,Will Lanlana Tararudee win set 2 in the Ekaterina Alexandrova vs Lanlana Tararudee match,2152.351368,2026-07-01T18:48:39Z,2,18.25,34.5,100.0,50.0,50.0,1,[1.0]
2640821,KXPGATOP20-TRAV26-JBRI,same,0,Sports,Will Jacob Bridgeman finish in the Top 20 at the 2026 Travelers Championship?,Travelers Championship: Will Jacob Bridgeman finish top 20?,1570.104,2026-06-29T14:20:03Z,6,18.183333333333334,63.1,83.33333333333334,66.66666666666666,50.0,1,[1.0]
2736554,KXWTASETWINNER-26JUL01SIEGAU-2-SIE,same,0,Sports,Set 2 Winner: Sierra vs Gauff,Will Solana Sierra win set 2 in the Solana Sierra vs Coco Gauff match,1367.5432309999999,2026-07-01T15:32:34Z,2,18.0,36.0,50.0,50.0,50.0,1,[1.0]
2493688,KXWCGOAL-26JUN17AUTJOR-AUTMSABIT20-2,same,0,Sports,Marcel Sabitzer: 2+ goals,Marcel Sabitzer: 2+ goals,3108.957812,2026-06-17T06:20:25Z,2,17.975,30.5,100.0,100.0,50.0,1,[1.0]
2231948,KXPGATOP10-PGC26-SFIS,same,0,Sports,Will Steven Fisk finish in the Top 10 at the 2026 PGA Championship?,PGA Championship: Will Steven Fisk finish top 10?,1100.0,2026-05-16T00:26:08Z,4,17.8125,47.5,75.0,75.0,75.0,1,[1.0]
2596803,KXWCGOAL-26JUN21ESPKSA-ESPDOLMO20-3,same,0,Sports,Dani Olmo: 3+ goals,Dani Olmo: 3+ goals,2002.664084,2026-06-21T17:23:32Z,2,17.775,34.0,50.0,50.0,50.0,1,[1.0]
2711502,KXWCAST-26JUN29GERPAR-GERKHAVER29-1,same,0,Sports,Kai Havertz: 1+ assists,Kai Havertz: 1+ assists?,2676.0147009999996,2026-06-30T00:09:50Z,2,17.75,35.0,50.0,50.0,50.0,1,[1.0]
2529045,KXWCGOAL-26JUN19USAAUS-USAFBALOG9-3,same,0,Sports,Folarin Balogun: 3+ goals,Folarin Balogun: 3+ goals,7967.711697,2026-06-19T21:00:43Z,2,17.7,18.95,100.0,100.0,100.0,0,[]
2620374,KXWCGOAL-26JUN23PORUZB-PORBFERNA8-3,same,0,Sports,Bruno Fernandes: 3+ goals,Bruno Fernandes: 3+ goals,1924.2136949999995,2026-06-23T19:04:50Z,2,17.574999999999996,34.349999999999994,50.0,50.0,50.0,1,[1.0]
2553684,KXPGATOP5-USO26-DTHO,same,0,Sports,Will Davis Thompson finish in the Top 5 at the 2026 U.S. Open?,U.S. Open: Will Davis Thompson finish top 5?,1190.0,2026-06-20T01:12:18Z,4,17.5125,47.5,50.0,50.0,50.0,1,[1.0]
2294481,KXPGATOP10-THCCBN26-SSCH,same,0,Sports,Will Scottie Scheffler finish in the Top 10 at the 2026 THE CJ CUP Byron Nelson?,THE CJ CUP Byron Nelson: Will Scottie Scheffler finish top 10?,1879.551321000001,2026-05-25T01:01:59Z,6,17.500000000000004,31.500000000000007,100.0,100.0,50.0,1,[1.0]
2493951,KXWCGOAL-26JUN15KSAURU-URUDNUNEZ7-2,same,0,Sports,Darwin Núñez: 2+ goals,Darwin Nunez: 2+ goals,2616.8373980000006,2026-06-15T23:10:11Z,2,17.5,32.5,100.0,50.0,50.0,1,[1.0]
2494062,KXWCGOAL-26JUN15ESPCPV-CPVDLIVRA14-1,same,0,Sports,Dailon Livramento: 1+ goals,Dailon Livramento: 1+ goals,1789.321163,2026-06-15T17:21:25Z,2,17.5,35.0,50.0,50.0,50.0,1,[1.0]
2494156,KXWCGOAL-26JUN14SWETUN-SWEVGYOKE14-2,same,0,Sports,Viktor Gyökeres: 2+ goals,Viktor Gyokeres: 2+ goals,1829.0411839999995,2026-06-15T04:14:53Z,3,17.5,28.000000000000004,100.0,100.0,66.66666666666666,1,[1.0]
2324369,KXINDYCARRACE-INDY50026-MAAR,same,0,Sports,Will Marcus Armstrong win the 2026 Indianapolis 500?,Will Marcus Armstrong be the Indianapolis 500 winner?,1233.632912,2026-05-24T20:34:08Z,3,17.5,47.5,66.66666666666666,33.33333333333333,33.33333333333333,1,[1.0]
2711822,KXWCGOAL-26JUN29GERPAR-GERJKIMMI6-1,same,0,Sports,Joshua Kimmich: 1+ goals,Joshua Kimmich: 1+ goals,3248.165107,2026-06-29T23:39:49Z,2,17.5,34.5,50.0,50.0,50.0,1,[1.0]
2471363,KXPGATOP5-RBBCAN26-JVAN,same,0,Sports,Will John Vanderlaan finish in the Top 5 at the 2026 RBC Canadian Open?,RBC Canadian Open: Will John VanDerLaan finish top 5?,1116.0049949999998,2026-06-13T00:10:44Z,4,17.4875,48.5,50.0,50.0,50.0,1,[1.0]
2232107,KXPGATOP20-PGC26-PAM,same,0,Sports,Will Paul McClure finish in the Top 20 at the 2026 PGA Championship?,PGA Championship: Will Paul McClure finish top 20?,1105.0,2026-05-16T00:26:03Z,4,17.4375,49.1,75.0,75.0,50.0,0,[]
2632775,KXWCGOAL-26JUN23COLCOD-CODYWISSA9-1,same,0,Sports,Yoane Wissa: 1+ goals,Yoane Wissa: 1+ goals,2865.9215079999994,2026-06-24T04:04:39Z,2,17.25,19.499999999999996,100.0,100.0,100.0,0,[]
2493753,KXWCGOAL-26JUN16ARGDZA-ARGLMESSI10-3,same,0,Sports,Lionel Messi: 3+ goals,Lionel Messi: 3+ goals,17220.573312999994,2026-06-17T02:41:45Z,2,17.25,29.5,100.0,50.0,50.0,1,[1.0]
2736439,KXATPSETWINNER-26JUL01MOCQUI-1-QUI,inverse,0,Sports,Set 1 Winner: Mochizuki vs Quinn,Will Ethan Quinn win set 1 in the Shintaro Mochizuki vs Ethan Quinn match,3032.324992,2026-07-01T15:32:24Z,2,17.25,29.500000000000004,100.0,50.0,50.0,1,[1.0]
2736313,KXATPSETWINNER-26JUL01AUGPRI-1-PRI,inverse,0,Sports,Set 1 Winner: Auger-Aliassime vs Prizmic,Will Dino Prizmic win set 1 in the Felix Auger-Aliassime vs Dino Prizmic match,3505.510993,2026-07-01T18:02:23Z,2,17.249999999999993,31.499999999999993,100.0,50.0,50.0,1,[1.0]
2625078,KXWCGOAL-26JUN23COLCOD-COLLDIAZ14-3,same,0,Sports,Luis Díaz: 3+ goals,Luis Diaz: 3+ goals,8520.894127,2026-06-24T04:04:38Z,3,17.233333333333334,32.2,66.66666666666666,66.66666666666666,66.66666666666666,1,[1.0]
2446563,KXNCAABASEBALL-26-OKLA,same,0,Sports,Will Oklahoma win the 2026 College World Series?,Will Oklahoma win the College Baseball World Series?,89937.57543599993,2026-06-23T03:10:19Z,17,17.21764705882353,41.550000000000004,76.47058823529412,64.70588235294117,64.70588235294117,2,"[3.0, 1.0]"
2294582,KXPGATOP20-THCCBN26-WKIM,same,0,Sports,Will Si Woo Kim finish in the Top 20 at the 2026 THE CJ CUP Byron Nelson?,THE CJ CUP Byron Nelson: Will Si Woo Kim finish top 20?,1194.1973,2026-05-25T01:02:24Z,6,17.08333333333333,32.49999999999999,100.0,83.33333333333334,66.66666666666666,1,[1.0]
2232054,KXPGATOP20-PGC26-CHG,same,0,Sports,Will Chris Gabriele finish in the Top 20 at the 2026 PGA Championship?,PGA Championship: Will Chris Gabriele finish top 20?,1060.0125,2026-05-16T00:26:00Z,4,17.0375,48.55,75.0,75.0,50.0,0,[]
2596814,KXWCGOAL-26JUN21ESPKSA-ESPMOYARZ10-2,same,0,Sports,Mikel Oyarzabal: 2+ goals,Mikel Oyarzabal: 2+ goals,6129.150949999999,2026-06-21T16:29:45Z,2,17.0,30.5,100.0,50.0,50.0,1,[1.0]
2633993,KXWCGOAL-26JUN24MARHTI-MARBDIAZ21-1,same,0,Sports,Brahim Díaz: 1+ goals,Brahim Diaz: 1+ goals,6050.423909999999,2026-06-24T23:33:18Z,2,17.0,17.999999999999996,100.0,100.0,100.0,0,[]
2736243,KXATPSETWINNER-26JUL01TSIDJO-2-TSI,same,0,Sports,Set 2 Winner: Tsitsipas vs Djokovic,Will Stefanos Tsitsipas win set 2 in the Stefanos Tsitsipas vs Novak Djokovic match,4322.663409000001,2026-07-01T20:06:35Z,2,17.0,33.5,50.0,50.0,50.0,1,[1.0]
2411718,KXPGATOP20-THMTPBW26-JTHO,same,0,Sports,Will Justin Thomas finish in the Top 20 at the 2026 the Memorial Tournament presented by Workday?,The Memorial Tournament: Will Justin Thomas finish top 20?,2897.57,2026-06-07T23:40:22Z,6,16.833333333333332,37.5,100.0,100.0,66.66666666666666,1,[3.0]
2232067,KXPGATOP20-PGC26-ZAH,same,0,Sports,Will Zach Haynes finish in the Top 20 at the 2026 PGA Championship?,PGA Championship: Will Zach Haynes finish top 20?,1136.3,2026-05-16T00:26:01Z,4,16.7875,48.55,75.0,75.0,50.0,0,[]
2493657,KXWCGOAL-26JUN17PORCOD-PORVITI17-1,same,0,Sports,Vitinha: 1+ goals,Vitinha: 1+ goals,1890.9675479999999,2026-06-17T18:47:22Z,2,16.75,27.999999999999996,100.0,100.0,50.0,1,[1.0]
2736241,KXATPSETWINNER-26JUL01TSIDJO-1-TSI,same,0,Sports,Set 1 Winner: Tsitsipas vs Djokovic,Will Stefanos Tsitsipas win set 1 in the Stefanos Tsitsipas vs Novak Djokovic match,37758.44372299998,2026-07-01T19:31:55Z,2,16.75,31.999999999999996,50.0,50.0,50.0,1,[1.0]
2711851,KXWCAST-26JUN29GERPAR-GERJKIMMI6-1,same,0,Sports,Joshua Kimmich: 1+ assists,Joshua Kimmich: 1+ assists?,8472.344877000001,2026-06-30T00:09:49Z,2,16.75,30.0,100.0,50.0,50.0,1,[1.0]
2324361,KXINDYCARRACE-INDY50026-CODA,same,0,Sports,Will Conor Daly win the 2026 Indianapolis 500?,Will Conor Daly be the Indianapolis 500 winner?,7245.222109,2026-05-24T20:34:08Z,3,16.683333333333334,43.5,100.0,33.33333333333333,33.33333333333333,1,[1.0]
2294591,KXPGATOP20-THCCBN26-WCLA,same,0,Sports,Will Wyndham Clark finish in the Top 20 at the 2026 THE CJ CUP Byron Nelson?,THE CJ CUP Byron Nelson: Will Wyndham Clark finish top 20?,1205.0,2026-05-25T01:02:24Z,6,16.666666666666668,25.0,100.0,100.0,100.0,0,[]
2232062,KXPGATOP20-PGC26-JGUM,same,0,Sports,Will Jordan Gumberg finish in the Top 20 at the 2026 PGA Championship?,PGA Championship: Will Jordan Gumberg finish top 20?,1086.6399999999999,2026-05-16T00:25:57Z,4,16.6375,49.5,75.0,75.0,50.0,1,[1.0]
2553690,KXPGATOP5-USO26-JSCH,same,0,Sports,Will Jayden Schaper finish in the Top 5 at the 2026 U.S. Open?,U.S. Open: Will Jayden Trey Schaper finish top 5?,1358.4814999999999,2026-06-20T01:12:12Z,4,16.6125,47.5,50.0,50.0,50.0,1,[1.0]
2494436,KXWCGOAL-26JUN13HTISCO-SCOSMCTOM8-1,same,0,Sports,Scott McTominay: 1+ goals,Scott Mctominay: 1+ goals,3364.975115,2026-06-14T05:04:53Z,3,16.5,35.5,100.0,66.66666666666666,66.66666666666666,1,[1.0]
2632613,KXWCGOAL-26JUN24BIHQAT-BIHEDEMIR9-1,same,0,Sports,Ermedin Demirović: 1+ goals,Ermedin Demirovic: 1+ goals,2073.6508940000003,2026-06-24T21:20:18Z,2,16.5,17.0,100.0,100.0,100.0,0,[]
2662722,KXWCGOAL-26JUN26EGYIRI-EGYMSALAH11-2,same,0,Sports,Mohamed Salah: 2+ goals,Mohamed Salah: 2+ goals,6983.650929,2026-06-27T04:21:21Z,3,16.416666666666668,43.0,66.66666666666666,66.66666666666666,33.33333333333333,1,[1.0]
2553686,KXPGATOP5-USO26-LHER,same,0,Sports,Will Lucas Herbert finish in the Top 5 at the 2026 U.S. Open?,U.S. Open: Will Lucas Herbert finish top 5?,1395.92,2026-06-20T01:12:08Z,4,16.275,46.95,50.0,50.0,50.0,1,[1.0]
2541196,KXWCAST-26JUN16ARGDZA-ARGLMESSI10-1,same,0,Sports,Lionel Messi: 1+ assists,Lionel Messi: 1+ assists?,10297.83501100001,2026-06-17T02:43:20Z,2,16.25,24.5,100.0,100.0,50.0,1,[1.0]
2553665,KXPGATOP5-USO26-DBER,same,0,Sports,Will Daniel Berger finish in the Top 5 at the 2026 U.S. Open?,U.S. Open: Will Daniel Berger finish top 5?,1349.79,2026-06-20T01:12:06Z,3,16.23333333333333,47.54999999999999,33.33333333333333,33.33333333333333,33.33333333333333,0,[]
704092,KXNE2D-26-MJOH,same,0,Elections,Will Mark Johnston be the Democratic nominee for NE-02?,Will Mark Johnston be the Democratic nominee for NE-2?,5764.75668,2026-05-14T01:17:27Z,123,16.211382113821138,41.5,78.04878048780488,66.66666666666666,59.34959349593496,9,"[1.0, 5.0, 1.0, 1.0, 1.0, 1.0, 1.0, 1.0, 1.0]"
2324367,KXINDYCARRACE-INDY50026-HECA,same,0,Sports,Will Helio Castroneves win the 2026 Indianapolis 500?,Will Helio Castroneves be the Indianapolis 500 winner?,2031.7394000000002,2026-05-24T20:34:08Z,3,16.166666666666668,46.5,33.33333333333333,33.33333333333333,33.33333333333333,1,[1.0]
2309971,KXCS2QUALIFIERS-26IEMCOLPO-NAVI,same,0,Sports,Will Natus Vincere qualify to the IEM Cologne 2026 playoffs?,Will Natus Vincere qualify for the playoffs at 2026 IEM Cologne?,7592.633587999998,2026-06-16T00:35:37Z,7,16.071428571428573,58.5,71.42857142857143,71.42857142857143,42.857142857142854,2,"[1.0, 2.0]"
2620373,KXWCGOAL-26JUN23PORUZB-PORBFERNA8-2,same,0,Sports,Bruno Fernandes: 2+ goals,Bruno Fernandes: 2+ goals,8125.339652,2026-06-23T19:04:50Z,2,16.000000000000004,28.000000000000004,100.0,50.0,50.0,1,[1.0]
2736292,KXATPSETWINNER-26JUL01DAVMAR-2-MAR,inverse,0,Sports,Set 2 Winner: Fokina vs Marozsan,Will Fabian Marozsan win set 2 in the Alejandro Davidovich Fokina vs Fabian Marozsan match,5281.44,2026-07-01T13:03:00Z,2,16.000000000000004,29.500000000000004,100.0,50.0,50.0,1,[1.0]
2494097,KXWCGOAL-26JUN15ESPCPV-ESPPEDR8-1,same,0,Sports,Pedri: 1+ goals,Pedri: 1+ goals,4652.434817000001,2026-06-15T18:50:20Z,2,15.999999999999998,27.999999999999996,100.0,50.0,50.0,1,[1.0]
2354844,KXPGATOP20-CHSC26-HLI,same,0,Sports,Will Hao-Tong Li finish in the Top 20 at the 2026 Charles Schwab Challenge?,Charles Schwab Challenge: Will Hao-Tong Li finish top 20?,1239.571359,2026-05-30T00:31:39Z,4,15.999999999999998,27.999999999999996,100.0,100.0,50.0,1,[1.0]
2608355,KXISLGAME-26JUN211350HTAMTA-MTA,same,0,Sports,Maccabi Tel-Aviv vs. Hapoel Tel-Aviv,Hapoel Tel-Aviv vs Maccabi Tel-Aviv Winner?,38183.48607899994,2026-06-21T20:00:59Z,2,15.999999999999991,29.999999999999993,50.0,50.0,50.0,1,[1.0]
2553640,KXPGATOP5-USO26-ANOR,same,0,Sports,Will Alexander Noren finish in the Top 5 at the 2026 U.S. Open?,U.S. Open: Will Alex Noren finish top 5?,1528.2062799999999,2026-06-20T01:12:10Z,3,15.983333333333334,43.95,66.66666666666666,33.33333333333333,33.33333333333333,0,[]
2354746,KXPGATOP10-CHSC26-MBRE,same,0,Sports,Will Michael Brennan finish in the Top 10 at the 2026 Charles Schwab Challenge?,Charles Schwab Challenge: Will Michael Brennan finish top 10?,2223.849666,2026-05-31T23:40:10Z,6,15.916666666666666,39.0,100.0,83.33333333333334,66.66666666666666,1,[1.0]
1835809,KXANIMEBVAPJ-26-DAI,same,0,Entertainment,Will Daiki Yamashita as Izuku Midoriya (My Hero Academia FINAL SEASON) win Best Anime Voice Artist Performance (Japanese) at the 2026 Crunchyroll Anime Awards?,2026 Crunchyroll Anime Award for Best Anime Voice Artist Performance (Japanese)?,1061.4920000000002,2026-05-23T15:51:42Z,12,15.895833333333334,38.99999999999999,83.33333333333334,50.0,50.0,3,"[2.0, 2.0, 1.0]"
2640836,KXPGATOP20-TRAV26-JDAY,same,0,Sports,Will Jason Day finish in the Top 20 at the 2026 Travelers Championship?,Travelers Championship: Will Jason Day finish top 20?,1153.616766,2026-06-29T14:20:05Z,6,15.883333333333333,70.8,66.66666666666666,50.0,33.33333333333333,1,[1.0]
2662676,KXWCGOAL-26JUN26NZLBEL-BELJDOKU11-2,same,0,Sports,Jeremy Doku: 2+ goals,Jeremy Doku: 2+ goals,3707.566568,2026-06-27T04:19:44Z,3,15.833333333333334,40.5,66.66666666666666,66.66666666666666,33.33333333333333,1,[1.0]
2553840,KXPGATOP10-USO26-JKEE,same,0,Sports,Will Johnny Keefer finish in the Top 10 at the 2026 U.S. Open?,U.S. Open: Will John Keefer finish top 10?,1656.4722299999999,2026-06-22T00:19:55Z,6,15.799999999999999,46.0,50.0,50.0,33.33333333333333,1,[2.0]
2483847,KXATPSETWINNER-26JUN10HIJTIA-1-TIA,inverse,0,Sports,Set 1 Winner: Hijikata vs Tiafoe,Will Frances Tiafoe win set 1 in the Rinky Hijikata vs Frances Tiafoe match,1801.4871009999997,2026-06-11T11:35:46Z,2,15.750000000000002,26.5,100.0,100.0,50.0,1,[1.0]
2598914,KXWCGOAL-26JUN21BELIRI-BELKDEBR11-2,same,0,Sports,Kevin De Bruyne: 2+ goals,Kevin De Bruyne: 2+ goals,5406.257019000002,2026-06-21T20:53:23Z,2,15.749999999999998,24.999999999999996,100.0,100.0,50.0,1,[1.0]
2483840,KXATPSETWINNER-26JUN10LEHDUC-1-LEH,same,0,Sports,Set 1 Winner: Lehecka vs Duckworth,Will Jiri Lehecka win set 1 in the Jiri Lehecka vs James Duckworth match,1844.992614,2026-06-11T12:01:04Z,2,15.749999999999996,30.500000000000004,50.0,50.0,50.0,1,[1.0]
2231910,KXPGATOP5-PGC26-SMIC,same,0,Sports,Will Shaun Micheel finish in the Top 5 at the 2026 PGA Championship?,PGA Championship: Will Shaun Micheel finish top 5?,1982.385104,2026-05-16T00:26:25Z,4,15.7,49.0,50.0,50.0,50.0,1,[1.0]
2231967,KXPGATOP10-PGC26-ZAH,same,0,Sports,Will Zach Haynes finish in the Top 10 at the 2026 PGA Championship?,PGA Championship: Will Zach Haynes finish top 10?,1042.2879460000001,2026-05-16T00:26:16Z,4,15.649999999999999,50.05,50.0,50.0,50.0,1,[1.0]
2632776,KXWCGOAL-26JUN23COLCOD-CODYWISSA9-2,same,0,Sports,Yoane Wissa: 2+ goals,Yoane Wissa: 2+ goals,1586.6856010000001,2026-06-24T04:04:39Z,2,15.524999999999999,30.15,50.0,50.0,50.0,1,[1.0]
2625077,KXWCGOAL-26JUN23COLCOD-COLLDIAZ14-2,same,0,Sports,Luis Díaz: 2+ goals,Luis Diaz: 2+ goals,6936.748849,2026-06-24T04:04:38Z,3,15.5,24.000000000000004,100.0,100.0,66.66666666666666,1,[1.0]
2520575,KXWCGOAL-26JUN17GHAPAN-GHAASEMEN42-2,same,0,Sports,Antoine Semenyo: 2+ goals,Antoine Semenyo: 2+ goals,3446.8572659999995,2026-06-18T01:14:49Z,2,15.5,29.5,50.0,50.0,50.0,1,[1.0]
2294583,KXPGATOP20-THCCBN26-JSPI,same,0,Sports,Will Jordan Spieth finish in the Top 20 at the 2026 THE CJ CUP Byron Nelson?,THE CJ CUP Byron Nelson: Will Jordan Spieth finish top 20?,2247.011341,2026-05-25T01:02:19Z,6,15.333333333333336,25.0,100.0,83.33333333333334,66.66666666666666,1,[1.0]
2573697,KXWCGOAL-26JUN19TURPAR-TURAGULER15-2,same,0,Sports,Arda Güler: 2+ goals,Arda Guler: 2+ goals,4913.05192,2026-06-20T06:04:52Z,3,15.283333333333333,45.0,33.33333333333333,33.33333333333333,33.33333333333333,1,[1.0]
2644584,KXATPSETWINNER-26JUN24WALDAV-1-WAL,same,0,Sports,Set 1 Winner: Walton vs Fokina,Will Adam Walton win set 1 in the Adam Walton vs Alejandro Davidovich Fokina match,1998.8877310000003,2026-06-24T13:56:47Z,2,15.250000000000002,29.500000000000004,50.0,50.0,50.0,1,[1.0]
2572137,KXWCGOAL-26JUN19BRAHTI-BRARAPH11-1,same,0,Sports,Raphinha: 1+ goals,Raphinha: 1+ goals,22688.423852000007,2026-06-20T01:11:26Z,2,15.25,28.500000000000004,50.0,50.0,50.0,1,[1.0]
2493605,KXWCGOAL-26JUN17PORCOD-PORCRIS7-1,same,0,Sports,Cristiano Ronaldo: 1+ goals,Cristiano Ronaldo: 1+ goals,669663.3179919975,2026-06-17T19:25:55Z,2,15.25,24.500000000000004,100.0,100.0,50.0,1,[1.0]
2736270,KXATPSETWINNER-26JUL01MEJZHE-1-ZHE,inverse,0,Sports,Set 1 Winner: Mejia vs Zheng,Will Michael Zheng win set 1 in the Nicolas Mejia vs Michael Zheng match,2129.8693649999996,2026-07-01T12:47:16Z,2,15.25,29.000000000000004,50.0,50.0,50.0,1,[1.0]
2667240,KXWCAST-26JUN26URUESP-ESPLYAMAL10-1,same,0,Sports,Lamine Yamal: 1+ assists,Lamine Yamal: 1+ assists?,11956.360319000003,2026-06-27T01:41:25Z,2,15.249999999999998,21.499999999999996,100.0,100.0,50.0,1,[1.0]
2494305,KXWCGOAL-26JUN14GERCUW-GERKHAVER29-1,same,0,Sports,Kai Havertz: 1+ goals,Kai Havertz: 1+ goals,47660.01459900006,2026-06-14T19:10:18Z,2,15.249999999999996,22.499999999999996,100.0,100.0,50.0,0,[]
2294465,KXPGATOP5-THCCBN26-JSTA,same,0,Sports,Will Jimmy Stanger finish in the Top 5 at the 2026 THE CJ CUP Byron Nelson?,THE CJ CUP Byron Nelson: Will Jimmy Stanger finish top 5?,1141.0,2026-05-23T01:11:16Z,4,15.2375,17.45,100.0,100.0,100.0,0,[]
2553682,KXPGATOP5-USO26-SYEL,same,0,Sports,Will Sudarshan Yellamaraju finish in the Top 5 at the 2026 U.S. Open?,U.S. Open: Will Sudarshan Yellamaraju finish top 5?,2292.21,2026-06-20T01:12:13Z,4,15.237499999999999,47.449999999999996,50.0,50.0,50.0,1,[1.0]
2354884,KXPGATOP20-CHSC26-AEWA,same,0,Sports,Will A.J. Ewart finish in the Top 20 at the 2026 Charles Schwab Challenge?,Charles Schwab Challenge: Will A.J. Ewart finish top 20?,2139.89,2026-05-31T23:40:28Z,6,15.166666666666666,33.5,100.0,100.0,66.66666666666666,1,[1.0]
2553661,KXPGATOP5-USO26-JKNA,same,0,Sports,Will Jake Knapp finish in the Top 5 at the 2026 U.S. Open?,U.S. Open: Will Jake Knapp finish top 5?,1868.7779999999998,2026-06-20T01:12:09Z,4,15.125,45.0,50.0,50.0,50.0,1,[1.0]
2471505,KXPGATOP20-RBBCAN26-APUT,same,0,Sports,Will Andrew Putnam finish in the Top 20 at the 2026 RBC Canadian Open?,RBC Canadian Open: Will Andrew Putnam finish top 20?,3330.173295,2026-06-13T00:10:22Z,4,15.125,28.000000000000004,100.0,75.0,50.0,0,[]
2731466,KXPGATOUR-JODC26-PROD,same,0,Sports,Will Patrick Rodgers win the 2026 John Deere Classic?,Will Patrick Rodgers win the John Deere Classic?,18941.399999999998,2026-07-02T14:50:02Z,3,15.116666666666667,44.4,33.33333333333333,33.33333333333333,33.33333333333333,0,[]
2614771,KXWCAST-26JUN22FRAIRQ-FRAKMBAPP10-2,same,0,Sports,Kylian Mbappé: 2+ assists,Kylian Mbappe: 2+ assists?,4754.825062,2026-06-23T00:45:23Z,2,15.05,30.0,50.0,50.0,50.0,1,[1.0]
2736641,KXWTASETWINNER-26JUL01KREAND-2-KRE,same,0,Sports,Set 2 Winner: Krejcikova vs Andreeva,Will Barbora Krejcikova win set 2 in the Barbora Krejcikova vs Mirra Andreeva match,3433.205683,2026-07-01T17:32:27Z,2,15.000000000000004,28.000000000000004,100.0,50.0,50.0,1,[1.0]
2520476,KXWCGOAL-26JUN18CZERSA-CZELKREJC18-1,same,0,Sports,Ladislav Krejčí: 1+ goals,Ladislav Krejci: 1+ goals,5491.210348999999,2026-06-18T18:04:51Z,2,15.000000000000002,28.500000000000004,50.0,50.0,50.0,1,[1.0]
2641121,KXATPSETWINNER-26JUN24NARVIR-1-VIR,inverse,0,Sports,Set 1 Winner: Nardi vs Virtanen,Will Otto Virtanen win set 1 in the Luca Nardi vs Otto Virtanen match,1149.1963379999997,2026-06-24T15:11:53Z,2,15.000000000000002,28.500000000000004,50.0,50.0,50.0,1,[1.0]
2486800,KXWCGOAL-26JUN13QATSUI-SUIDNDOYE14-2,same,0,Sports,Dan Ndoye: 2+ goals,Dan Ndoye: 2+ goals,1187.8904440000001,2026-06-13T20:33:23Z,2,15.000000000000002,28.000000000000004,50.0,50.0,50.0,1,[1.0]
2520648,KXWCGOAL-26JUN17ENGCRO-CROIPERIS5-1,same,0,Sports,Ivan Perišić: 1+ goals,Ivan Perisic: 1+ goals,4407.410760000001,2026-06-17T22:20:30Z,2,15.0,29.5,50.0,50.0,50.0,1,[1.0]
2586844,KXWCGOAL-26JUN20GERCIV-GERKHAVER29-1,same,0,Sports,Kai Havertz: 1+ goals,Kai Havertz: 1+ goals,23623.318607999954,2026-06-20T21:47:25Z,2,15.0,15.500000000000004,100.0,100.0,100.0,0,[]
2520606,KXWCGOAL-26JUN17GHAPAN-GHAJAYEWNA-2,same,0,Sports,Jordan Ayew: 2+ goals,Jordan Ayew: 2+ goals,4018.444565,2026-06-18T00:50:08Z,2,14.999999999999998,28.499999999999996,50.0,50.0,50.0,1,[1.0]
2493592,KXWCGOAL-26JUN17PORCOD-PORBFERNA8-2,same,0,Sports,Bruno Fernandes: 2+ goals,Bruno Fernandes: 2+ goals,5539.181831999999,2026-06-17T19:25:55Z,2,14.95,28.999999999999996,50.0,50.0,50.0,1,[1.0]
2431094,KXNHLSERIESSCORE-26VGKCARFIN-CAR41,same,0,Sports,Will Hurricanes win the 2026 Stanley Cup 4-1 be the exact series outcome?,Will Carolina Hurricanes win 4-1 in the Vegas Golden Knights vs Carolina Hurricanes Stanley Cup series in the 2026 NHL Playoffs?,1211.13,2026-06-07T04:32:27Z,4,14.875,36.5,100.0,50.0,50.0,1,[1.0]
2433490,KXCS2QUALIFIERS-26IEMCOLFIN-MGLZ,same,0,Sports,Will The MongolZ reach the Grand Final at IEM Cologne Major 2026?,Will The Mongolz qualify for the Grand Final at 2026 IEM Cologne?,5023.353887,2026-06-16T00:33:22Z,3,14.766666666666666,22.900000000000002,66.66666666666666,66.66666666666666,66.66666666666666,0,[]
2520821,KXWCGOAL-26JUN16ARGDZA-ARGLMARTI10-1,same,0,Sports,Lautaro Martínez: 1+ goals,Lautaro Martinez: 1+ goals,19768.801179999995,2026-06-17T02:20:19Z,2,14.750000000000002,15.000000000000002,100.0,100.0,100.0,0,[]
2354847,KXPGATOP20-CHSC26-MKIM,same,0,Sports,Will Michael Kim finish in the Top 20 at the 2026 Charles Schwab Challenge?,Charles Schwab Challenge: Will Michael Kim finish top 20?,2297.2,2026-05-31T23:40:40Z,6,14.75,32.0,100.0,83.33333333333334,50.0,1,[1.0]
2493721,KXWCGOAL-26JUN16ARGDZA-ARGAMACA10-1,same,0,Sports,Alexis Mac Allister: 1+ goals,Alexis Mac Allister: 1+ goals,1019.7223150000001,2026-06-17T03:10:14Z,2,14.75,27.0,100.0,50.0,50.0,1,[1.0]
2734826,KXWCAST-26JUN30MEXECU-ECUPVITE15-1,same,0,Sports,Pedro Porro: 1+ assists,Pedro Vite: 1+ assists?,1667.427263,2026-07-01T04:09:45Z,2,14.75,16.5,100.0,100.0,100.0,0,[]
2634258,KXWTASETWINNER-26JUN22STAZAK-2-ZAK,inverse,0,Sports,Set 2 Winner: Starodubtseva vs Zakharova,Will Anastasia Zakharova win set 2 in the Yuliia Starodubtseva vs Anastasia Zakharova match,4920.0,2026-06-23T12:05:00Z,2,14.75,27.499999999999996,100.0,50.0,50.0,1,[1.0]
2585702,KXATPSETWINNER-26JUN18DENAK-1-NAK,inverse,0,Sports,Set 1 Winner: Minaur vs Nakashima,Will Brandon Nakashima win set 1 in the Alex de Minaur vs Brandon Nakashima match,2067.1370679999995,2026-06-19T11:41:06Z,2,14.75,29.5,50.0,50.0,50.0,1,[1.0]
2553615,KXPGATOP5-USO26-BKOE,same,0,Sports,Will Brooks Koepka finish in the Top 5 at the 2026 U.S. Open?,U.S. Open: Will Brooks Koepka finish top 5?,1485.83,2026-06-20T01:12:09Z,4,14.75,42.0,75.0,50.0,50.0,1,[1.0]
2596816,KXWCGOAL-26JUN21ESPKSA-ESPNWILLI10-1,same,0,Sports,Nico Williams: 1+ goals,Nico Williams: 1+ goals,7609.304474999996,2026-06-21T18:10:36Z,2,14.75,17.5,100.0,100.0,100.0,0,[]
2692821,KXWCGOAL-26JUN27DZAAUT-AUTMSABIT20-2,same,0,Sports,Marcel Sabitzer: 2+ goals,Marcel Sabitzer: 2+ goals,1417.8708109999998,2026-06-28T04:30:00Z,2,14.749999999999998,27.499999999999996,50.0,50.0,50.0,1,[1.0]
2667246,KXWCAST-26JUN26URUESP-ESPPEDR8-1,same,0,Sports,Pedri: 1+ assists,Pedri: 1+ assists?,1113.202525,2026-06-27T01:23:21Z,2,14.749999999999998,28.999999999999996,50.0,50.0,50.0,1,[1.0]
2232071,KXPGATOP20-PGC26-JHIG,same,0,Sports,Will Joe Highsmith finish in the Top 20 at the 2026 PGA Championship?,PGA Championship: Will Joe Highsmith finish top 20?,1100.0,2026-05-16T00:25:54Z,4,14.724999999999998,46.0,75.0,50.0,25.0,1,[1.0]
2520635,KXWCGOAL-26JUN17ENGCRO-ENGDRICE41-1,same,0,Sports,Declan Rice: 1+ goals,Declan Rice: 1+ goals,7807.723891000002,2026-06-17T21:35:29Z,2,14.500000000000002,27.500000000000004,50.0,50.0,50.0,1,[1.0]
2355897,KXWTASETWINNER-26MAY27STARYB-1-STA,same,0,Sports,Set 1 Winner: Starodubtseva vs Rybakina,Will Yuliia Starodubtseva win set 1 in the Yuliia Starodubtseva vs Elena Rybakina match,2661.87417,2026-05-27T14:14:03Z,2,14.500000000000002,27.500000000000004,50.0,50.0,50.0,1,[1.0]
2297323,KXATPSETWINNER-26MAY19FAUCLA-1-FAU,same,0,Sports,Set 1 Winner: Faurel vs Clarke,Will Thomas Faurel win set 1 in the Thomas Faurel vs Jay Clarke match,3146.757451,2026-05-20T09:15:29Z,2,14.500000000000002,28.000000000000004,50.0,50.0,50.0,1,[1.0]
2736637,KXWTASETWINNER-26JUL01KREAND-1-KRE,same,0,Sports,Set 1 Winner: Krejcikova vs Andreeva,Will Barbora Krejcikova win set 1 in the Barbora Krejcikova vs Mirra Andreeva match,3129.4097970000003,2026-07-01T16:32:33Z,2,14.500000000000002,28.000000000000004,50.0,50.0,50.0,1,[1.0]
2661627,KXWCGOAL-26JUN26URUESP-ESPLYAMAL10-1,same,0,Sports,Lamine Yamal: 1+ goals,Lamine Yamal: 1+ goals,95356.160431,2026-06-27T01:41:24Z,2,14.5,16.0,100.0,100.0,100.0,0,[]
2494092,KXWCGOAL-26JUN15ESPCPV-ESPMOYARZ10-2,same,0,Sports,Mikel Oyarzabal: 2+ goals,Mikel Oyarzabal: 2+ goals,4047.8037580000014,2026-06-15T18:50:19Z,2,14.5,24.5,100.0,50.0,50.0,1,[1.0]
2374409,KXATPSETWINNER-26MAY29DEMEN-1-MEN,inverse,0,Sports,Set 1 Winner: Minaur vs Mensik,Will Jakub Mensik win set 1 in the Alex de Minaur vs Jakub Mensik match,2358.3330229999997,2026-05-29T16:16:51Z,2,14.499999999999996,28.000000000000004,50.0,50.0,50.0,1,[1.0]
2553774,KXPGATOP10-USO26-KKIT,same,0,Sports,Will Kurt Kitayama finish in the Top 10 at the 2026 U.S. Open?,U.S. Open: Will Kurt Kitayama finish top 10?,1098.62,2026-06-22T00:19:55Z,6,14.483333333333334,35.0,100.0,50.0,50.0,1,[1.0]
2244556,KXRT-OBS-95,same,1,Entertainment,"Will ""Obsession"" score at least 95 on the Rotten Tomatoes Tomatometer?",Obsession Rotten Tomatoes score?,1777.041669,2026-05-18T14:00:00Z,6,14.333333333333334,25.5,83.33333333333334,66.66666666666666,66.66666666666666,2,"[1.0, 2.0]"
2644459,KXATPSETWINNER-26JUN24GAUSEA-1-SEA,inverse,0,Sports,Set 1 Winner: Gaubas vs Searle,Will Henry Searle win set 1 in the Vilius Gaubas vs Henry Searle match,2144.738363,2026-06-24T16:47:02Z,2,14.250000000000005,28.000000000000004,50.0,50.0,50.0,1,[1.0]
2641381,KXATPSETWINNER-26JUN23SAFCOP-1-SAF,same,0,Sports,Set 1 Winner: Safiullin vs Coppejans,Will Roman Safiullin win set 1 in the Roman Safiullin vs Kimmer Coppejans match,1043.824236,2026-06-24T15:17:35Z,2,14.250000000000002,23.5,100.0,100.0,50.0,1,[1.0]
2553947,KXPGATOP20-USO26-SYEL,same,0,Sports,Will Sudarshan Yellamaraju finish in the Top 20 at the 2026 U.S. Open?,U.S. Open: Will Sudarshan Yellamaraju finish top 20?,1350.76,2026-06-20T01:11:43Z,4,14.25,36.0,75.0,75.0,50.0,2,"[1.0, 1.0]"
2494112,KXWCGOAL-26JUN14SWETUN-SWEAISAK9-1,same,0,Sports,Alexander Isak: 1+ goals,Alexander Isak: 1+ goals,2827.8309789999985,2026-06-15T03:51:20Z,2,14.249999999999998,14.499999999999998,100.0,100.0,100.0,0,[]
2674426,KXWCGOAL-26JUN27PANENG-ENGHKANE9-1,same,0,Sports,Harry Kane: 1+ goals + assists,Harry Kane: 1+ goals,3319.983506,2026-06-27T22:43:22Z,2,14.249999999999998,14.999999999999996,100.0,100.0,100.0,0,[]
2736569,KXWTASETWINNER-26JUL01PARKAL-2-PAR,same,0,Sports,Set 2 Winner: Parry vs Kalinskaya,Will Diane Parry win set 2 in the Diane Parry vs Anna Kalinskaya match,4974.583753,2026-07-01T15:42:27Z,2,14.249999999999998,26.5,50.0,50.0,50.0,1,[1.0]
1835811,KXANIMEBVAPJ-26-MAY,same,0,Entertainment,Will Mayumi Tanaka as Monkey D. Luffy (ONE PIECE) win Best Anime Voice Artist Performance (Japanese) at the 2026 Crunchyroll Anime Awards?,2026 Crunchyroll Anime Award for Best Anime Voice Artist Performance (Japanese)?,1293.389149,2026-05-23T15:51:42Z,19,14.223684210526315,70.45,84.21052631578947,52.63157894736842,36.84210526315789,1,[1.0]
1830324,KXLIGAMX-26CLA-CRA,same,0,Sports,Will Cruz Azul win Liga MX?,Will Cruz Azul win the Liga MX Clausura?,5893.054982,2026-05-25T22:37:58Z,36,14.222222222222221,54.0,91.66666666666666,63.888888888888886,55.55555555555556,6,"[6.0, 1.0, 2.0, 1.0, 1.0, 2.0]"
2662675,KXWCGOAL-26JUN26NZLBEL-BELJDOKU11-1,same,0,Sports,Jeremy Doku: 1+ goals,Jeremy Doku: 1+ goals,23307.971184,2026-06-27T04:19:44Z,3,14.166666666666666,16.5,100.0,100.0,100.0,0,[]
2602663,KXWCGOAL-26JUN21NZLEGY-EGYOMARMO7-3,same,0,Sports,Omar Marmoush: 3+ goals,Omar Marmoush: 3+ goals,4607.587954,2026-06-22T02:37:18Z,2,14.125,24.95,100.0,50.0,50.0,1,[1.0]
2231817,KXPGATOP5-PGC26-CHB,same,0,Sports,Will Christiaan Bezuidenhout finish in the Top 5 at the 2026 PGA Championship?,PGA Championship: Will Christiaan Bezuidenhout finish top 5?,1000.0,2026-05-18T00:20:36Z,6,14.083333333333334,27.05,83.33333333333334,83.33333333333334,66.66666666666666,0,[]
2547236,KXATPSETWINNER-26JUN15KOVCER-1-KOV,same,0,Sports,Set 1 Winner: Kovacevic vs Cerundolo,Will Aleksandar Kovacevic win set 1 in the Aleksandar Kovacevic vs Francisco Cerundolo match,1977.393638,2026-06-16T14:12:05Z,2,14.000000000000005,28.000000000000004,50.0,50.0,50.0,1,[1.0]
2602655,KXWCGOAL-26JUN21NZLEGY-EGYMSALAH11-1,same,0,Sports,Mohamed Salah: 1+ goals,Mohamed Salah: 1+ goals,33833.85155499997,2026-06-22T02:45:21Z,2,14.000000000000002,15.500000000000004,100.0,100.0,100.0,0,[]
2525424,KXWCGOAL-26JUN18CANQAT-CANJDAVID30-1,same,0,Sports,Jonathan David: 1+ goals,Jonathan David: 1+ goals,19363.980590999985,2026-06-19T00:24:53Z,2,14.000000000000002,25.0,100.0,50.0,50.0,1,[1.0]
2624664,KXWCAST-26JUN23PORUZB-PORCRIS7-2,same,0,Sports,Cristiano Ronaldo: 2+ assists,Cristiano Ronaldo: 2+ assists?,3157.2791850000003,2026-06-23T19:04:44Z,2,14.0,26.5,50.0,50.0,50.0,1,[1.0]
2572138,KXWCGOAL-26JUN19BRAHTI-BRARAPH11-2,same,0,Sports,Raphinha: 2+ goals,Raphinha: 2+ goals,2064.346906,2026-06-20T01:11:26Z,2,14.0,26.5,50.0,50.0,50.0,1,[1.0]
2635498,KXWCGOAL-26JUN24RSAKOR-KORLKANG19-1,same,0,Sports,Lee Kangin: 1+ goals,Lee Kang-in: 1+ goals,2057.1502570000002,2026-06-25T03:14:51Z,2,13.999999999999998,20.499999999999996,100.0,100.0,50.0,1,[1.0]
703892,KXNY17D-26-JREI,same,0,Elections,Will Jessica Reinmann be the Democratic nominee for NY-17?,Will Jessica Reinmann be the Democratic nominee for NY-17?,1944.3084999999999,2026-06-24T01:48:45Z,97,13.98556701030928,48.5,81.44329896907216,73.19587628865979,39.175257731958766,6,"[1.0, 3.0, 1.0, 1.0, 1.0, 1.0]"
2309968,KXCS2QUALIFIERS-26IEMCOLPO-FUT,same,0,Sports,Will FUT qualify to the IEM Cologne 2026 playoffs?,Will FUT Esports qualify for the playoffs at 2026 IEM Cologne?,6581.4857919999995,2026-06-16T00:35:37Z,8,13.9375,39.5,75.0,75.0,50.0,3,"[2.0, 1.0, 2.0]"
703890,KXNY17D-26-PCHA,same,0,Elections,Will Peter Chatzky be the Democratic nominee for NY-17?,Will Peter Chatzky be the Democratic nominee for NY-17?,4308.083697000002,2026-06-24T01:48:45Z,139,13.782014388489207,49.5,68.34532374100719,53.956834532374096,37.410071942446045,8,"[1.0, 29.0, 3.0, 1.0, 2.0, 6.0, 1.0, 3.0]"
1830326,KXLIGAMX-26CLA-PUM,same,0,Sports,Will Pumas UNAM win Liga MX?,Will Pumas UNAM win the Liga MX Clausura?,4560.306973000002,2026-05-25T22:37:58Z,37,13.77027027027027,53.0,81.08108108108108,62.16216216216216,48.64864864864865,8,"[1.0, 5.0, 1.0, 1.0, 2.0, 2.0, 1.0, 1.0]"
2335151,KXATPSETWINNER-26MAY25SONHER-1-SON,same,0,Sports,Set 1 Winner: Sonego vs Herbert,Will Lorenzo Sonego win set 1 in the Lorenzo Sonego vs Pierre-Hugues Herbert match,1549.90467,2026-05-24T19:25:47Z,2,13.750000000000004,26.000000000000007,50.0,50.0,50.0,1,[1.0]
2494294,KXWCGOAL-26JUN14GERCUW-GERJMUSIA10-1,same,0,Sports,Jamal Musiala: 1+ goals,Jamal Musiala: 1+ goals,16467.728166000004,2026-06-14T18:27:22Z,2,13.750000000000002,17.5,100.0,100.0,100.0,0,[]
2635507,KXWCGOAL-26JUN24RSAKOR-KORSHEUNG7-1,same,0,Sports,Son Heungmin: 1+ goals,Son Heung-min: 1+ goals,19083.64105499999,2026-06-25T03:14:51Z,2,13.75,20.0,100.0,100.0,50.0,0,[]
2553609,KXPGATOP5-USO26-JRAH,same,0,Sports,Will Jon Rahm finish in the Top 5 at the 2026 U.S. Open?,U.S. Open: Will Jon Rahm finish top 5?,1330.32358,2026-06-20T01:12:11Z,4,13.75,28.500000000000004,75.0,75.0,75.0,2,"[1.0, 1.0]"
2553961,KXPGATOP20-USO26-CORT,same,0,Sports,Will Carlos Ortiz finish in the Top 20 at the 2026 U.S. Open?,U.S. Open: Will Carlos Ortiz finish top 20?,1620.0,2026-06-20T01:11:41Z,4,13.75,41.0,75.0,50.0,50.0,1,[1.0]
1834467,KXANIMEBCD-26-TAK,same,0,Entertainment,"Will ""Takopi's Original Sin"" win Best Character Design at the 2026 Crunchyroll Anime Awards?",2026 Crunchyroll Anime Award for Best Character Design?,3929.012101,2026-05-23T15:44:19Z,20,13.717500000000001,41.1,80.0,65.0,60.0,4,"[1.0, 1.0, 1.0, 1.0]"
2231878,KXPGATOP5-PGC26-VHOV,same,0,Sports,Will Viktor Hovland finish in the Top 5 at the 2026 PGA Championship?,PGA Championship: Will Viktor Hovland finish top 5?,1285.286665,2026-05-16T00:26:25Z,4,13.65,40.5,75.0,50.0,25.0,1,[1.0]
2644544,KXATPSETWINNER-26JUN24BERROD-1-ROD,inverse,0,Sports,Set 1 Winner: Bertola vs Rodionov,Will Jurij Rodionov win set 1 in the Remy Bertola vs Jurij Rodionov match,2171.648643,2026-06-24T10:47:50Z,2,13.500000000000004,25.00000000000001,50.0,50.0,50.0,1,[1.0]
2612064,KXWTASETWINNER-26JUN20LYSNAV-1-NAV,inverse,0,Sports,Set 1 Winner: Lys vs Navarro,Will Emma Navarro win set 1 in the Eva Lys vs Emma Navarro match,2135.529183,2026-06-23T10:15:20Z,3,13.5,30.999999999999993,100.0,66.66666666666666,33.33333333333333,1,[1.0]
2632791,KXWCAST-26JUN23COLCOD-COLLDIAZ14-1,same,0,Sports,Luis Díaz: 1+ assists,Luis Diaz: 1+ assists?,3719.0213460000014,2026-06-24T04:04:31Z,2,13.5,15.0,100.0,100.0,100.0,0,[]
2668149,KXWCAST-26JUN26EGYIRI-EGYMSALAH11-2,same,0,Sports,Mohamed Salah: 2+ assists,Mohamed Salah: 2+ assists?,1260.4092500000002,2026-06-27T04:21:21Z,2,13.5,22.0,100.0,50.0,50.0,0,[]
2621593,KXWCGOAL-26JUN23ENGGHA-ENGHKANE9-1,same,0,Sports,Harry Kane: 1+ goals,Harry Kane: 1+ goals,308816.4035620005,2026-06-23T22:14:51Z,2,13.5,20.000000000000007,100.0,100.0,50.0,1,[1.0]
2567316,KXATPSETWINNER-26JUN17COLBEL-1-COL,same,0,Sports,Set 1 Winner: Collignon vs Bellucci,Will Raphael Collignon win set 1 in the Raphael Collignon vs Mattia Bellucci match,2155.7725410000003,2026-06-18T16:21:10Z,2,13.499999999999998,25.499999999999996,50.0,50.0,50.0,1,[1.0]
2634255,KXWTASETWINNER-26JUN22STAZAK-1-ZAK,inverse,0,Sports,Set 1 Winner: Starodubtseva vs Zakharova,Will Anastasia Zakharova win set 1 in the Yuliia Starodubtseva vs Anastasia Zakharova match,3124.0,2026-06-23T11:15:06Z,2,13.499999999999998,25.999999999999996,50.0,50.0,50.0,1,[1.0]
2493905,KXWCGOAL-26JUN15IRINZL-NZLCWOOD11-1,same,0,Sports,Chris Wood: 1+ goals,Chris Wood: 1+ goals,4547.9856420000015,2026-06-16T03:24:43Z,2,13.499999999999998,26.499999999999996,50.0,50.0,50.0,1,[1.0]
2613330,KXWCGOAL-26JUN22NORSEN-NOREHAALA9-3,same,0,Sports,Erling Haaland: 3+ goals,Erling Haaland: 3+ goals,22307.919721,2026-06-23T02:09:55Z,2,13.475,23.55,100.0,50.0,50.0,0,[]
2553651,KXPGATOP5-USO26-CSMI,same,0,Sports,Will Cameron Smith finish in the Top 5 at the 2026 U.S. Open?,U.S. Open: Will Cameron Smith finish top 5?,1606.1843649999998,2026-06-20T01:12:12Z,4,13.412500000000001,44.95,50.0,50.0,25.0,1,[1.0]
2433486,KXCS2QUALIFIERS-26IEMCOLFIN-FAL,same,0,Sports,Will Falcons reach the Grand Final at IEM Cologne Major 2026?,Will Team Falcons qualify for the Grand Final at 2026 IEM Cologne?,64463.13322299998,2026-06-20T20:48:01Z,8,13.375,47.0,87.5,25.0,25.0,2,"[1.0, 1.0]"
2253920,KXTOPSONG-26MAY23-CHO,same,0,Entertainment,"Will ""Choosin' Texas - Ella Langley"" be the Billboard Hot 100 #1 song for the week of May 23?","Will Choosin' Texas be #1 on the Billboard Hot 100 during the week of May 23, 2026",1917.940948,2026-05-18T03:59:00Z,4,13.287500000000001,47.5,75.0,25.0,25.0,1,[1.0]
2354529,KXPGATOUR-CHSC26-LABE,same,0,Sports,Will Ludvig Åberg win the 2026 Charles Schwab Challenge?,Will Ludvig Aberg win the Charles Schwab Challenge?,2115.693168,2026-05-31T22:26:21Z,5,13.280000000000001,37.1,40.0,40.0,40.0,1,[1.0]
2466313,KXWTASETWINNER-26JUN08MINTJE-1-TJE,inverse,0,Sports,Set 1 Winner: Minnen vs Tjen,Will Janice Tjen win set 1 in the Greet Minnen vs Janice Tjen match,6312.567649999999,2026-06-09T11:16:23Z,2,13.250000000000004,24.500000000000004,100.0,50.0,50.0,1,[1.0]
2466332,KXWTASETWINNER-26JUN08VOLSON-1-VOL,same,0,Sports,Set 1 Winner: Volynets vs Sonmez,Will Katie Volynets win set 1 in the Katie Volynets vs Zeynep Sonmez match,1699.699884,2026-06-09T10:41:33Z,2,13.250000000000004,25.999999999999996,50.0,50.0,50.0,1,[1.0]
2717479,KXWCAST-26JUN30FRASWE-FRAODEMBE10-1,same,0,Sports,Ousmane Dembélé: 1+ assists,Ousmane Dembele: 1+ assists?,12033.603706,2026-06-30T22:35:17Z,2,13.250000000000002,23.5,100.0,50.0,50.0,1,[1.0]
2521041,KXWCAST-26JUN15ESPCPV-ESPPEDR8-1,same,0,Sports,Pedri: 1+ assists,Pedri: 1+ assists?,2459.4902599999996,2026-06-15T18:50:08Z,2,13.25,25.5,50.0,50.0,50.0,1,[1.0]
2493730,KXWCGOAL-26JUN16ARGDZA-ARGEFERNA8-1,same,0,Sports,Enzo Fernández: 1+ goals,Enzo Fernandez: 1+ goals,1185.566159,2026-06-17T03:10:14Z,2,13.25,23.5,100.0,50.0,50.0,1,[1.0]
2674392,KXWCAST-26JUN27PANENG-ENGJBELLI5-1,same,0,Sports,Jude Bellingham: 1+ assists,Jude Bellingham: 1+ assists?,3680.245619,2026-06-27T22:29:48Z,2,13.25,17.5,100.0,100.0,50.0,0,[]
2533039,KXATPSETWINNER-26JUN14BORAUG-1-BOR,same,0,Sports,Set 1 Winner: Borges vs Auger-Aliassime,Will Nuno Borges win set 1 in the Nuno Borges vs Felix Auger-Aliassime match,1957.2823970000009,2026-06-15T13:32:11Z,2,13.249999999999998,24.0,100.0,50.0,50.0,1,[1.0]
2590339,KXWCGOAL-26JUN20ECUCUW-ECUEVALEN13-1,same,0,Sports,Enner Valencia: 1+ goals,Enner Valencia: 1+ goals,9164.077521000001,2026-06-21T02:04:50Z,2,13.249999999999998,22.000000000000004,100.0,50.0,50.0,0,[]
2446558,KXNCAABASEBALL-26-UNC,same,0,Sports,Will North Carolina win the 2026 College World Series?,Will North Carolina win the College Baseball World Series?,109608.65277499998,2026-06-23T03:10:19Z,17,13.205882352941176,37.5,76.47058823529412,64.70588235294117,47.05882352941176,3,"[4.0, 1.0, 1.0]"
2294585,KXPGATOP20-THCCBN26-KMIT,same,0,Sports,Will Keith Mitchell finish in the Top 20 at the 2026 THE CJ CUP Byron Nelson?,THE CJ CUP Byron Nelson: Will Keith Mitchell finish top 20?,3110.0,2026-05-25T01:02:11Z,6,13.166666666666666,16.500000000000004,100.0,83.33333333333334,83.33333333333334,1,[1.0]
2599007,KXWCAST-26JUN21ESPKSA-ESPDOLMO20-1,same,0,Sports,Dani Olmo: 1+ assists,Dani Olmo: 1+ assists?,3162.070423,2026-06-21T17:23:32Z,2,13.000000000000004,15.500000000000004,100.0,100.0,100.0,0,[]
2405511,KXWTASETWINNER-26JUN02ANDCIR-1-CIR,inverse,0,Sports,Set 1 Winner: Andreeva vs Cirstea,Will Sorana Cirstea win set 1 in the Mirra Andreeva vs Sorana Cirstea match,2616.8620230000006,2026-06-02T09:41:07Z,2,13.0,25.5,50.0,50.0,50.0,1,[1.0]
2662678,KXWCGOAL-26JUN26NZLBEL-BELKDEBR11-1,same,0,Sports,Kevin De Bruyne: 1+ goals,Kevin De Bruyne: 1+ goals,16779.076595,2026-06-27T04:33:23Z,3,13.0,13.999999999999998,100.0,100.0,100.0,0,[]
2662721,KXWCGOAL-26JUN26EGYIRI-EGYMSALAH11-1,same,0,Sports,Mohamed Salah: 1+ goals,Mohamed Salah: 1+ goals,19985.302625000004,2026-06-27T04:21:21Z,3,12.999999999999998,13.999999999999998,100.0,100.0,100.0,0,[]
2602657,KXWCGOAL-26JUN21NZLEGY-EGYMSALAH11-3,same,0,Sports,Mohamed Salah: 3+ goals,Mohamed Salah: 3+ goals,5661.798723000001,2026-06-22T02:45:22Z,2,12.925,25.5,50.0,50.0,50.0,1,[1.0]
2553622,KXPGATOP5-USO26-CMOR,same,0,Sports,Will Collin Morikawa finish in the Top 5 at the 2026 U.S. Open?,U.S. Open: Will Collin Morikawa finish top 5?,2994.9188,2026-06-22T00:19:43Z,6,12.916666666666666,38.5,100.0,66.66666666666666,33.33333333333333,2,"[1.0, 2.0]"
2614637,KXWCGOAL-26JUN22JORDZA-JORAOLWAN9-2,same,0,Sports,Ali Olwan: 2+ goals,Ali Iyad Olwan: 2+ goals,2021.857141,2026-06-23T04:53:19Z,3,12.9,35.5,66.66666666666666,33.33333333333333,33.33333333333333,1,[1.0]
2411489,KXPGATOP5-THMTPBW26-DBER,same,0,Sports,Will Daniel Berger finish in the Top 5 at the 2026 the Memorial Tournament presented by Workday?,The Memorial Tournament: Will Daniel Berger finish top 5?,1069.130779,2026-06-05T22:40:40Z,4,12.8625,46.5,75.0,25.0,25.0,1,[1.0]
2341946,KXATPSETWINNER-26MAY25WAWDEJ-1-WAW,same,0,Sports,Set 1 Winner: Wawrinka vs Jong,Will Stan Wawrinka win set 1 in the Stan Wawrinka vs Jesper De Jong match,5110.461674,2026-05-25T11:55:13Z,2,12.75,24.0,50.0,50.0,50.0,1,[1.0]
2354831,KXPGATOP20-CHSC26-APUT,same,0,Sports,Will Andrew Putnam finish in the Top 20 at the 2026 Charles Schwab Challenge?,Charles Schwab Challenge: Will Andrew Putnam finish top 20?,2408.31,2026-05-31T23:40:41Z,6,12.749999999999998,27.999999999999996,66.66666666666666,66.66666666666666,50.0,2,"[1.0, 2.0]"
2044291,KXMTPRIMARY-01R26-CJAC,same,0,Elections,Will Christi Jacobsen be the Republican nominee for MT-01?,Will Christi Jacobsen be the Republican nominee for MT-01?,3151.110611,2026-06-03T02:55:43Z,17,12.726470588235294,63.14999999999999,70.58823529411765,41.17647058823529,35.294117647058826,3,"[1.0, 1.0, 2.0]"
2231816,KXPGATOP5-PGC26-DAB,same,0,Sports,Will Daniel Berger finish in the Top 5 at the 2026 PGA Championship?,PGA Championship: Will Daniel Berger finish top 5?,1000.0,2026-05-18T00:20:31Z,6,12.683333333333332,26.55,83.33333333333334,66.66666666666666,66.66666666666666,1,[1.0]
2483907,KXWTASETWINNER-26JUN10RYBMAR-1-RYB,same,0,Sports,Set 1 Winner: Rybakina vs Maria,Will Elena Rybakina win set 1 in the Elena Rybakina vs Tatjana Maria match,9264.014294,2026-06-12T11:11:02Z,3,12.666666666666666,31.499999999999993,100.0,33.33333333333333,33.33333333333333,1,[1.0]
2354715,KXPGATOP10-CHSC26-GWOO,same,0,Sports,Will Gary Woodland finish in the Top 10 at the 2026 Charles Schwab Challenge?,Charles Schwab Challenge: Will Gary Woodland finish top 10?,2061.85185,2026-05-31T23:40:23Z,6,12.666666666666666,28.999999999999996,100.0,66.66666666666666,66.66666666666666,2,"[1.0, 1.0]"
2411625,KXPGATOP10-THMTPBW26-RMCI,same,0,Sports,Will Rory McIlroy finish in the Top 10 at the 2026 the Memorial Tournament presented by Workday?,The Memorial Tournament: Will Rory McIlroy finish top 10?,1103.6543359999998,2026-06-07T23:40:15Z,6,12.666666666666666,16.499999999999996,100.0,83.33333333333334,83.33333333333334,1,[2.0]
2294431,KXPGATOP5-THCCBN26-PSTO,same,0,Sports,Will Preston Stout finish in the Top 5 at the 2026 THE CJ CUP Byron Nelson?,THE CJ CUP Byron Nelson: Will Preston Stout finish top 5?,1203.5059999999999,2026-05-23T01:11:15Z,4,12.625,15.0,100.0,100.0,100.0,0,[]
2553949,KXPGATOP20-USO26-LHER,same,0,Sports,Will Lucas Herbert finish in the Top 20 at the 2026 U.S. Open?,U.S. Open: Will Lucas Herbert finish top 20?,1214.1878000000002,2026-06-20T01:11:39Z,4,12.625,36.0,75.0,50.0,50.0,1,[1.0]
2231919,KXPGATOP10-PGC26-ABHA,same,0,Sports,Will Akshay Bhatia finish in the Top 10 at the 2026 PGA Championship?,PGA Championship: Will Akshay Bhatia finish top 10?,1233.0670810000001,2026-05-16T00:26:07Z,4,12.625,39.0,100.0,50.0,25.0,1,[1.0]
2374495,KXWTASETWINNER-26MAY29WANSTA-1-WAN,same,0,Sports,Set 1 Winner: Wang vs Starodubtseva,Will Xiyu Wang win set 1 in the Xiyu Wang vs Yuliia Starodubtseva match,1445.787278,2026-05-29T10:04:06Z,2,12.500000000000005,24.50000000000001,50.0,50.0,50.0,1,[1.0]
2494081,KXWCGOAL-26JUN15ESPCPV-ESPLYAMAL10-3,same,0,Sports,Lamine Yamal: 3+ goals,Lamine Yamal: 3+ goals,24999.785925000004,2026-06-15T18:50:18Z,2,12.500000000000002,24.000000000000004,50.0,50.0,50.0,1,[1.0]
2520433,KXWCGOAL-26JUN18MEXKOR-KORLKANG19-1,same,0,Sports,Lee Kangin: 1+ goals,Lee Kang-in: 1+ goals,5872.709367,2026-06-19T03:20:23Z,2,12.5,20.5,100.0,50.0,50.0,1,[1.0]
2210700,KXSERIEABTTS-26MAY24BFCINT-BTTS,same,0,Sports,Cusco FC vs. CA Grau: Both Teams to Score,Will both teams score?,1599.487521,2026-05-23T17:55:12Z,5,12.5,14.000000000000002,100.0,100.0,80.0,0,[]
2521590,KXWCAST-26JUN14GERCUW-GERFWIRTZ7-1,same,0,Sports,Florian Wirtz: 1+ assists,Florian Wirtz: 1+ assists?,3194.983658999999,2026-06-14T19:10:13Z,2,12.5,14.500000000000002,100.0,100.0,100.0,0,[]
2364872,KXCAPRIMARY-2626-SGAL,same,0,Elections,Will Sam Gallucci advance from the CA-26 primary election?,Will Sam Gallucci advance in the 2026 CA-26 primary?,1007.380259,2026-06-04T23:21:53Z,6,12.5,23.0,100.0,83.33333333333334,50.0,1,[1.0]
2641291,KXATPSETWINNER-26JUN23EVASCH-1-SCH,inverse,0,Sports,Set 1 Winner: Evans vs Schoolkate,Will Tristan Schoolkate win set 1 in the Daniel Evans vs Tristan Schoolkate match,1612.351364,2026-06-24T12:42:43Z,2,12.499999999999998,24.5,50.0,50.0,50.0,1,[1.0]
2294584,KXPGATOP20-THCCBN26-BKOE,same,0,Sports,Will Brooks Koepka finish in the Top 20 at the 2026 THE CJ CUP Byron Nelson?,THE CJ CUP Byron Nelson: Will Brooks Koepka finish top 20?,1046.896477,2026-05-25T01:02:23Z,6,12.499999999999998,20.0,100.0,100.0,66.66666666666666,1,[2.0]
704194,KXPA3D-26-ASTA,same,0,Elections,Will Ala Stanford be the Democratic nominee for PA-03?,Will Ala Stanford be the Democratic nominee for PA-3?,30606.96685499999,2026-05-20T02:58:08Z,142,12.485211267605635,45.5,69.01408450704226,52.112676056338024,45.07042253521127,13,"[1.0, 1.0, 2.0, 1.0, 4.0, 1.0, 1.0, 1.0, 1.0, 1.0, 1.0, 2.0, 1.0]"
2309977,KXCS2QUALIFIERS-26IEMCOLPO-G2,same,0,Sports,Will G2 qualify to the IEM Cologne 2026 playoffs?,Will G2 qualify for the playoffs at 2026 IEM Cologne?,10573.575520000002,2026-06-16T00:35:25Z,10,12.474999999999998,28.750000000000004,90.0,60.0,60.0,2,"[1.0, 1.0]"
2553464,KXPGATOUR-USO26-DPUI,same,0,Sports,Will David Puig win the 2026 U.S. Open?,Will David Puig win the U.S. Open?,1530.2711100000001,2026-06-20T01:10:57Z,4,12.425,49.05,25.0,25.0,25.0,1,[1.0]
2124940,KXUECLBTTS-26MAY27CRYRVC-BTTS,same,0,Sports,CR Flamengo vs. Cusco FC: Both Teams to Score,Will both teams score?,18599.506219,2026-05-27T21:01:00Z,4,12.375000000000002,17.000000000000004,100.0,100.0,75.0,1,[2.0]
704454,KXNE2R-26-BLIN,same,0,Elections,Will Brett Lindstrom be the Republican nominee for NE-02?,Will Brett Lindstrom be the Republican nominee for NE-2?,18166.677930000013,2026-05-13T02:39:42Z,97,12.368041237113403,38.00000000000001,79.38144329896907,62.88659793814433,44.329896907216494,5,"[1.0, 1.0, 5.0, 1.0, 3.0]"
2253925,KXBBCHARTPOSITIONSONG-26MAY23DOO-1,same,0,Entertainment,"Will ""Doors - Noah Kahan"" be the Billboard Hot 100 #1 song for the week of May 23?","Will Doors be #1 on the Billboard Hot 100 during the week of May 23, 2026",1032.314317,2026-05-18T03:59:00Z,4,12.3625,48.0,25.0,25.0,25.0,1,[1.0]
2602644,KXWCGOAL-26JUN21NZLEGY-NZLCWOOD11-2,same,0,Sports,Chris Wood: 2+ goals,Chris Wood: 2+ goals,10540.346196,2026-06-22T03:14:42Z,2,12.325000000000001,21.6,100.0,50.0,50.0,1,[1.0]
645806,KXNHLVEZINA-26-ISOR,same,0,Sports,Will Ilya Sorokin win the 2025–2026 NHL Vezina Trophy?,Who will win Vezina Trophy?,6600.825150999999,2026-06-06T15:52:14Z,156,12.301923076923076,48.550000000000004,77.56410256410257,55.769230769230774,39.743589743589745,17,"[1.0, 15.0, 2.0, 1.0, 2.0, 1.0, 1.0, 1.0, 1.0, 1.0, 1.0, 1.0, 1.0, 1.0, 1.0, 1.0, 1.0]"
2411195,KXPGATOUR-THMTPBW26-RFOW,same,0,Sports,Will Rickie Fowler win the 2026 the Memorial Tournament presented by Workday?,Will Rickie Fowler win the the Memorial Tournament presented by Workday?,1150.279987,2026-06-05T22:40:27Z,4,12.274999999999999,48.8,25.0,25.0,25.0,1,[1.0]
2668265,KXWCAST-26JUN26NORFRA-FRAMOLISE17-2,same,0,Sports,Michael Olise: 2+ assists,Michael Olise: 2+ assists?,25805.422867000005,2026-06-26T20:30:00Z,2,12.25,24.0,50.0,50.0,50.0,1,[1.0]
2494295,KXWCGOAL-26JUN14GERCUW-GERJMUSIA10-2,same,0,Sports,Jamal Musiala: 2+ goals,Jamal Musiala: 2+ goals,2759.2005660000004,2026-06-14T18:27:22Z,2,12.25,23.0,50.0,50.0,50.0,0,[]
1833871,KXANIMEBCS-26-KAI,same,0,Entertainment,"Will ""Kaiju No. 8 Season 2"" win Best Continuing Series at the 2026 Crunchyroll Anime Awards?",2026 Crunchyroll Anime Award for Best Continuing Series?,1164.5537199999999,2026-05-23T15:37:35Z,29,12.17241379310345,39.5,68.96551724137932,51.724137931034484,37.93103448275862,6,"[1.0, 1.0, 1.0, 2.0, 1.0, 1.0]"
2693024,KXWCGOAL-26JUN27JORARG-ARGLMESSI10-2,same,0,Sports,Lionel Messi: 2+ goals,Lionel Messi: 2+ goals,48042.31766300007,2026-06-28T04:14:46Z,2,12.000000000000002,15.500000000000004,100.0,100.0,50.0,0,[]
2494175,KXWCGOAL-26JUN14CIVECU-ECUEVALEN13-1,same,0,Sports,Enner Valencia: 1+ goals,Enner Valencia: 1+ goals,2789.3201239999994,2026-06-15T00:43:29Z,2,12.000000000000002,13.5,100.0,100.0,100.0,0,[]
2596807,KXWCGOAL-26JUN21ESPKSA-ESPLYAMAL10-1,same,0,Sports,Lamine Yamal: 1+ goals,Lamine Yamal: 1+ goals,93757.87222599993,2026-06-21T16:29:45Z,2,12.0,20.999999999999996,100.0,50.0,50.0,1,[1.0]
2231852,KXPGATOP5-PGC26-MAG,same,0,Sports,Will Mark Geddes finish in the Top 5 at the 2026 PGA Championship?,PGA Championship: Will Mark Geddes finish top 5?,2209.675509,2026-05-16T00:26:31Z,4,11.9125,39.15,50.0,50.0,25.0,1,[1.0]
2553545,KXPGATOUR-USO26-MMCC,same,0,Sports,Will Matt McCarty win the 2026 U.S. Open?,Will Matthew McCarty win the U.S. Open?,1112.1399999999999,2026-06-20T01:10:55Z,4,11.8875,47.0,25.0,25.0,25.0,1,[1.0]
2553902,KXPGATOP20-USO26-VHOV,same,0,Sports,Will Viktor Hovland finish in the Top 20 at the 2026 U.S. Open?,U.S. Open: Will Viktor Hovland finish top 20?,1734.413325,2026-06-20T01:11:39Z,4,11.875,18.0,100.0,75.0,75.0,1,[1.0]
2471500,KXPGATOP20-RBBCAN26-SJAE,same,0,Sports,Will Stephan Jaeger finish in the Top 20 at the 2026 RBC Canadian Open?,RBC Canadian Open: Will Stephan Jaeger finish top 20?,1029.163332,2026-06-13T00:10:28Z,4,11.874999999999998,32.49999999999999,100.0,50.0,25.0,2,"[1.0, 1.0]"
2354838,KXPGATOP20-CHSC26-RHOE,same,0,Sports,Will Rico Hoey finish in the Top 20 at the 2026 Charles Schwab Challenge?,Charles Schwab Challenge: Will Rico Hoey finish top 20?,1442.427665,2026-05-31T23:40:36Z,6,11.833333333333334,25.999999999999996,100.0,83.33333333333334,50.0,1,[1.0]
1833870,KXANIMEBCS-26-DAN,same,0,Entertainment,"Will ""DAN DA DAN Season 2"" win Best Continuing Series at the 2026 Crunchyroll Anime Awards?",2026 Crunchyroll Anime Award for Best Continuing Series?,1069.152187,2026-05-23T15:37:35Z,30,11.754999999999999,37.25,66.66666666666666,56.666666666666664,46.666666666666664,4,"[1.0, 1.0, 1.0, 1.0]"
2374455,KXATPSETWINNER-26MAY29FONDJO-1-FON,same,0,Sports,Set 1 Winner: Fonseca vs Djokovic,Will Joao Fonseca win set 1 in the Joao Fonseca vs Novak Djokovic match,4857.938689,2026-05-29T14:54:18Z,2,11.750000000000002,23.000000000000004,50.0,50.0,50.0,1,[1.0]
2717477,KXWCAST-26JUN30FRASWE-FRAMOLISE17-1,same,0,Sports,Michael Olise: 1+ assists,Michael Olise: 1+ assists?,31859.01737200005,2026-06-30T22:43:19Z,2,11.75,19.5,100.0,50.0,50.0,1,[1.0]
2486791,KXWCGOAL-26JUN13QATSUI-SUIBEMBOL7-2,same,0,Sports,Breel Embolo: 2+ goals,Breel Embolo: 2+ goals,2010.6820870000001,2026-06-13T21:14:52Z,2,11.75,19.5,100.0,50.0,50.0,1,[1.0]
2602662,KXWCGOAL-26JUN21NZLEGY-EGYOMARMO7-2,same,0,Sports,Omar Marmoush: 2+ goals,Omar Marmoush: 2+ goals,3941.6309629999996,2026-06-22T02:37:18Z,2,11.749999999999998,22.499999999999996,50.0,50.0,50.0,1,[1.0]
2015078,KXBUNDESLIGABTTS-26MAY16UNIFCA-BTTS,same,0,Sports,Dalian Yingbo FC vs. Qingdao Xihaian FC: Both Teams to Score,Will both teams score?,1070.788096,2026-05-16T15:25:17Z,5,11.7,12.5,100.0,100.0,80.0,0,[]
2553619,KXPGATOP5-USO26-WCLA,same,0,Sports,Will Wyndham Clark finish in the Top 5 at the 2026 U.S. Open?,U.S. Open: Will Wyndham Clark finish top 5?,1637.036137,2026-06-22T00:19:38Z,6,11.666666666666666,41.0,50.0,33.33333333333333,33.33333333333333,1,[2.0]
2553680,KXPGATOP5-USO26-TKIM,same,0,Sports,Will Tom Kim finish in the Top 5 at the 2026 U.S. Open?,U.S. Open: Will Tom Kim finish top 5?,1405.3022869999998,2026-06-22T00:19:46Z,6,11.633333333333333,46.95,50.0,50.0,50.0,1,[1.0]
2553614,KXPGATOP5-USO26-BDEC,same,0,Sports,Will Bryson DeChambeau finish in the Top 5 at the 2026 U.S. Open?,U.S. Open: Will Bryson DeChambeau finish top 5?,1783.0900000000001,2026-06-20T01:12:07Z,4,11.625,38.5,50.0,25.0,25.0,2,"[1.0, 1.0]"
2480728,KXATTENDUFC250-26JUN-EMUS,same,0,Politics,Will Elon Musk attend UFC Freedom 250?,Will Elon Musk attend any UFC Freedom 250 event in person?,13004.241450999998,2026-06-15T14:00:00Z,6,11.600000000000001,37.1,100.0,50.0,33.33333333333333,1,[2.0]
2294381,KXPGATOP5-THCCBN26-SSCH,same,0,Sports,Will Scottie Scheffler finish in the Top 5 at the 2026 THE CJ CUP Byron Nelson?,THE CJ CUP Byron Nelson: Will Scottie Scheffler finish top 5?,3163.2069040000006,2026-05-25T01:01:40Z,6,11.583333333333336,18.500000000000007,100.0,100.0,50.0,1,[1.0]
645572,KXNHLADAMS-26-JCOO,same,0,Sports,Will Jon Cooper win the 2025–2026 NHL Jack Adams Award?,Who will win Jack Adams Award?,7700.223821999999,2026-06-03T20:26:27Z,123,11.559349593495934,84.94999999999999,92.6829268292683,60.16260162601627,34.146341463414636,14,"[4.0, 1.0, 1.0, 1.0, 4.0, 1.0, 2.0, 1.0, 1.0, 1.0, 2.0, 1.0, 1.0, 1.0]"
2625079,KXWCGOAL-26JUN23COLCOD-COLLSUARE97-1,same,0,Sports,Luis Suárez: 1+ goals,Luis Suarez: 1+ goals,1715.214474,2026-06-24T03:19:38Z,2,11.500000000000002,12.5,100.0,100.0,100.0,0,[]
2586838,KXWCGOAL-26JUN20GERCIV-GERFWIRTZ7-1,same,0,Sports,Florian Wirtz: 1+ goals,Florian Wirtz: 1+ goals,3644.7000869999997,2026-06-20T22:04:49Z,2,11.500000000000002,14.500000000000002,100.0,100.0,50.0,0,[]
2232005,KXPGATOP10-PGC26-DMCC,same,0,Sports,Will Denny McCarthy finish in the Top 10 at the 2026 PGA Championship?,PGA Championship: Will Denny McCarthy finish top 10?,1005.0,2026-05-18T00:20:47Z,6,11.433333333333332,45.0,83.33333333333334,50.0,16.666666666666664,1,[1.0]
1390398,KXEUROVISIONRANK-26TOP5-SWE,same,0,Entertainment,Will Sweden be in the top 5 at Eurovision 2026?,Will Sweden be Top 5?,33731.090172999975,2026-05-16T23:24:27Z,8,11.375000000000002,71.50000000000001,50.0,25.0,12.5,2,"[2.0, 1.0]"
2231928,KXPGATOP10-PGC26-BCAM,same,0,Sports,Will Brian Campbell finish in the Top 10 at the 2026 PGA Championship?,PGA Championship: Will Brian Campbell finish top 10?,1002.0,2026-05-18T00:20:43Z,6,11.358333333333334,26.05,83.33333333333334,83.33333333333334,66.66666666666666,0,[]
2640903,KXPGATOP20-TRAV26-ASCO,same,0,Sports,Will Adam Scott finish in the Top 20 at the 2026 Travelers Championship?,Travelers Championship: Will Adam Scott finish top 20?,1363.612,2026-06-29T14:20:11Z,6,11.35,30.099999999999998,83.33333333333334,66.66666666666666,33.33333333333333,2,"[1.0, 1.0]"
2614288,KXWCAST-26JUN22ARGAUT-ARGLMESSI10-1,same,0,Sports,Lionel Messi: 1+ assists,Lionel Messi: 1+ assists?,8785.758649000001,2026-06-22T19:19:56Z,2,11.25,13.999999999999998,100.0,100.0,50.0,0,[]
2586841,KXWCGOAL-26JUN20GERCIV-GERJMUSIA10-1,same,0,Sports,Jamal Musiala: 1+ goals,Jamal Musiala: 1+ goals,5029.793579,2026-06-20T21:23:21Z,2,11.25,13.499999999999998,100.0,100.0,50.0,0,[]
2727587,KXWCGOAL-26JUL01USABIH-USACPULIS11-1,same,0,Sports,Christian Pulisic: 1+ goals,Christian Pulisic: 1+ goals,91769.42716099999,2026-07-02T01:53:20Z,2,11.249999999999996,15.499999999999996,100.0,100.0,50.0,1,[1.0]
2553878,KXPGATOP20-USO26-SSCH,same,0,Sports,Will Scottie Scheffler finish in the Top 20 at the 2026 U.S. Open?,U.S. Open: Will Scottie Scheffler finish top 20?,1496.3501820000001,2026-06-22T00:20:09Z,6,11.241666666666665,29.5,50.0,50.0,50.0,1,[1.0]
2553402,KXPGATOUR-USO26-ANOR,same,0,Sports,Will Alexander Noren win the 2026 U.S. Open?,Will Alex Noren win the U.S. Open?,2303.65911,2026-06-20T01:10:55Z,4,11.2125,44.25,25.0,25.0,25.0,1,[1.0]
2640495,KXPGATOP5-TRAV26-RFOW,same,0,Sports,Will Rickie Fowler finish in the Top 5 at the 2026 Travelers Championship?,Travelers Championship: Will Rickie Fowler finish top 5?,1185.384,2026-06-29T14:19:43Z,6,11.200000000000001,44.0,83.33333333333334,50.0,16.666666666666664,2,"[1.0, 1.0]"
2411212,KXPGATOUR-THMTPBW26-BGRI,same,0,Sports,Will Ben Griffin win the 2026 the Memorial Tournament presented by Workday?,Will Ben Griffin win the the Memorial Tournament presented by Workday?,3967.3161,2026-06-05T22:40:28Z,4,11.162499999999998,44.3,25.0,25.0,25.0,1,[1.0]
2354273,KXPGATOUR-CHSC26-MTHO,same,0,Sports,Will Michael Thorbjornsen win the 2026 Charles Schwab Challenge?,Will Michael Thorbjornsen win the Charles Schwab Challenge?,1111.686144,2026-05-31T22:26:21Z,6,11.133333333333333,48.5,50.0,33.33333333333333,33.33333333333333,1,[1.0]
2309955,KXCS2QUALIFIERS-26IEMCOLPO-BB,same,0,Sports,Will BetBoom qualify to the IEM Cologne 2026 playoffs?,Will BetBoom Team qualify for the playoffs at 2026 IEM Cologne?,9481.033230000008,2026-06-16T00:35:25Z,4,11.125,17.0,100.0,75.0,50.0,1,[1.0]
2494065,KXWCGOAL-26JUN15ESPCPV-ESPDOLMO20-1,same,0,Sports,Dani Olmo: 1+ goals,Dani Olmo: 1+ goals,1244.6792769999997,2026-06-15T18:50:18Z,2,11.000000000000002,12.5,100.0,100.0,50.0,0,[]
2483890,KXWTASETWINNER-26JUN10BOUVEK-1-VEK,inverse,0,Sports,Set 1 Winner: Bouzkova vs Vekic,Will Donna Vekic win set 1 in the Marie Bouzkova vs Donna Vekic match,12593.839086,2026-06-12T10:40:57Z,3,11.0,26.999999999999996,100.0,33.33333333333333,33.33333333333333,1,[1.0]
2486790,KXWCGOAL-26JUN13QATSUI-SUIBEMBOL7-1,same,0,Sports,Breel Embolo: 1+ goals,Breel Embolo: 1+ goals,31756.220612000005,2026-06-13T21:14:52Z,2,11.0,19.999999999999996,100.0,50.0,50.0,1,[1.0]
2657199,KXWCAST-26JUN25TURUSA-USACPULIS11-1,same,0,Sports,Christian Pulisic: 1+ assists,Christian Pulisic: 1+ assists?,1815.674874,2026-06-26T04:19:48Z,2,11.0,14.499999999999998,100.0,100.0,50.0,0,[]
2734780,KXWCGOAL-26JUL02ESPAUT-ESPMOYARZ10-1,same,0,Sports,Mikel Oyarzabal: 1+ goals,Mikel Oyarzabal: 1+ goals,67962.08216499978,2026-07-02T21:09:49Z,3,11.0,20.0,100.0,66.66666666666666,33.33333333333333,1,[1.0]
2621599,KXWCGOAL-26JUN23ENGGHA-ENGJBELLI5-1,same,0,Sports,Jude Bellingham: 1+ goals,Jude Bellingham: 1+ goals,46425.297783999995,2026-06-23T21:37:21Z,2,11.0,12.500000000000004,100.0,100.0,50.0,0,[]
2085619,KXSERIEABTTS-26MAY24FIOATA-BTTS,same,0,Sports,Everton de Viña del Mar vs. CD Coquimbo Unido: Both Teams to Score,Will both teams score?,11256.505292000002,2026-05-22T20:40:50Z,4,11.0,12.0,100.0,100.0,75.0,0,[]
2382237,KXWTASETWINNER-26MAY30SABKAS-1-SAB,same,0,Sports,Set 1 Winner: Sabalenka vs Kasatkina,Will Aryna Sabalenka win set 1 in the Aryna Sabalenka vs Daria Kasatkina match,12192.681589,2026-05-30T13:02:57Z,2,10.999999999999998,21.499999999999996,50.0,50.0,50.0,1,[1.0]
2433488,KXCS2QUALIFIERS-26IEMCOLFIN-TS,same,0,Sports,Will Spirit reach the Grand Final at IEM Cologne Major 2026?,Will Spirit qualify for the Grand Final at 2026 IEM Cologne?,54790.97765199999,2026-06-20T20:48:11Z,8,10.9375,33.5,75.0,37.5,37.5,1,[1.0]
1833907,KXANIMEBNS-26-TAK,same,0,Entertainment,"Will ""Takopi's Original Sin"" win Best New Series at the 2026 Crunchyroll Anime Awards?",2026 Crunchyroll Anime Award for Best New Series?,1489.983544,2026-05-23T15:38:20Z,33,10.924242424242424,48.00000000000001,66.66666666666666,51.515151515151516,36.36363636363637,6,"[1.0, 1.0, 2.0, 1.0, 4.0, 1.0]"
2553708,KXPGATOP5-USO26-EGRI,same,0,Sports,Will Emiliano Grillo finish in the Top 5 at the 2026 U.S. Open?,U.S. Open: Will Emiliano Grillo finish top 5?,1247.0486329999999,2026-06-22T00:19:48Z,5,10.889999999999997,48.54999999999999,60.0,20.0,20.0,1,[1.0]
2232015,KXPGATOP10-PGC26-WMOU,same,0,Sports,Will William Mouw finish in the Top 10 at the 2026 PGA Championship?,PGA Championship: Will William Mouw finish top 10?,1000.0,2026-05-18T00:20:47Z,6,10.816666666666665,26.55,83.33333333333334,66.66666666666666,66.66666666666666,1,[1.0]
2354287,KXPGATOUR-CHSC26-RGER,same,0,Sports,Will Ryan Gerard win the 2026 Charles Schwab Challenge?,Will Ryan Gerard win the Charles Schwab Challenge?,23524.610431999998,2026-05-31T22:26:21Z,6,10.791666666666666,48.8,50.0,33.33333333333333,33.33333333333333,1,[1.0]
2411564,KXPGATOP5-THMTPBW26-SSCH,same,0,Sports,Will Scottie Scheffler finish in the Top 5 at the 2026 the Memorial Tournament presented by Workday?,The Memorial Tournament: Will Scottie Scheffler finish top 5?,1120.2659829999998,2026-06-07T23:40:00Z,6,10.750000000000002,23.500000000000004,100.0,66.66666666666666,50.0,2,"[1.0, 2.0]"
1500563,KXAGNOMTXR-26-MMID,same,1,Elections,Will Mayes Middleton win the Texas Republican primary runoff for Attorney General?,Who will be the Republican nominee for Attorney General in Texas?,7799.645305999999,2026-05-27T03:00:00Z,54,10.740740740740742,43.900000000000006,75.92592592592592,62.96296296296296,40.74074074074074,8,"[1.0, 1.0, 1.0, 1.0, 1.0, 2.0, 1.0, 2.0]"
1830742,KXCOPPAITALIA-26-INT,same,0,Sports,Will Inter win Coppa Italia?,Will Inter win the Coppa Italia?,10649.587856,2026-05-14T17:41:31Z,19,10.736842105263158,68.0,73.68421052631578,57.89473684210527,26.31578947368421,4,"[1.0, 1.0, 1.0, 1.0]"
2455305,KXATPSETWINNER-26JUN07GENHIJ-1-HIJ,inverse,0,Sports,Set 1 Winner: Gentzsch vs Hijikata,Will Rinky Hijikata win set 1 in the Tom Gentzsch vs Rinky Hijikata match,3972.588346,2026-06-09T14:06:01Z,3,10.66666666666667,30.000000000000004,33.33333333333333,33.33333333333333,33.33333333333333,1,[1.0]
2364941,KXCAPRIMARY-3726-BFED,same,0,Elections,Will Baltazar Fedalizo advance from the CA-37 primary election?,Will Baltazar Fedalizo advance in the 2026 CA-37 primary?,4658.688938,2026-06-10T00:11:17Z,13,10.653846153846153,23.0,100.0,76.92307692307693,46.15384615384615,2,"[1.0, 1.0]"
2553969,KXPGATOP20-USO26-PROD,same,0,Sports,Will Patrick Rodgers finish in the Top 20 at the 2026 U.S. Open?,U.S. Open: Will Patrick Rodgers finish top 20?,1470.13,2026-06-22T00:20:09Z,6,10.608333333333333,42.0,66.66666666666666,50.0,16.666666666666664,1,[1.0]
1972794,KXNBAFINMVP-26-VWEM,same,0,Sports,Will Victor Wembanyama win the 2026 NBA Finals MVP?,Who will win Finals MVP?,325651.5082199993,2026-06-14T04:21:39Z,54,10.601851851851851,48.50000000000001,62.96296296296296,48.148148148148145,37.03703703703704,16,"[2.0, 2.0, 1.0, 2.0, 1.0, 1.0, 1.0, 1.0, 1.0, 1.0, 1.0, 1.0, 1.0, 1.0, 1.0, 1.0]"
1390355,KXEUROVISIONRANK-26TOP3-ROM,same,0,Entertainment,Will Romania be in the top 3 at Eurovision 2026?,Will Romania be Top 3?,27470.775879999987,2026-05-16T23:25:33Z,8,10.5625,73.0,37.5,12.5,12.5,1,[1.0]
2669003,KXWCAST-26JUN26NZLBEL-BELKDEBR11-1,same,0,Sports,Kevin De Bruyne: 1+ assists,Kevin De Bruyne: 1+ assists?,1462.8729819999999,2026-06-27T04:33:23Z,2,10.5,16.0,100.0,50.0,50.0,0,[]
2653723,KXWCGOAL-26JUN25ECUGER-GERFWIRTZ7-1,same,0,Sports,Florian Wirtz: 1+ goals,Florian Wirtz: 1+ goals,6347.925595999999,2026-06-25T21:33:20Z,2,10.5,13.5,100.0,100.0,50.0,0,[]
2596813,KXWCGOAL-26JUN21ESPKSA-ESPMOYARZ10-1,same,0,Sports,Mikel Oyarzabal: 1+ goals,Mikel Oyarzabal: 1+ goals,54956.154178,2026-06-21T16:29:45Z,2,10.5,20.5,50.0,50.0,50.0,1,[1.0]
2640839,KXPGATOP20-TRAV26-HENG,same,0,Sports,Will Harris English finish in the Top 20 at the 2026 Travelers Championship?,Travelers Championship: Will Harris English finish top 20?,1042.07,2026-06-29T14:20:05Z,6,10.499999999999998,27.499999999999996,83.33333333333334,66.66666666666666,33.33333333333333,1,[1.0]
801166,KXSENATEWVR-26-TWIL,same,0,Elections,Will Tom Willis be the Republican nominee for Senate in West Virginia?,Will Tom Willis be the Republican nominee for the Senate in West Virginia?,22250.449038000002,2026-05-13T00:02:40Z,130,10.491538461538463,36.0,60.0,48.46153846153846,44.61538461538462,7,"[13.0, 1.0, 2.0, 1.0, 4.0, 2.0, 2.0]"
2354229,KXPGATOUR-CHSC26-ASMA,same,0,Sports,Will Alex Smalley win the 2026 Charles Schwab Challenge?,Will Alex Smalley win the Charles Schwab Challenge?,2484.700593,2026-05-31T22:26:21Z,6,10.475,39.15,33.33333333333333,33.33333333333333,33.33333333333333,1,[1.0]
2553405,KXPGATOUR-USO26-KREI,same,0,Sports,Will Kristoffer Reitan win the 2026 U.S. Open?,Will Kristoffer Reitan win the U.S. Open?,24408.338616999998,2026-06-20T01:10:58Z,4,10.474999999999998,40.949999999999996,25.0,25.0,25.0,1,[1.0]
2553898,KXPGATOP20-USO26-PREE,same,0,Sports,Will Patrick Reed finish in the Top 20 at the 2026 U.S. Open?,U.S. Open: Will Patrick Reed finish top 20?,2102.3594430000003,2026-06-20T01:11:42Z,4,10.375,18.0,75.0,75.0,50.0,1,[1.0]
2731993,KXPGATOP20-JODC26-APOT,same,0,Sports,Will Aldrich Potgieter finish in the Top 20 at the 2026 John Deere Classic?,John Deere Classic: Will Aldrich Potgieter finish top 20?,1684.3300000000002,2026-07-04T01:10:11Z,4,10.375,12.0,100.0,100.0,50.0,0,[]
801165,KXSENATEWVR-26-AGAA,same,0,Elections,Will Alexander Gaasserud be the Republican nominee for Senate in West Virginia?,Will Alexander Gaasserud be the Republican nominee for the Senate in West Virginia?,8842.260655999997,2026-05-13T00:02:40Z,94,10.344680851063831,41.0,53.191489361702125,35.1063829787234,35.1063829787234,1,[7.0]
2354804,KXPGATOP20-CHSC26-JTHO,same,0,Sports,Will Justin Thomas finish in the Top 20 at the 2026 Charles Schwab Challenge?,Charles Schwab Challenge: Will Justin Thomas finish top 20?,2070.893332,2026-05-31T23:40:38Z,6,10.333333333333334,17.0,100.0,83.33333333333334,50.0,1,[1.0]
2662663,KXWCGOAL-26JUN26NZLBEL-BELCDEKE17-1,same,0,Sports,Charles De Ketelaere: 1+ goals,Charles De Ketelaere: 1+ goals,9538.640788999997,2026-06-27T04:47:20Z,3,10.333333333333334,17.0,100.0,100.0,33.33333333333333,1,[1.0]
2553889,KXPGATOP20-USO26-RHEN,same,0,Sports,Will Russell Henley finish in the Top 20 at the 2026 U.S. Open?,U.S. Open: Will Russell Henley finish top 20?,1260.959793,2026-06-22T00:20:06Z,6,10.275,17.5,83.33333333333334,83.33333333333334,50.0,1,[4.0]
2553848,KXPGATOP10-USO26-EGRI,same,0,Sports,Will Emiliano Grillo finish in the Top 10 at the 2026 U.S. Open?,U.S. Open: Will Emiliano Grillo finish top 10?,1280.959997,2026-06-22T00:20:00Z,6,10.266666666666667,46.05,66.66666666666666,33.33333333333333,16.666666666666664,1,[1.0]
2602656,KXWCGOAL-26JUN21NZLEGY-EGYMSALAH11-2,same,0,Sports,Mohamed Salah: 2+ goals,Mohamed Salah: 2+ goals,6123.253905999999,2026-06-22T02:45:21Z,2,10.25,20.0,50.0,50.0,50.0,1,[1.0]
2573733,KXWCGOAL-26JUN19TURPAR-TURKAKTUR9-1,same,0,Sports,Kerem Aktürkoğlu: 1+ goals,Kerem Akturkoglu: 1+ goals,1504.394388,2026-06-20T04:11:36Z,2,10.25,10.499999999999998,100.0,100.0,50.0,0,[]
2620375,KXWCGOAL-26JUN23PORUZB-PORCRIS7-1,same,0,Sports,Cristiano Ronaldo: 1+ goals,Cristiano Ronaldo: 1+ goals,507690.19792200293,2026-06-23T17:11:51Z,2,10.249999999999998,14.000000000000002,100.0,100.0,50.0,1,[1.0]
2233628,KXMRBEASTMENTION-26MAY16-CHAN,same,0,Mentions,"Will MrBeast say ""Chandler"" during his next YouTube video?",What will MrBeast say during Next MrBeast Youtube Video?,2040.5321199999998,2026-05-16T18:01:13Z,2,10.249999999999996,10.999999999999998,100.0,100.0,50.0,0,[]
2158533,KXCS2-IEMATL26-VIT,same,0,Sports,Will Vitality win IEM Atlanta 2026?,Will Vitality win IEM Atlanta?,111265.02346699998,2026-05-16T14:57:29Z,11,10.045454545454545,57.49999999999999,72.72727272727273,45.45454545454545,27.27272727272727,2,"[3.0, 1.0]"
959116,KXIA02R-26-SLUN,same,0,Elections,Will Shannon Lundgren be the Republican Nominee for IA-02?,Will Shannon Lundgren be the Republican nominee for IA-02?,20390.702157000003,2026-06-03T02:38:05Z,89,10.039325842696629,33.5,57.30337078651685,41.57303370786517,34.831460674157306,3,"[7.0, 1.0, 2.0]"
2493781,KXWCGOAL-26JUN16IRQNOR-NORANUSA7-1,same,0,Sports,Antonio Nusa: 1+ goals,Antonio Nusa: 1+ goals,10380.211203000003,2026-06-16T23:35:23Z,2,10.000000000000002,11.000000000000002,100.0,100.0,50.0,0,[]
2573730,KXWCGOAL-26JUN19TURPAR-TURKYILDI10-1,same,0,Sports,Kenan Yıldız: 1+ goals,Kenan Yildiz: 1+ goals,1384.070532,2026-06-20T06:05:04Z,2,10.0,12.5,100.0,100.0,50.0,0,[]
2700022,KXATPSETWINNER-26JUN27BERHUM-1-HUM,inverse,0,Sports,Set 1 Winner: Bergs vs Humbert,Will Ugo Humbert win set 1 in the Zizou Bergs vs Ugo Humbert match,24114.915861999994,2026-06-28T10:44:53Z,2,10.0,12.499999999999995,100.0,100.0,50.0,0,[]
2676146,KXWCGOAL-26JUN27COLPOR-PORCRIS7-1,same,0,Sports,Cristiano Ronaldo: 1+ goals,Cristiano Ronaldo: 1+ goals,92729.40545300012,2026-06-28T01:40:09Z,2,10.0,18.5,50.0,50.0,50.0,1,[1.0]
2692657,KXWCGOAL-26JUN28RSACAN-CANJDAVID30-1,same,0,Sports,Jonathan David: 1+ goals,Jonathan David: 1+ goals,66746.10797000001,2026-06-28T21:19:55Z,2,10.0,15.000000000000002,100.0,50.0,50.0,1,[1.0]
2494079,KXWCGOAL-26JUN15ESPCPV-ESPLYAMAL10-1,same,0,Sports,Lamine Yamal: 1+ goals,Lamine Yamal: 1+ goals,50110.02943899998,2026-06-15T18:50:18Z,2,9.999999999999998,14.999999999999996,100.0,50.0,50.0,1,[1.0]
2717446,KXWCGOAL-26JUN30FRASWE-FRAMOLISE17-1,same,0,Sports,Michael Olise: 1+ goals,Michael Olise: 1+ goals,43918.916115000015,2026-06-30T22:43:19Z,2,9.999999999999996,17.999999999999996,50.0,50.0,50.0,1,[1.0]
1390395,KXEUROVISIONRANK-26TOP5-ROM,same,0,Entertainment,Will Romania be in the top 5 at Eurovision 2026?,Will Romania be Top 5?,102868.83510399994,2026-05-16T23:21:25Z,8,9.9375,44.99999999999999,75.0,50.0,25.0,3,"[1.0, 1.0, 1.0]"
801167,KXSENATEWVR-26-SMOO,same,0,Elections,Will Shelley Moore Capito be the Republican nominee for Senate in West Virginia?,Will Shelley Moore Capito be the Republican nominee for the Senate in West Virginia?,11225.571258999998,2026-05-13T00:02:40Z,137,9.935766423357665,43.5,56.934306569343065,48.175182481751825,43.79562043795621,3,"[2.0, 2.0, 1.0]"
2231999,KXPGATOP10-PGC26-HAL,same,0,Sports,Will Hao-Tong Li finish in the Top 10 at the 2026 PGA Championship?,PGA Championship: Will Hao-Tong Li finish top 10?,1000.0,2026-05-18T00:20:58Z,6,9.875,23.55,83.33333333333334,83.33333333333334,33.33333333333333,1,[3.0]
2553827,KXPGATOP10-USO26-TKIM,same,0,Sports,Will Tom Kim finish in the Top 10 at the 2026 U.S. Open?,U.S. Open: Will Tom Kim finish top 10?,2497.312103,2026-06-22T00:19:59Z,6,9.858333333333333,41.85,83.33333333333334,33.33333333333333,16.666666666666664,1,[1.0]
704190,KXPA3D-26-DOXM,same,0,Elections,Will David Oxman be the Democratic nominee for PA-03?,Will David Oxman be the Democratic nominee for PA-3?,6504.014369999998,2026-05-20T02:58:08Z,110,9.852272727272727,45.5,74.54545454545455,53.63636363636364,40.0,5,"[1.0, 5.0, 3.0, 6.0, 5.0]"
2455287,KXATPSETWINNER-26JUN07KYRMOU-1-MOU,inverse,0,Sports,Set 1 Winner: Kyrgios vs Moutet,Will Corentin Moutet win set 1 in the Nick Kyrgios vs Corentin Moutet match,2491.288507000001,2026-06-09T18:11:35Z,3,9.833333333333332,25.5,66.66666666666666,33.33333333333333,33.33333333333333,1,[1.0]
2533198,KXATPSETWINNER-26JUN14MAJLEH-1-MAJ,same,0,Sports,Set 1 Winner: Majchrzak vs Lehecka,Will Kamil Majchrzak win set 1 in the Kamil Majchrzak vs Jiri Lehecka match,1904.9156299999997,2026-06-16T18:31:49Z,3,9.833333333333332,26.5,33.33333333333333,33.33333333333333,33.33333333333333,1,[1.0]
2333597,KXTOPSONG-26JUN06-RAN,same,0,Entertainment,"Will ""Ran To Atlanta - Drake"" be the Billboard Hot 100 #1 song for the week of June 6?","Will Ran To Atlanta be #1 on the Billboard Hot 100 during the week of Jun 6, 2026",1110.9471019999999,2026-06-01T03:59:00Z,9,9.81111111111111,45.49999999999999,33.33333333333333,33.33333333333333,33.33333333333333,1,[1.0]
2614777,KXWCAST-26JUN22FRAIRQ-FRAMOLISE17-2,same,0,Sports,Michael Olise: 2+ assists,Michael Olise: 2+ assists?,11389.389514999999,2026-06-23T00:23:24Z,2,9.75,13.5,100.0,100.0,50.0,1,[1.0]
2494093,KXWCGOAL-26JUN15ESPCPV-ESPMOYARZ10-3,same,0,Sports,Mikel Oyarzabal: 3+ goals,Mikel Oyarzabal: 3+ goals,1089.29758,2026-06-15T18:50:19Z,2,9.75,18.5,50.0,50.0,50.0,1,[1.0]
2520642,KXWCGOAL-26JUN17ENGCRO-ENGHKANE9-1,same,0,Sports,Harry Kane: 1+ goals,Harry Kane: 1+ goals,228441.88056399912,2026-06-17T20:14:38Z,2,9.75,13.5,100.0,100.0,50.0,1,[1.0]
2703351,KXATPSETWINNER-26JUN29HUMBER-3-HUM,same,0,Sports,Set 3 Winner: Humbert vs Bergs,Will Ugo Humbert win set 3 in the Ugo Humbert vs Zizou Bergs match,1265.4541840000002,2026-06-30T15:12:42Z,2,9.749999999999996,15.000000000000002,100.0,50.0,50.0,1,[1.0]
2387284,KXWTASETWINNER-26MAY31ANDTEI-1-TEI,inverse,0,Sports,Set 1 Winner: Andreeva vs Teichmann,Will Jil Teichmann win set 1 in the Mirra Andreeva vs Jil Teichmann match,7083.572978999997,2026-05-31T16:25:42Z,2,9.749999999999996,17.500000000000004,50.0,50.0,50.0,1,[1.0]
2553856,KXPGATOP10-USO26-BKOH,same,0,Sports,Will Ben Kohles finish in the Top 10 at the 2026 U.S. Open?,U.S. Open: Will Ben Kohles finish top 10?,1303.21,2026-06-22T00:20:01Z,6,9.716666666666667,46.05,50.0,33.33333333333333,16.666666666666664,1,[1.0]
2231845,KXPGATOP5-PGC26-SFIS,same,0,Sports,Will Steven Fisk finish in the Top 5 at the 2026 PGA Championship?,PGA Championship: Will Steven Fisk finish top 5?,1835.004,2026-05-16T00:26:24Z,4,9.7125,14.75,75.0,75.0,75.0,0,[]
645579,KXNHLADAMS-26-DMUS,same,0,Sports,Will Dan Muse win the 2025–2026 NHL Jack Adams Award?,Who will win Jack Adams Award?,4593.27378,2026-06-03T20:26:27Z,103,9.700970873786408,94.05,60.19417475728155,32.038834951456316,24.271844660194176,12,"[5.0, 3.0, 1.0, 1.0, 1.0, 2.0, 1.0, 1.0, 1.0, 1.0, 1.0, 1.0]"
2231868,KXPGATOP5-PGC26-GAH,same,0,Sports,Will Garrick Higgo finish in the Top 5 at the 2026 PGA Championship?,PGA Championship: Will Garrick Higgo finish top 5?,1001.0,2026-05-16T00:26:32Z,4,9.675,14.6,75.0,75.0,75.0,0,[]
2731977,KXPGATOP20-JODC26-JSPI,same,0,Sports,Will Jordan Spieth finish in the Top 20 at the 2026 John Deere Classic?,John Deere Classic: Will Jordan Spieth finish top 20?,2959.01,2026-07-05T23:00:20Z,6,9.666666666666666,16.5,100.0,50.0,50.0,1,[3.0]
2231961,KXPGATOP10-PGC26-EGRI,same,0,Sports,Will Emiliano Grillo finish in the Top 10 at the 2026 PGA Championship?,PGA Championship: Will Emiliano Grillo finish top 10?,1100.0,2026-05-16T00:26:12Z,4,9.6625,11.850000000000001,100.0,100.0,50.0,0,[]
2231891,KXPGATOP5-PGC26-CKIR,same,0,Sports,Will Chris Kirk finish in the Top 5 at the 2026 PGA Championship?,PGA Championship: Will Chris Kirk finish top 5?,1062.575527,2026-05-18T00:20:33Z,6,9.649999999999999,16.55,83.33333333333334,66.66666666666666,50.0,1,[1.0]
2231908,KXPGATOP5-PGC26-TOM,same,0,Sports,Will Tom McKibbin finish in the Top 5 at the 2026 PGA Championship?,PGA Championship: Will Tom McKibbin finish top 5?,1100.0,2026-05-16T00:26:34Z,4,9.6375,14.150000000000002,75.0,75.0,75.0,0,[]
2231964,KXPGATOP10-PGC26-BHAR,same,0,Sports,Will Brian Harman finish in the Top 10 at the 2026 PGA Championship?,PGA Championship: Will Brian Harman finish top 10?,1047.2,2026-05-18T00:20:45Z,6,9.633333333333333,43.0,66.66666666666666,33.33333333333333,16.666666666666664,1,[1.0]
1835812,KXANIMEBVAPJ-26-REI,same,0,Entertainment,Will Reina Ueda as Reze (Chainsaw Man – The Movie: Reze Arc) win Best Anime Voice Artist Performance (Japanese) at the 2026 Crunchyroll Anime Awards?,2026 Crunchyroll Anime Award for Best Anime Voice Artist Performance (Japanese)?,3796.0884790000005,2026-05-23T15:51:42Z,15,9.6,27.0,66.66666666666666,40.0,40.0,2,"[1.0, 1.0]"
1833872,KXANIMEBCS-26-MYH,same,0,Entertainment,"Will ""My Hero Academia FINAL SEASON"" win Best Continuing Series at the 2026 Crunchyroll Anime Awards?",2026 Crunchyroll Anime Award for Best Continuing Series?,1353.0012000000002,2026-05-23T15:37:35Z,34,9.588235294117647,38.0,73.52941176470588,61.76470588235294,26.47058823529412,8,"[2.0, 1.0, 1.0, 1.0, 1.0, 1.0, 1.0, 2.0]"
2553757,KXPGATOP10-USO26-SBUR,same,0,Sports,Will Sam Burns finish in the Top 10 at the 2026 U.S. Open?,U.S. Open: Will Sam Burns finish top 10?,1600.5069449999999,2026-06-22T00:19:51Z,6,9.583333333333334,27.0,83.33333333333334,66.66666666666666,16.666666666666664,2,"[1.0, 1.0]"
2471471,KXPGATOP20-RBBCAN26-BKOE,same,0,Sports,Will Brooks Koepka finish in the Top 20 at the 2026 RBC Canadian Open?,RBC Canadian Open: Will Brooks Koepka finish top 20?,2236.653785,2026-06-14T16:16:46Z,6,9.583333333333332,28.999999999999996,66.66666666666666,50.0,50.0,2,"[2.0, 1.0]"
1390364,KXEUROVISIONRANK-26TOP5-AUS,same,0,Entertainment,Will Australia be in the top 5 at Eurovision 2026?,Will Australia be Top 5?,90504.30388500003,2026-05-16T23:22:08Z,8,9.562500000000002,43.99999999999999,75.0,37.5,12.5,1,[1.0]
959118,KXIA02R-26-JMIT,same,0,Elections,Will Joe Mitchell be the Republican Nominee for IA-02?,Will Joe Mitchell be the Republican nominee for IA-02?,9139.998244999993,2026-06-03T02:38:05Z,122,9.559016393442622,36.50000000000001,59.01639344262295,39.34426229508197,36.0655737704918,2,"[5.0, 1.0]"
2553815,KXPGATOP10-USO26-RFOX,same,0,Sports,Will Ryan Fox finish in the Top 10 at the 2026 U.S. Open?,U.S. Open: Will Ryan Fox finish top 10?,1108.0410510000002,2026-06-22T00:19:53Z,6,9.541666666666666,37.0,66.66666666666666,50.0,16.666666666666664,1,[1.0]
2520557,KXWCGOAL-26JUN17UZBCOL-COLLDIAZ14-1,same,0,Sports,Luis Díaz: 1+ goals,Luis Diaz: 1+ goals,59210.90032700005,2026-06-18T03:53:27Z,2,9.5,15.999999999999998,100.0,50.0,50.0,1,[1.0]
2592496,KXWCGOAL-26JUN21TUNJPN-JPNAUEDA9-1,same,0,Sports,Ayase Ueda: 1+ goals,Ayase Ueda: 1+ goals,6698.923200000002,2026-06-21T05:45:24Z,2,9.5,16.499999999999996,100.0,50.0,50.0,1,[1.0]
2521015,KXWCAST-26JUN15ESPCPV-ESPDOLMO20-1,same,0,Sports,Dani Olmo: 1+ assists,Dani Olmo: 1+ assists?,1148.4352309999997,2026-06-15T18:50:06Z,2,9.499999999999998,10.999999999999998,100.0,100.0,50.0,0,[]
645567,KXNHLADAMS-26-LRUF,same,0,Sports,Will Lindy Ruff win the 2025–2026 NHL Jack Adams Award?,Who will win Jack Adams Award?,9171.580173999992,2026-06-03T20:26:27Z,118,9.47457627118644,46.0,77.11864406779661,41.52542372881356,28.8135593220339,13,"[5.0, 1.0, 2.0, 3.0, 1.0, 1.0, 2.0, 1.0, 1.0, 1.0, 1.0, 2.0, 1.0]"
2553940,KXPGATOP20-USO26-CCON,same,0,Sports,Will Corey Conners finish in the Top 20 at the 2026 U.S. Open?,U.S. Open: Will Corey Conners finish top 20?,1060.082,2026-06-22T00:20:05Z,6,9.416666666666666,35.0,83.33333333333334,50.0,16.666666666666664,2,"[1.0, 1.0]"
2553893,KXPGATOP20-USO26-WCLA,same,0,Sports,Will Wyndham Clark finish in the Top 20 at the 2026 U.S. Open?,U.S. Open: Will Wyndham Clark finish top 20?,1413.308473,2026-06-22T00:20:04Z,6,9.416666666666663,21.000000000000004,100.0,66.66666666666666,33.33333333333333,2,"[1.0, 1.0]"
2333603,KXTOPSONG-26JUN06-JAN,same,0,Entertainment,"Will ""Janice STFU - Drake"" be the Billboard Hot 100 #1 song for the week of June 6?","Will Janice STFU be #1 on the Billboard Hot 100 during the week of Jun 6, 2026",4299.760689000003,2026-06-01T03:59:00Z,9,9.377777777777778,41.5,66.66666666666666,33.33333333333333,33.33333333333333,2,"[1.0, 1.0]"
2640709,KXPGATOP10-TRAV26-RHIS,same,0,Sports,Will Ryo Hisatsune finish in the Top 10 at the 2026 Travelers Championship?,Travelers Championship: Will Ryo Hisatsune finish top 10?,2377.9500000000003,2026-06-29T14:19:55Z,6,9.366666666666665,39.0,83.33333333333334,33.33333333333333,16.666666666666664,1,[1.0]
2363401,KXWTASETWINNER-26MAY27SABJAC-1-SAB,same,0,Sports,Set 1 Winner: Sabalenka vs Jacquemot,Will Aryna Sabalenka win set 1 in the Aryna Sabalenka vs Elsa Jacquemot match,4357.409984000001,2026-05-28T17:12:58Z,2,9.250000000000002,17.500000000000004,50.0,50.0,50.0,1,[1.0]
2700020,KXATPSETWINNER-26JUN27BERHUM-2-HUM,inverse,0,Sports,Set 2 Winner: Bergs vs Humbert,Will Ugo Humbert win set 2 in the Zizou Bergs vs Ugo Humbert match,9158.96947,2026-06-28T11:14:50Z,2,9.25,13.999999999999996,100.0,50.0,50.0,0,[]
2529043,KXWCGOAL-26JUN19USAAUS-USAFBALOG9-1,same,0,Sports,Folarin Balogun: 1+ goals,Folarin Balogun: 1+ goals,34339.726502,2026-06-19T21:00:43Z,2,9.25,15.000000000000002,100.0,50.0,50.0,1,[1.0]
2494080,KXWCGOAL-26JUN15ESPCPV-ESPLYAMAL10-2,same,0,Sports,Lamine Yamal: 2+ goals,Lamine Yamal: 2+ goals,17963.822360000006,2026-06-15T18:50:18Z,2,9.25,15.0,100.0,50.0,50.0,1,[1.0]
2657195,KXWCAST-26JUN25TURUSA-TURAGULER15-1,same,0,Sports,Arda Güler: 1+ assists,Arda Guler: 1+ assists?,3222.861708,2026-06-26T04:19:48Z,2,9.25,10.500000000000002,100.0,100.0,50.0,0,[]
2354846,KXPGATOP20-CHSC26-MBRE,same,0,Sports,Will Michael Brennan finish in the Top 20 at the 2026 Charles Schwab Challenge?,Charles Schwab Challenge: Will Michael Brennan finish top 20?,2104.18,2026-05-31T23:40:28Z,6,9.25,26.499999999999996,100.0,66.66666666666666,16.666666666666664,1,[1.0]
2596801,KXWCGOAL-26JUN21ESPKSA-ESPDOLMO20-1,same,0,Sports,Dani Olmo: 1+ goals,Dani Olmo: 1+ goals,16344.369068000004,2026-06-21T17:23:31Z,2,9.249999999999998,12.499999999999996,100.0,100.0,50.0,1,[1.0]
2480775,KXATTENDUFC250-26JUN-BNET,same,0,Politics,Will Benjamin Netanyahu attend UFC Freedom 250?,Will Benjamin Netanyahu attend any UFC Freedom 250 event in person?,17115.266691999997,2026-06-15T14:00:00Z,6,9.208333333333332,45.5,50.0,16.666666666666664,16.666666666666664,1,[1.0]
1833873,KXANIMEBCS-26-ONE,same,0,Entertainment,"Will ""ONE PIECE"" win Best Continuing Series at the 2026 Crunchyroll Anime Awards?",2026 Crunchyroll Anime Award for Best Continuing Series?,2327.607081,2026-05-23T15:37:35Z,33,9.196969696969697,31.0,87.87878787878788,57.57575757575758,42.42424242424242,7,"[1.0, 1.0, 1.0, 1.0, 2.0, 1.0, 1.0]"
2553834,KXPGATOP10-USO26-MKIM,same,0,Sports,Will Michael Kim finish in the Top 10 at the 2026 U.S. Open?,U.S. Open: Will Michael Kim finish top 10?,1337.9802849999996,2026-06-22T00:19:55Z,6,9.166666666666666,45.1,50.0,16.666666666666664,16.666666666666664,1,[1.0]
1833904,KXANIMEBNS-26-GAC,same,0,Entertainment,"Will ""Gachiakuta"" win Best New Series at the 2026 Crunchyroll Anime Awards?",2026 Crunchyroll Anime Award for Best New Series?,4306.408950000001,2026-05-23T15:38:20Z,32,9.15625,43.99999999999999,81.25,50.0,28.125,7,"[1.0, 1.0, 1.0, 1.0, 2.0, 1.0, 1.0]"
2231832,KXPGATOP5-PGC26-WCLA,same,0,Sports,Will Wyndham Clark finish in the Top 5 at the 2026 PGA Championship?,PGA Championship: Will Wyndham Clark finish top 5?,1004.99,2026-05-16T00:26:23Z,4,9.125,12.049999999999999,100.0,75.0,75.0,0,[]
2553952,KXPGATOP20-USO26-SSTE,same,0,Sports,Will Sam Stevens finish in the Top 20 at the 2026 U.S. Open?,U.S. Open: Will Sam Stevens finish top 20?,1093.454178,2026-06-22T00:20:10Z,6,9.083333333333334,37.0,50.0,33.33333333333333,33.33333333333333,1,[1.0]
2231858,KXPGATOP5-PGC26-EGRI,same,0,Sports,Will Emiliano Grillo finish in the Top 5 at the 2026 PGA Championship?,PGA Championship: Will Emiliano Grillo finish top 5?,1100.0,2026-05-16T00:26:27Z,4,9.0625,14.45,75.0,75.0,75.0,0,[]
1972395,KXNBAEFINMVP-26-JHAR,same,0,Sports,Will Josh Hart win the 2026 Eastern Conference Finals MVP?,Who will win Eastern Conference Finals MVP?,140440.391,2026-05-26T02:50:04Z,8,9.0625,46.0,75.0,37.5,12.5,2,"[1.0, 3.0]"
2610459,KXWCGOAL-26JUN22FRAIRQ-FRAODEMBE10-1,same,0,Sports,Ousmane Dembélé: 1+ goals,Ousmane Dembele: 1+ goals,31091.382899999982,2026-06-23T00:25:19Z,2,9.000000000000002,14.500000000000002,100.0,50.0,50.0,1,[1.0]
2657667,KXWCGOAL-26JUN26SENIRQ-SENISARR7-1,same,0,Sports,Ismaïla Sarr: 1+ goals,Ismaila Sarr: 1+ goals,9450.255352999999,2026-06-26T20:49:38Z,2,9.0,15.000000000000002,100.0,50.0,50.0,1,[1.0]
2520491,KXWCGOAL-26JUN18CZERSA-CZEPSCHIC14-1,same,0,Sports,Patrik Schick: 1+ goals,Patrik Schick: 1+ goals,10682.940086999994,2026-06-18T18:04:52Z,2,9.0,17.0,50.0,50.0,50.0,1,[1.0]
2231862,KXPGATOP5-PGC26-PHAR,same,0,Sports,Will Pádraig Harrington finish in the Top 5 at the 2026 PGA Championship?,PGA Championship: Will Padraig Harrington finish top 5?,1029.1069539999999,2026-05-18T00:20:25Z,6,8.999999999999998,19.849999999999998,66.66666666666666,66.66666666666666,50.0,1,[2.0]
2158540,KXCS2-IEMATL26-LGC,same,0,Sports,Will Legacy win IEM Atlanta 2026?,Will Legacy win IEM Atlanta?,24536.406396999995,2026-05-17T17:07:09Z,5,8.99,35.5,60.0,20.0,20.0,1,[1.0]
2231842,KXPGATOP5-PGC26-NECH,same,0,Sports,Will Nicolas Echavarria finish in the Top 5 at the 2026 PGA Championship?,PGA Championship: Will Nicolas Echavarria finish top 5?,1100.0,2026-05-16T00:26:23Z,4,8.987499999999999,14.649999999999999,75.0,75.0,50.0,0,[]
2431097,KXNHLSERIESSCORE-26VGKCARFIN-VGK43,same,0,Sports,Will Golden Knights win the 2026 Stanley Cup 4-3 be the exact series outcome?,Will Vegas Golden Knights win 4-3 in the Vegas Golden Knights vs Carolina Hurricanes Stanley Cup series in the 2026 NHL Playoffs?,3488.785928,2026-06-15T02:59:11Z,11,8.954545454545455,34.0,54.54545454545454,45.45454545454545,27.27272727272727,3,"[1.0, 1.0, 1.0]"
2231989,KXPGATOP10-PGC26-JOK,same,0,Sports,Will Johnny Keefer finish in the Top 10 at the 2026 PGA Championship?,PGA Championship: Will John Keefer finish top 10?,1000.0,2026-05-18T00:20:57Z,6,8.933333333333335,15.550000000000002,83.33333333333334,66.66666666666666,66.66666666666666,1,[1.0]
2553934,KXPGATOP20-USO26-RFOX,same,0,Sports,Will Ryan Fox finish in the Top 20 at the 2026 U.S. Open?,U.S. Open: Will Ryan Fox finish top 20?,1269.545453,2026-06-22T00:20:06Z,6,8.916666666666666,32.0,66.66666666666666,33.33333333333333,33.33333333333333,1,[1.0]
2553612,KXPGATOP5-USO26-XSCH,same,0,Sports,Will Xander Schauffele finish in the Top 5 at the 2026 U.S. Open?,U.S. Open: Will Xander Schauffele finish top 5?,1328.7903729999998,2026-06-22T00:19:44Z,6,8.916666666666666,29.5,83.33333333333334,50.0,33.33333333333333,2,"[1.0, 1.0]"
576816,KXLALIGARELEGATION-26-MAL,same,0,Sports,Will Mallorca be relegated from La Liga after the 2025–26 season?,Will Mallorca be Relegated from La Liga in 2025-26 Season?,8111.863189000004,2026-05-24T19:54:18Z,96,8.890625,39.6,73.95833333333334,45.83333333333333,32.29166666666667,21,"[1.0, 1.0, 1.0, 2.0, 1.0, 1.0, 1.0, 2.0, 1.0, 1.0, 1.0, 2.0, 1.0, 4.0, 1.0, 1.0, 1.0, 1.0, 1.0, 2.0, 2.0]"
2411139,KXPGATOUR-THMTPBW26-SBUR,same,0,Sports,Will Sam Burns win the 2026 the Memorial Tournament presented by Workday?,Will Sam Burns win the the Memorial Tournament presented by Workday?,96431.77986200004,2026-06-07T22:40:30Z,6,8.841666666666667,48.6,16.666666666666664,16.666666666666664,16.666666666666664,1,[1.0]
2411381,KXPGATOUR-THMTPBW26-JSPI,same,0,Sports,Will Jordan Spieth win the 2026 the Memorial Tournament presented by Workday?,Will Jordan Spieth win the the Memorial Tournament presented by Workday?,1485.546654,2026-06-05T22:40:30Z,4,8.8375,34.55,25.0,25.0,25.0,1,[1.0]
2734871,KXWCGOAL-26JUL02ESPAUT-ESPLYAMAL10-1,same,0,Sports,Lamine Yamal: 1+ goals + assists,Lamine Yamal: 1+ goals,2383.4253779999995,2026-07-02T20:47:23Z,3,8.833333333333334,10.500000000000004,100.0,100.0,33.33333333333333,0,[]
2471197,KXPGATOUR-RBBCAN26-JSVE,same,0,Sports,Will Jesper Svensson win the 2026 RBC Canadian Open?,Will Jesper Svensson win the RBC Canadian Open?,8078.534149999998,2026-06-14T23:09:44Z,6,8.816666666666666,49.45,16.666666666666664,16.666666666666664,16.666666666666664,1,[1.0]
703889,KXNY17D-26-BDAV,same,0,Elections,Will Beth Davidson be the Democratic nominee for NY-17?,Will Beth Davidson be the Democratic nominee for NY-17?,90699.25838600004,2026-06-24T01:48:45Z,180,8.805555555555555,39.0,82.22222222222221,53.888888888888886,35.0,24,"[1.0, 1.0, 2.0, 3.0, 1.0, 3.0, 9.0, 2.0, 1.0, 1.0, 1.0, 1.0, 1.0, 1.0, 3.0, 1.0, 1.0, 4.0, 1.0, 1.0, 1.0, 1.0, 2.0, 2.0]"
2640490,KXPGATOP5-TRAV26-MFIT,same,0,Sports,Will Matt Fitzpatrick finish in the Top 5 at the 2026 Travelers Championship?,Travelers Championship: Will Matt Fitzpatrick finish top 5?,1154.585293,2026-06-29T14:19:42Z,7,8.785714285714286,32.0,57.14285714285714,28.57142857142857,28.57142857142857,1,[2.0]
2231945,KXPGATOP10-PGC26-NECH,same,0,Sports,Will Nicolas Echavarria finish in the Top 10 at the 2026 PGA Championship?,PGA Championship: Will Nicolas Echavarria finish top 10?,1100.0,2026-05-16T00:26:08Z,4,8.775,18.55,75.0,50.0,50.0,1,[1.0]
2525416,KXWCGOAL-26JUN18CANQAT-CANCLARIN17-1,same,0,Sports,Cyle Larin: 1+ goals,Cyle Larin: 1+ goals,2668.5757169999997,2026-06-19T00:24:52Z,2,8.750000000000002,13.5,100.0,50.0,50.0,1,[1.0]
2520560,KXWCGOAL-26JUN17UZBCOL-COLLSUARE97-1,same,0,Sports,Luis Suárez: 1+ goals,Luis Suarez: 1+ goals,5203.260197000001,2026-06-18T03:40:52Z,2,8.75,16.0,50.0,50.0,50.0,0,[]
2598916,KXWCGOAL-26JUN21BELIRI-BELLTROSS19-1,same,0,Sports,Leandro Trossard: 1+ goals,Leandro Trossard: 1+ goals,8204.031595,2026-06-21T21:44:57Z,2,8.75,9.0,100.0,100.0,0.0,0,[]
2708198,KXWCGOAL-26JUN29GERPAR-GERKHAVER29-1,same,0,Sports,Kai Havertz: 1+ goals,Kai Havertz: 1+ goals,121068.98528899992,2026-06-29T23:39:49Z,2,8.75,17.5,50.0,50.0,50.0,1,[1.0]
1833874,KXANIMEBCS-26-SOL,same,0,Entertainment,"Will ""Solo Leveling Season 2 -Arise from the Shadow-"" win Best Continuing Series at the 2026 Crunchyroll Anime Awards?",2026 Crunchyroll Anime Award for Best Continuing Series?,1152.007676,2026-05-23T15:37:35Z,33,8.742424242424242,30.0,75.75757575757575,54.54545454545454,30.303030303030305,6,"[1.0, 1.0, 1.0, 1.0, 3.0, 1.0]"
1835827,KXANIMEBVAPA-26-TAR,same,0,Entertainment,Will Tariq Obaid as Taro Sakamoto (SAKAMOTO DAYS) win Best Anime Voice Artist Performance (Arabic) at the 2026 Crunchyroll Anime Awards?,2026 Crunchyroll Anime Award for Best Anime Voice Artist Performance (Arabic)?,4048.222555,2026-05-23T15:53:08Z,19,8.736842105263158,58.5,57.89473684210527,47.368421052631575,26.31578947368421,2,"[1.0, 1.0]"
2232008,KXPGATOP10-PGC26-MMCG,same,0,Sports,Will Max McGreevy finish in the Top 10 at the 2026 PGA Championship?,PGA Championship: Will Max McGreevy finish top 10?,2989.99,2026-05-16T00:26:14Z,4,8.674999999999999,11.549999999999999,100.0,75.0,50.0,0,[]
824269,KXGOVNMNOMR-26-DTUR,same,1,Elections,Will Doug Turner win the 2026 New Mexico Governor Republican primary election?,Will Doug Turner be the Republican nominee for Governor in New Mexico?,27003.986167000003,2026-06-03T04:03:59Z,4,8.65,24.05,75.0,50.0,25.0,0,[]
1833968,KXANIMEBOA-26-LAZ,same,0,Entertainment,"Will ""Lazarus"" win Best Original Anime at the 2026 Crunchyroll Anime Awards?",2026 Crunchyroll Anime Award for Best Original Anime?,1563.1648409999998,2026-05-23T15:37:07Z,26,8.634615384615385,30.0,61.53846153846154,46.15384615384615,38.46153846153847,5,"[1.0, 1.0, 1.0, 2.0, 1.0]"
2553745,KXPGATOP10-USO26-SSCH,same,0,Sports,Will Scottie Scheffler finish in the Top 10 at the 2026 U.S. Open?,U.S. Open: Will Scottie Scheffler finish top 10?,1047.5590069999998,2026-06-22T00:19:57Z,6,8.583333333333334,27.499999999999996,83.33333333333334,66.66666666666666,16.666666666666664,1,[1.0]
1500564,KXAGNOMTXR-26-CROY,same,1,Elections,Will Chip Roy win the Texas Republican primary runoff for Attorney General?,Who will be the Republican nominee for Attorney General in Texas?,8812.559503999999,2026-05-27T03:00:00Z,60,8.566666666666666,24.999999999999996,86.66666666666667,60.0,35.0,15,"[1.0, 1.0, 2.0, 1.0, 4.0, 1.0, 1.0, 1.0, 1.0, 2.0, 1.0, 1.0, 1.0, 1.0, 1.0]"
2411154,KXPGATOUR-THMTPBW26-WCLA,same,0,Sports,Will Wyndham Clark win the 2026 the Memorial Tournament presented by Workday?,Will Wyndham Clark win the the Memorial Tournament presented by Workday?,79554.77636199998,2026-06-07T22:40:30Z,6,8.500000000000002,49.0,16.666666666666664,16.666666666666664,16.666666666666664,1,[1.0]
2533118,KXATPSETWINNER-26JUN14BERFRI-1-FRI,inverse,0,Sports,Set 1 Winner: Bergs vs Fritz,Will Taylor Fritz win set 1 in the Zizou Bergs vs Taylor Fritz match,2391.0271420000004,2026-06-17T10:35:53Z,4,8.500000000000002,29.500000000000004,50.0,25.0,25.0,1,[1.0]
2676119,KXWCGOAL-26JUN27CODUZB-UZBESHOMU14-1,same,0,Sports,Eldor Shomurodov: 1+ goals,Eldor Shomurodov: 1+ goals,2537.797293,2026-06-28T01:49:59Z,2,8.5,10.500000000000002,100.0,100.0,50.0,0,[]
2531874,KXWCAST-26JUN16FRASEN-FRAMOLISE17-1,same,0,Sports,Michael Olise: 1+ assists,Michael Olise: 1+ assists?,5673.707994999999,2026-06-16T21:20:25Z,2,8.5,11.000000000000002,100.0,100.0,50.0,0,[]
2668258,KXWCAST-26JUN26NORFRA-FRAKMBAPP10-1,same,0,Sports,Kylian Mbappé: 1+ assists,Kylian Mbappe: 1+ assists?,9182.872499000001,2026-06-26T20:51:26Z,2,8.499999999999998,14.499999999999998,100.0,50.0,50.0,1,[1.0]
2553513,KXPGATOUR-USO26-STHE,same,0,Sports,Will Sahith Theegala win the 2026 U.S. Open?,Will Sahith Theegala win the U.S. Open?,19114.150531,2026-06-21T22:49:34Z,6,8.491666666666669,49.45,16.666666666666664,16.666666666666664,16.666666666666664,1,[1.0]
2553499,KXPGATOUR-USO26-CCON,same,0,Sports,Will Corey Conners win the 2026 U.S. Open?,Will Corey Conners win the U.S. Open?,8632.382947999999,2026-06-21T22:49:34Z,6,8.458333333333334,49.5,16.666666666666664,16.666666666666664,16.666666666666664,1,[1.0]
704091,KXNE2D-26-DPOW,same,0,Elections,Will Denise Powell be the Democratic nominee for NE-02?,Will Denise Powell be the Democratic nominee for NE-2?,50094.90656299998,2026-05-14T01:17:27Z,124,8.44516129032258,76.7,77.41935483870968,53.2258064516129,38.70967741935484,17,"[2.0, 1.0, 3.0, 1.0, 3.0, 1.0, 5.0, 1.0, 4.0, 1.0, 1.0, 1.0, 1.0, 1.0, 1.0, 1.0, 1.0]"
2354212,KXPGATOUR-CHSC26-JSPA,same,0,Sports,Will J.J. Spaun win the 2026 Charles Schwab Challenge?,Will J.J. Spaun win the Charles Schwab Challenge?,35983.91252799999,2026-05-31T22:26:21Z,6,8.433333333333334,47.0,16.666666666666664,16.666666666666664,16.666666666666664,1,[1.0]
2553925,KXPGATOP20-USO26-KBRA,same,0,Sports,Will Keegan Bradley finish in the Top 20 at the 2026 U.S. Open?,U.S. Open: Will Keegan Bradley finish top 20?,1781.399295,2026-06-22T00:20:04Z,6,8.416666666666666,29.000000000000004,66.66666666666666,50.0,16.666666666666664,2,"[1.0, 1.0]"
2294639,KXPGATOP20-THCCBN26-GHIG,same,0,Sports,Will Garrick Higgo finish in the Top 20 at the 2026 THE CJ CUP Byron Nelson?,THE CJ CUP Byron Nelson: Will Garrick Higgo finish top 20?,3309.0,2026-05-25T01:02:22Z,6,8.416666666666666,14.000000000000002,100.0,100.0,33.33333333333333,0,[]
2232001,KXPGATOP10-PGC26-DLIP,same,0,Sports,Will David Lipsky finish in the Top 10 at the 2026 PGA Championship?,PGA Championship: Will David Lipsky finish top 10?,1004.99,2026-05-16T00:26:12Z,4,8.4125,12.000000000000002,75.0,75.0,75.0,0,[]
2411126,KXPGATOUR-THMTPBW26-KBRA,same,0,Sports,Will Keegan Bradley win the 2026 the Memorial Tournament presented by Workday?,Will Keegan Bradley win the the Memorial Tournament presented by Workday?,1125.764908,2026-06-07T22:40:30Z,6,8.391666666666667,49.0,16.666666666666664,16.666666666666664,16.666666666666664,1,[1.0]
2411348,KXPGATOUR-THMTPBW26-JROS,same,0,Sports,Will Justin Rose win the 2026 the Memorial Tournament presented by Workday?,Will Justin Rose win the the Memorial Tournament presented by Workday?,14672.438252000002,2026-06-07T22:40:30Z,6,8.391666666666666,48.9,16.666666666666664,16.666666666666664,16.666666666666664,1,[1.0]
2553537,KXPGATOUR-USO26-MKIM,same,0,Sports,Will Michael Kim win the 2026 U.S. Open?,Will Michael Kim win the U.S. Open?,1806.4866650000001,2026-06-21T22:49:34Z,6,8.391666666666666,49.7,16.666666666666664,16.666666666666664,16.666666666666664,1,[1.0]
2232068,KXPGATOP20-PGC26-RHEN,same,0,Sports,Will Russell Henley finish in the Top 20 at the 2026 PGA Championship?,PGA Championship: Will Russell Henley finish top 20?,1261.342235,2026-05-16T00:25:54Z,4,8.375,15.0,75.0,75.0,50.0,1,[2.0]
2232051,KXPGATOP20-PGC26-TFLE,same,0,Sports,Will Tommy Fleetwood finish in the Top 20 at the 2026 PGA Championship?,PGA Championship: Will Tommy Fleetwood finish top 20?,1230.3169660000003,2026-05-16T00:25:53Z,4,8.374999999999998,18.5,50.0,50.0,50.0,1,[2.0]
2640811,KXPGATOP20-TRAV26-LABE,same,0,Sports,Will Ludvig Aberg finish in the Top 20 at the 2026 Travelers Championship?,Travelers Championship: Will Ludvig Aberg finish top 20?,1400.1767759999998,2026-06-29T14:20:03Z,6,8.366666666666669,15.000000000000002,83.33333333333334,66.66666666666666,50.0,1,[1.0]
2731476,KXPGATOUR-JODC26-LGLO,same,0,Sports,Will Lucas Glover win the 2026 John Deere Classic?,Will Lucas Glover win the John Deere Classic?,5378.181624000002,2026-07-05T21:55:00Z,6,8.366666666666667,44.5,33.33333333333333,16.666666666666664,16.666666666666664,1,[1.0]
2553437,KXPGATOUR-USO26-KBRA,same,0,Sports,Will Keegan Bradley win the 2026 U.S. Open?,Will Keegan Bradley win the U.S. Open?,1225.1599999999999,2026-06-21T22:49:34Z,6,8.366666666666665,49.25,16.666666666666664,16.666666666666664,16.666666666666664,1,[1.0]
2411362,KXPGATOUR-THMTPBW26-ASCO,same,0,Sports,Will Adam Scott win the 2026 the Memorial Tournament presented by Workday?,Will Adam Scott win the the Memorial Tournament presented by Workday?,3806.5931000000005,2026-06-07T22:40:30Z,6,8.358333333333333,48.9,16.666666666666664,16.666666666666664,16.666666666666664,1,[1.0]
2614660,KXWCGOAL-26JUN22JORDZA-DZARMAHRE7-1,same,0,Sports,Riyad Mahrez: 1+ goals,Riyad Mahrez: 1+ goals,4144.479158000002,2026-06-23T04:39:43Z,3,8.333333333333332,13.0,100.0,66.66666666666666,33.33333333333333,1,[1.0]
2471217,KXPGATOUR-RBBCAN26-NSHI,same,0,Sports,Will Neal Shipley win the 2026 RBC Canadian Open?,Will Neal Shipley win the RBC Canadian Open?,93012.435954,2026-06-14T23:09:44Z,6,8.299999999999999,49.7,16.666666666666664,16.666666666666664,16.666666666666664,1,[1.0]
2640304,KXPGATOUR-TRAV26-KREI,same,0,Sports,Will Kristoffer Reitan win the 2026 Travelers Championship?,Will Kristoffer Reitan win the Travelers Championship?,1861.538461,2026-06-29T13:23:12Z,6,8.283333333333333,48.699999999999996,16.666666666666664,16.666666666666664,16.666666666666664,1,[1.0]
705984,KXCA22PRIMARY-26-RVIL,same,0,Elections,Will Randy Villegas advance from the CA-22 Primary?,Who will win the CA-22 primary?,1621.750048,2026-06-10T01:20:00Z,156,8.275,45.65,75.64102564102564,53.205128205128204,32.05128205128205,24,"[7.0, 2.0, 2.0, 2.0, 1.0, 3.0, 1.0, 1.0, 1.0, 1.0, 1.0, 1.0, 2.0, 1.0, 1.0, 1.0, 1.0, 1.0, 1.0, 2.0, 2.0, 1.0, 2.0, 1.0]"
2553505,KXPGATOUR-USO26-SIM,same,0,Sports,Will Sung-Jae Im win the 2026 U.S. Open?,Will Sungjae Im win the U.S. Open?,2080.020999,2026-06-21T22:49:34Z,6,8.274999999999999,49.55,16.666666666666664,16.666666666666664,16.666666666666664,1,[1.0]
2532811,KXWCAST-26JUN16IRQNOR-NORMODEGA8-1,same,0,Sports,Martin Ødegaard: 1+ assists,Martin Odegaard: 1+ assists?,3613.769467000001,2026-06-16T23:43:23Z,2,8.250000000000002,16.5,50.0,50.0,50.0,0,[]
2607451,KXWCAST-26JUN21BELIRI-BELKDEBR11-1,same,0,Sports,Kevin De Bruyne: 1+ assists,Kevin De Bruyne: 1+ assists?,5860.383537000001,2026-06-21T20:53:23Z,2,8.250000000000002,10.0,100.0,100.0,0.0,0,[]
2494094,KXWCGOAL-26JUN15ESPCPV-ESPNWILLI10-1,same,0,Sports,Nico Williams: 1+ goals,Nico Williams: 1+ goals,4192.204528,2026-06-15T18:50:19Z,2,8.25,10.499999999999998,100.0,100.0,50.0,0,[]
2581931,KXWCGOAL-26JUN19USAAUS-USAWMCKEN22-1,same,0,Sports,Weston McKennie: 1+ goals,Weston McKennie: 1+ goals,3402.373091000001,2026-06-19T21:01:22Z,2,8.25,8.5,100.0,100.0,0.0,0,[]
2494410,KXWCGOAL-26JUN13HTISCO-SCOJMCGIN7-1,same,0,Sports,John McGinn: 1+ goals,John McGinn: 1+ goals,1648.099173,2026-06-14T02:47:23Z,2,8.25,13.0,100.0,50.0,50.0,1,[1.0]
2486799,KXWCGOAL-26JUN13QATSUI-SUIDNDOYE14-1,same,0,Sports,Dan Ndoye: 1+ goals,Dan Ndoye: 1+ goals,5899.268223000002,2026-06-13T20:33:23Z,2,8.249999999999998,12.999999999999998,100.0,50.0,50.0,1,[1.0]
1972382,KXNBAEFINMVP-26-JBRU,same,0,Sports,Will Jalen Brunson win the 2026 Eastern Conference Finals MVP?,Who will win Eastern Conference Finals MVP?,25777.14283499999,2026-05-26T02:50:04Z,37,8.243243243243244,35.0,91.8918918918919,54.054054054054056,24.324324324324326,8,"[1.0, 1.0, 1.0, 1.0, 1.0, 1.0, 1.0, 1.0]"
906915,KXGOVSCNOMD-26-BWEB,same,1,Elections,Will Billy Webster win the 2026 South Carolina Governor Democratic primary election?,Will Billy Webster be the Democratic nominee for Governor in South Carolina?,7285.218314999999,2026-06-10T01:14:45Z,37,8.24054054054054,67.5,91.8918918918919,67.56756756756756,21.62162162162162,6,"[1.0, 2.0, 5.0, 1.0, 3.0, 1.0]"
2662718,KXWCGOAL-26JUN26EGYIRI-IRIMTAREM99-1,same,0,Sports,Mehdi Taremi: 1+ goals,Mehdi Taremi: 1+ goals,3169.4712640000002,2026-06-27T05:09:55Z,3,8.166666666666668,13.5,66.66666666666666,66.66666666666666,66.66666666666666,0,[]
2722024,KXWCGOAL-26JUL01ENGCOD-ENGJBELLI5-1,same,0,Sports,Jude Bellingham: 1+ goals,Jude Bellingham: 1+ goals,53460.495869999984,2026-07-01T18:20:06Z,3,8.166666666666666,10.499999999999998,100.0,100.0,33.33333333333333,0,[]
2232096,KXPGATOP20-PGC26-BKOE,same,0,Sports,Will Brooks Koepka finish in the Top 20 at the 2026 PGA Championship?,PGA Championship: Will Brooks Koepka finish top 20?,6600.197644999998,2026-05-18T00:21:06Z,6,8.166666666666666,20.0,83.33333333333334,33.33333333333333,33.33333333333333,2,"[1.0, 1.0]"
2060570,KXUELBTTS-26MAY20SCFAVL-BTTS,same,0,Sports,Montevideo City Torque vs. CD Riestra: Both Teams to Score,Will both teams score?,13696.253940999999,2026-05-20T20:50:48Z,7,8.135714285714286,49.95,28.57142857142857,14.285714285714285,14.285714285714285,0,[]
2640170,KXPGATOUR-TRAV26-RHEN,same,0,Sports,Will Russell Henley win the 2026 Travelers Championship?,Will Russell Henley win the Travelers Championship?,3708.085739,2026-06-29T13:23:12Z,6,8.133333333333333,45.050000000000004,16.666666666666664,16.666666666666664,16.666666666666664,1,[1.0]
2231979,KXPGATOP10-PGC26-BIH,same,0,Sports,Will Billy Horschel finish in the Top 10 at the 2026 PGA Championship?,PGA Championship: Will Billy Horschel finish top 10?,1004.99,2026-05-16T00:26:17Z,4,8.1125,12.049999999999999,75.0,75.0,50.0,0,[]
2553762,KXPGATOP10-USO26-CMOR,same,0,Sports,Will Collin Morikawa finish in the Top 10 at the 2026 U.S. Open?,U.S. Open: Will Collin Morikawa finish top 10?,4759.25739,2026-06-22T00:19:56Z,6,8.083333333333332,28.000000000000004,66.66666666666666,50.0,16.666666666666664,2,"[1.0, 1.0]"
2231957,KXPGATOP10-PGC26-LUG,same,0,Sports,Will Lucas Glover finish in the Top 10 at the 2026 PGA Championship?,PGA Championship: Will Lucas Glover finish top 10?,1200.0,2026-05-16T00:26:16Z,4,8.037500000000001,16.55,75.0,50.0,50.0,1,[1.0]
2232036,KXPGATOP20-PGC26-TYC,same,0,Sports,Will Tyler Collet finish in the Top 20 at the 2026 PGA Championship?,PGA Championship: Will Tyler Collet finish top 20?,2331.991,2026-05-16T00:25:59Z,4,8.025,12.15,75.0,75.0,50.0,0,[]
2294557,KXPGATOP10-THCCBN26-ASVE,same,0,Sports,Will Adam Svensson finish in the Top 10 at the 2026 THE CJ CUP Byron Nelson?,THE CJ CUP Byron Nelson: Will Adam Svensson finish top 10?,1106.721,2026-05-25T01:02:03Z,6,8.008333333333333,21.999999999999996,66.66666666666666,50.0,33.33333333333333,0,[]
2657676,KXWCGOAL-26JUN26SENIRQ-SENSMANE10-1,same,0,Sports,Sadio Mané: 1+ goals,Sadio Mane: 1+ goals,2367.743137,2026-06-26T21:14:44Z,2,8.000000000000002,10.999999999999998,100.0,100.0,50.0,1,[1.0]
2731223,KXPGATOUR-JODC26-CGOT,same,0,Sports,Will Chris Gotterup win the 2026 John Deere Classic?,Will Chris Gotterup win the John Deere Classic?,20030.625183,2026-07-05T21:55:00Z,6,8.0,45.0,16.666666666666664,16.666666666666664,16.666666666666664,1,[1.0]
2553883,KXPGATOP20-USO26-TFLE,same,0,Sports,Will Tommy Fleetwood finish in the Top 20 at the 2026 U.S. Open?,U.S. Open: Will Tommy Fleetwood finish top 20?,1615.1000170000002,2026-06-22T00:20:05Z,6,8.0,18.5,83.33333333333334,50.0,33.33333333333333,1,[2.0]
2556504,KXWCGOAL-26JUN18SUIBIH-SUIDNDOYE14-1,same,0,Sports,Dan Ndoye: 1+ goals,Dan Ndoye: 1+ goals,5605.724538999999,2026-06-18T20:30:34Z,2,8.0,10.500000000000002,100.0,100.0,50.0,0,[]
2294530,KXPGATOP10-THCCBN26-ZBLA,same,0,Sports,Will Zac Blair finish in the Top 10 at the 2026 THE CJ CUP Byron Nelson?,THE CJ CUP Byron Nelson: Will Zac Blair finish top 10?,1217.0021,2026-05-25T01:01:58Z,6,8.0,19.5,50.0,50.0,50.0,0,[]
2661664,KXWCGOAL-26JUN26CPVKSA-CPVDLIVRA14-1,same,0,Sports,Dailon Livramento: 1+ goals,Dailon Livramento: 1+ goals,1883.122996,2026-06-27T01:23:23Z,2,7.999999999999998,9.499999999999996,100.0,100.0,0.0,0,[]
2486781,KXWCGOAL-26JUN13BRAMAR-BRARAPH11-1,same,0,Sports,Raphinha: 1+ goals,Raphinha: 1+ goals,6953.633272999999,2026-06-14T00:20:07Z,2,7.999999999999997,11.999999999999996,100.0,50.0,50.0,1,[1.0]
2640311,KXPGATOUR-TRAV26-XSCH,same,0,Sports,Will Xander Schauffele win the 2026 Travelers Championship?,Will Xander Schauffele win the Travelers Championship?,2399.516491,2026-06-29T13:23:12Z,6,7.991666666666667,44.95,16.666666666666664,16.666666666666664,16.666666666666664,1,[1.0]
801862,KXSENATESCD-26-KFRE,same,0,Elections,Will Kyle Freeman be the Democratic nominee for Senate in North Carolina?,Will Kyle Freeman be the Democratic nominee for the Senate in South Carolina?,7983.490223000001,2026-06-10T00:36:43Z,132,7.961742424242424,20.9,74.24242424242425,50.0,37.878787878787875,5,"[1.0, 9.0, 4.0, 2.0, 1.0]"
679689,KXSENATEALD-26-DLAR,same,0,Elections,Will Dakarai Larriett be the Democratic nominee for Senate in Alabama?,Will Dakarai Larriett be the Democratic nominee for the Senate in Alabama?,9425.554280000002,2026-06-17T03:11:13Z,181,7.956629834254144,68.0,64.64088397790056,39.77900552486188,26.519337016574585,14,"[9.0, 3.0, 3.0, 5.0, 2.0, 1.0, 2.0, 1.0, 3.0, 1.0, 7.0, 1.0, 1.0, 1.0]"
704093,KXNE2D-26-EARG,same,0,Elections,Will Evangelos Argyrakis be the Democratic nominee for NE-02?,Will Evangelos Argyrakis be the Democratic nominee for NE-2?,4607.737133,2026-05-14T01:17:27Z,127,7.956299212598425,47.5,85.03937007874016,70.86614173228347,45.66929133858268,4,"[1.0, 26.0, 8.0, 2.0]"
1830739,KXCOPPAITALIA-26-LAZ,same,0,Sports,Will Lazio win Coppa Italia?,Will Lazio win the Coppa Italia?,13264.828788,2026-05-14T17:41:31Z,21,7.928571428571429,38.0,66.66666666666666,47.61904761904761,23.809523809523807,6,"[1.0, 2.0, 1.0, 1.0, 1.0, 1.0]"
1833902,KXANIMEBNS-26-CLE,same,0,Entertainment,"Will ""Clevatess"" win Best New Series at the 2026 Crunchyroll Anime Awards?",2026 Crunchyroll Anime Award for Best New Series?,4749.495463999999,2026-05-23T15:38:20Z,20,7.9275,44.199999999999996,50.0,25.0,25.0,4,"[1.0, 1.0, 1.0, 1.0]"
2731680,KXPGATOP5-JODC26-CGOT,same,0,Sports,Will Chris Gotterup finish in the Top 5 at the 2026 John Deere Classic?,John Deere Classic: Will Chris Gotterup finish top 5?,1047.843182,2026-07-05T22:59:49Z,6,7.916666666666667,10.0,100.0,83.33333333333334,0.0,1,[3.0]
2553608,KXPGATOP5-USO26-RMCI,same,0,Sports,Will Rory McIlroy finish in the Top 5 at the 2026 U.S. Open?,U.S. Open: Will Rory McIlroy finish top 5?,4160.494962000001,2026-06-22T00:19:43Z,6,7.916666666666667,25.5,83.33333333333334,50.0,33.33333333333333,1,[1.0]
2232065,KXPGATOP20-PGC26-PHAR,same,0,Sports,Will Pádraig Harrington finish in the Top 20 at the 2026 PGA Championship?,PGA Championship: Will Padraig Harrington finish top 20?,3100.0,2026-05-18T00:21:05Z,6,7.900000000000001,15.500000000000004,83.33333333333334,83.33333333333334,16.666666666666664,0,[]
2305928,KXCS2-ASIA26-LGC,same,0,Sports,Will Legacy win CS Asia Championships 2026?,Will Legacy win CS Asia Championships?,14176.351747000008,2026-05-24T20:51:26Z,4,7.8875,15.7,100.0,50.0,50.0,1,[2.0]
2553563,KXPGATOUR-USO26-PROD,same,0,Sports,Will Patrick Rodgers win the 2026 U.S. Open?,Will Patrick Rodgers win the U.S. Open?,580965.0,2026-06-21T22:49:34Z,6,7.883333333333332,47.199999999999996,16.666666666666664,16.666666666666664,16.666666666666664,1,[1.0]
2361408,KXRT-BAC-70,same,1,Entertainment,"Will ""Backrooms"" score at least 70 on the Rotten Tomatoes Tomatometer?",Backrooms Rotten Tomatoes score?,1925.362965,2026-06-01T14:00:00Z,5,7.839999999999999,35.0,40.0,20.0,20.0,1,[1.0]
2553751,KXPGATOP10-USO26-TFLE,same,0,Sports,Will Tommy Fleetwood finish in the Top 10 at the 2026 U.S. Open?,U.S. Open: Will Tommy Fleetwood finish top 10?,2017.830694,2026-06-22T00:19:53Z,6,7.833333333333332,15.999999999999998,100.0,50.0,33.33333333333333,2,"[1.0, 1.0]"
2731458,KXPGATOUR-JODC26-ZBLA,same,0,Sports,Will Zac Blair win the 2026 John Deere Classic?,Will Zac Blair win the John Deere Classic?,3171.9460579999995,2026-07-05T21:55:00Z,6,7.824999999999999,44.7,16.666666666666664,16.666666666666664,16.666666666666664,1,[1.0]
703888,KXNY17D-26-CCON,same,0,Elections,Will Cait Conley be the Democratic nominee for NY-17?,Will Cait Conley be the Democratic nominee for NY-17?,130732.53819699996,2026-06-24T01:48:45Z,176,7.801704545454545,23.500000000000004,82.38636363636364,57.38636363636363,34.659090909090914,24,"[6.0, 1.0, 3.0, 1.0, 3.0, 12.0, 1.0, 3.0, 3.0, 1.0, 4.0, 1.0, 3.0, 1.0, 2.0, 3.0, 1.0, 2.0, 1.0, 1.0, 2.0, 5.0, 1.0, 1.0]"
2231854,KXPGATOP5-PGC26-LUG,same,0,Sports,Will Lucas Glover finish in the Top 5 at the 2026 PGA Championship?,PGA Championship: Will Lucas Glover finish top 5?,1104.9940000000001,2026-05-16T00:26:31Z,4,7.7875,14.049999999999999,75.0,75.0,50.0,1,[1.0]
2653720,KXWCGOAL-26JUN25ECUGER-ECUEVALEN13-1,same,0,Sports,Enner Valencia: 1+ goals,Enner Valencia: 1+ goals,3989.637667000002,2026-06-25T21:25:19Z,2,7.750000000000002,8.500000000000002,100.0,100.0,0.0,0,[]
2398477,KXWTASETWINNER-26JUN01POTKAL-1-POT,same,0,Sports,Set 1 Winner: Potapova vs Kalinskaya,Will Anastasia Potapova win set 1 in the Anastasia Potapova vs Anna Kalinskaya match,17451.027271000003,2026-06-01T10:05:37Z,2,7.750000000000001,13.5,100.0,50.0,50.0,1,[1.0]
2231958,KXPGATOP10-PGC26-CGOT,same,0,Sports,Will Chris Gotterup finish in the Top 10 at the 2026 PGA Championship?,PGA Championship: Will Chris Gotterup finish top 10?,10665.744537999999,2026-05-18T00:20:45Z,6,7.750000000000001,27.500000000000004,83.33333333333334,33.33333333333333,16.666666666666664,2,"[1.0, 1.0]"
2497838,KXWCAST-26JUN13QATSUI-SUIDNDOYE14-1,same,0,Sports,Dan Ndoye: 1+ assists,Dan Ndoye: 1+ assists?,1265.7238169999998,2026-06-13T20:33:23Z,2,7.75,8.500000000000002,100.0,100.0,0.0,0,[]
2553885,KXPGATOP20-USO26-CAME,same,0,Sports,Will Cameron Young finish in the Top 20 at the 2026 U.S. Open?,U.S. Open: Will Cameron Young finish top 20?,1067.002231,2026-06-22T00:20:10Z,6,7.75,18.5,100.0,66.66666666666666,33.33333333333333,2,"[1.0, 2.0]"
2354253,KXPGATOUR-CHSC26-MMEI,same,0,Sports,Will Mac Meissner win the 2026 Charles Schwab Challenge?,Will Mac Meissner win the Charles Schwab Challenge?,6557.393429000001,2026-05-31T22:26:21Z,6,7.691666666666666,21.75,33.33333333333333,33.33333333333333,33.33333333333333,1,[1.0]
2231977,KXPGATOP10-PGC26-IAH,same,0,Sports,Will Ian Holt finish in the Top 10 at the 2026 PGA Championship?,PGA Championship: Will Ian Holt finish top 10?,1100.0,2026-05-16T00:26:16Z,4,7.6625,11.75,75.0,75.0,50.0,0,[]
704280,KXUT1D-26-BMCA,same,0,Elections,Will Ben McAdams be the Democratic nominee for UT-01?,Will Ben McAdams be the Democratic nominee for UT-1?,110043.141087,2026-06-24T02:26:00Z,200,7.63525,34.5,84.0,45.5,22.0,25,"[1.0, 1.0, 1.0, 1.0, 12.0, 1.0, 1.0, 2.0, 1.0, 3.0, 2.0, 1.0, 1.0, 5.0, 2.0, 1.0, 2.0, 5.0, 1.0, 1.0, 1.0, 7.0, 4.0, 1.0, 1.0]"
2156476,KXPGATOP5-ONMBC26-EHAR,same,0,Sports,Will Evan Harmeling finish in the Top 5 at the 2026 ONEflight Myrtle Beach Classic?,ONEflight Myrtle Beach Classic: Will Evan Harmeling finish top 5?,1090.0,2026-05-09T01:50:59Z,3,7.633333333333333,20.5,33.33333333333333,33.33333333333333,33.33333333333333,0,[]
578398,KXSERIEARELEGATION-26-CRE,same,0,Sports,Will Cremonese be relegated from Serie A after the 2025-26 season?,Will Cremonese be Relegated from Serie A in 2025-26 Season?,2339.0221869999996,2026-05-25T22:40:47Z,50,7.6,37.50000000000001,82.0,54.0,28.000000000000004,8,"[3.0, 1.0, 2.0, 1.0, 2.0, 2.0, 1.0, 1.0]"
2433491,KXCS2QUALIFIERS-26IEMCOLFIN-AUR,same,0,Sports,Will Aurora reach the Grand Final at IEM Cologne Major 2026?,Will Aurora Gaming qualify for the Grand Final at 2026 IEM Cologne?,63340.417317999985,2026-06-20T16:50:48Z,6,7.583333333333333,31.0,66.66666666666666,16.666666666666664,16.666666666666664,1,[1.0]
2231997,KXPGATOP10-PGC26-MLEE,same,0,Sports,Will Min Woo Lee finish in the Top 10 at the 2026 PGA Championship?,PGA Championship: Will Min Woo Lee finish top 10?,5466.878965999999,2026-05-18T00:20:53Z,6,7.583333333333333,32.0,83.33333333333334,33.33333333333333,16.666666666666664,1,[1.0]
2354180,KXPGATOUR-CHSC26-RHEN,same,0,Sports,Will Russell Henley win the 2026 Charles Schwab Challenge?,Will Russell Henley win the Charles Schwab Challenge?,47845.20199000001,2026-05-31T22:26:21Z,6,7.583333333333333,43.3,16.666666666666664,16.666666666666664,16.666666666666664,1,[1.0]
2553395,KXPGATOUR-USO26-MMCN,same,0,Sports,Will Maverick McNealy win the 2026 U.S. Open?,Will Maverick McNealy win the U.S. Open?,11464.723916999998,2026-06-21T22:49:34Z,6,7.525000000000001,43.85,16.666666666666664,16.666666666666664,16.666666666666664,1,[1.0]
2329361,KXATPSETWINNER-26MAY24FRIBAS-1-FRI,same,0,Sports,Set 1 Winner: Fritz vs Basavareddy,Will Taylor Fritz win set 1 in the Taylor Fritz vs Nishesh Basavareddy match,3941.928413,2026-05-24T16:31:17Z,2,7.500000000000002,11.5,100.0,50.0,50.0,1,[1.0]
2382209,KXATPSETWINNER-26MAY30AUGNAK-1-NAK,inverse,0,Sports,Set 1 Winner: Auger-Aliassime vs Nakashima,Will Brandon Nakashima win set 1 in the Felix Auger-Aliassime vs Brandon Nakashima match,4034.991857000001,2026-05-30T19:57:21Z,2,7.500000000000001,14.500000000000002,50.0,50.0,50.0,1,[1.0]
2676151,KXWCGOAL-26JUN27COLPOR-COLLDIAZ14-1,same,0,Sports,Luis Díaz: 1+ goals,Luis Diaz: 1+ goals,15114.059506000005,2026-06-28T01:40:08Z,2,7.500000000000001,9.5,100.0,100.0,0.0,0,[]
2614661,KXWCGOAL-26JUN22JORDZA-DZARMAHRE7-2,same,0,Sports,Riyad Mahrez: 2+ goals,Riyad Mahrez: 2+ goals,1889.8040050000002,2026-06-23T04:39:44Z,3,7.5,17.0,66.66666666666666,33.33333333333333,33.33333333333333,1,[1.0]
2657717,KXWCGOAL-26JUN26NORFRA-FRAODEMBE10-1,same,0,Sports,Ousmane Dembélé: 1+ goals,Ousmane Dembele: 1+ goals,19249.783403999994,2026-06-26T19:15:07Z,2,7.499999999999999,14.499999999999998,50.0,50.0,50.0,1,[1.0]
2571580,KXWCGOAL-26JUN19SCOMAR-MARBDIAZ21-1,same,0,Sports,Brahim Díaz: 1+ goals,Brahim Diaz: 1+ goals,10646.321126,2026-06-19T23:47:06Z,2,7.499999999999999,12.499999999999996,100.0,50.0,50.0,1,[1.0]
703947,KXME02D-26-MDUN,same,0,Elections,Will Matthew Dunlap be the Democratic nominee for ME-02?,Will Matthew Dunlap be the Democratic nominee for ME-02?,6868.039299000002,2026-06-19T12:33:39Z,179,7.45977653631285,34.5,73.74301675977654,50.27932960893855,26.256983240223462,21,"[1.0, 4.0, 1.0, 6.0, 2.0, 1.0, 3.0, 1.0, 1.0, 1.0, 1.0, 1.0, 1.0, 1.0, 2.0, 1.0, 1.0, 1.0, 1.0, 1.0, 1.0]"
2148830,KXUCLBTTS-26MAY30PSGARS-BTTS,same,0,Sports,Henan FC vs. Zhejiang Zhiye FC: Both Teams to Score,Will both teams score?,10262.658308,2026-05-30T18:05:21Z,23,7.456521739130434,12.0,95.65217391304348,91.30434782608695,4.3478260869565215,2,"[15.0, 1.0]"
2232044,KXPGATOP20-PGC26-JDUF,same,0,Sports,Will Jason Dufner finish in the Top 20 at the 2026 PGA Championship?,PGA Championship: Will Jason Dufner finish top 20?,2290.05,2026-05-16T00:25:53Z,4,7.450000000000001,11.25,75.0,75.0,25.0,0,[]
2354195,KXPGATOUR-CHSC26-BGRI,same,0,Sports,Will Ben Griffin win the 2026 Charles Schwab Challenge?,Will Ben Griffin win the Charles Schwab Challenge?,12563.971513000002,2026-05-31T22:26:21Z,6,7.449999999999999,41.05,16.666666666666664,16.666666666666664,16.666666666666664,1,[1.0]
1833971,KXANIMEBOA-26-ZEN,same,0,Entertainment,"Will ""ZENSHU"" win Best Original Anime at the 2026 Crunchyroll Anime Awards?",2026 Crunchyroll Anime Award for Best Original Anime?,1998.249084,2026-05-23T15:37:07Z,30,7.433333333333334,52.0,90.0,56.666666666666664,13.333333333333334,5,"[1.0, 1.0, 5.0, 1.0, 1.0]"
582184,KXBUNDESLIGATOP4-26-TSG,same,0,Sports,Will Hoffenheim finish in the top 4 of the Bundesliga 2025–26 standings?,Will Hoffenheim finish in the top 4 in the 2025-26 Bundesliga season?,6511.468172000004,2026-05-17T02:00:00Z,96,7.432291666666667,34.5,72.91666666666666,48.95833333333333,23.958333333333336,20,"[1.0, 2.0, 1.0, 1.0, 1.0, 1.0, 1.0, 1.0, 1.0, 2.0, 3.0, 2.0, 4.0, 1.0, 2.0, 1.0, 1.0, 2.0, 1.0, 1.0]"
907354,KXGOVMDNOMR-26-CBOU,same,1,Elections,Will Christopher Bouchat win the 2026 Maryland Governor Republican primary election?,Will Christopher Bouchat be the Republican nominee for Governor in Maryland?,37160.678998999996,2026-06-24T02:22:55Z,150,7.416,34.5,45.33333333333333,40.666666666666664,30.666666666666664,4,"[12.0, 1.0, 3.0, 1.0]"
579360,KXSERIEATOP4-26-JUV,same,0,Sports,Will Juventus finish in the top 4 in the 2025-26 Serie A season?,Will Juventus finish in the top 4 in the 2025-26 Serie A season?,38604.355802000005,2026-05-25T02:00:00Z,99,7.388888888888889,60.0,75.75757575757575,45.45454545454545,19.19191919191919,18,"[1.0, 2.0, 1.0, 1.0, 1.0, 3.0, 1.0, 2.0, 2.0, 1.0, 1.0, 1.0, 1.0, 2.0, 1.0, 1.0, 2.0, 2.0]"
2314487,KXNJPRIMARY-03R26-MMCG,same,0,Elections,Will Michael McGuire be the Republican nominee for NJ-03?,Will Michael McGuire be the Republican nominee for NJ-03?,1123.187238,2026-06-03T02:31:59Z,12,7.375,25.5,66.66666666666666,50.0,33.33333333333333,1,[3.0]
2158495,KXCS2-AST26-TS,same,0,Sports,Will Spirit win PGL Astana 2026?,Will Spirit win PGL Astana?,101221.15396800016,2026-05-18T13:51:35Z,12,7.375,21.499999999999996,83.33333333333334,41.66666666666667,25.0,3,"[1.0, 1.0, 2.0]"
2232086,KXPGATOP20-PGC26-JAJ,same,0,Sports,Will Jared Jones finish in the Top 20 at the 2026 PGA Championship?,PGA Championship: Will Jared Jones finish top 20?,6878.302000000001,2026-05-16T00:26:02Z,4,7.35,9.75,100.0,75.0,0.0,0,[]
2232050,KXPGATOP20-PGC26-MFIT,same,0,Sports,Will Matt Fitzpatrick finish in the Top 20 at the 2026 PGA Championship?,PGA Championship: Will Matt Fitzpatrick finish top 20?,2565.103699,2026-05-18T00:21:03Z,6,7.341666666666666,20.5,66.66666666666666,33.33333333333333,33.33333333333333,1,[2.0]
1972378,KXNBAEFINMVP-26-JHARD,same,0,Sports,Will James Harden win the 2026 Eastern Conference Finals MVP?,Will James Harden win Eastern Conference Finals MVP?,1770.5376300000003,2026-05-26T02:50:04Z,16,7.3125,31.999999999999996,62.5,37.5,31.25,2,"[1.0, 2.0]"
679718,KXSENATEALR-26-JHUD,same,0,Elections,Will Jared Hudson be the Republican nominee for Senate in Alabama?,Will Jared Hudson be the Republican nominee for the Senate in Alabama?,134260.3319930001,2026-06-17T02:25:59Z,203,7.297290640394089,37.0,62.06896551724138,35.960591133004925,21.182266009852217,21,"[1.0, 6.0, 2.0, 2.0, 1.0, 2.0, 1.0, 1.0, 1.0, 1.0, 1.0, 1.0, 1.0, 1.0, 2.0, 1.0, 3.0, 1.0, 1.0, 1.0, 1.0]"
2493642,KXWCGOAL-26JUN17PORCOD-PORRLEAO10-1,same,0,Sports,Rafael Leão: 1+ goals,Rafael Leao: 1+ goals,4427.642231999999,2026-06-17T19:25:56Z,2,7.250000000000002,8.500000000000002,100.0,100.0,0.0,0,[]
2668264,KXWCAST-26JUN26NORFRA-FRAMOLISE17-1,same,0,Sports,Michael Olise: 1+ assists,Michael Olise: 1+ assists?,20604.71109400002,2026-06-26T20:29:59Z,2,7.250000000000001,12.5,100.0,50.0,50.0,1,[1.0]
2717478,KXWCAST-26JUN30FRASWE-FRAMOLISE17-2,same,0,Sports,Michael Olise: 2+ assists,Michael Olise: 2+ assists?,17199.299133000004,2026-06-30T22:43:19Z,2,7.250000000000001,8.000000000000002,100.0,100.0,0.0,0,[]
2635598,KXWCGOAL-26JUN24CZEMEX-CZEPSCHIC14-1,same,0,Sports,Patrik Schick: 1+ goals,Patrik Schick: 1+ goals,21573.151311999998,2026-06-25T03:04:44Z,2,7.250000000000001,8.000000000000002,100.0,100.0,0.0,0,[]
2521606,KXWCAST-26JUN14GERCUW-GERKHAVER29-1,same,0,Sports,Kai Havertz: 1+ assists,Kai Havertz: 1+ assists?,2859.21606,2026-06-14T19:10:13Z,2,7.250000000000001,9.0,100.0,100.0,0.0,0,[]
2492824,KXWTASETWINNER-26JUN11MCCSIE-1-SIE,inverse,0,Sports,Set 1 Winner: McNally vs Sierra,Will Solana Sierra win set 1 in the Catherine McNally vs Solana Sierra match,1863.8448460000002,2026-06-12T09:31:07Z,2,7.250000000000001,14.000000000000002,50.0,50.0,50.0,0,[]
2657670,KXWCGOAL-26JUN26SENIRQ-SENNJACKS11-1,same,0,Sports,Nicolas Jackson: 1+ goals,Nicolas Jackson: 1+ goals,6165.202786999997,2026-06-26T21:14:44Z,2,7.25,13.5,50.0,50.0,50.0,1,[1.0]
2595730,KXWCAST-26JUN20GERCIV-GERFWIRTZ7-1,same,0,Sports,Florian Wirtz: 1+ assists,Florian Wirtz: 1+ assists?,3265.5903340000004,2026-06-20T22:04:45Z,2,7.25,8.000000000000002,100.0,100.0,0.0,0,[]
2494306,KXWCGOAL-26JUN14GERCUW-GERKHAVER29-2,same,0,Sports,Kai Havertz: 2+ goals,Kai Havertz: 2+ goals,6987.714273,2026-06-14T19:10:18Z,2,7.25,9.0,100.0,100.0,0.0,0,[]
2676138,KXWCGOAL-26JUN27CODUZB-CODYWISSA9-1,same,0,Sports,Yoane Wissa: 1+ goals,Yoane Wissa: 1+ goals,1373.300861,2026-06-28T01:49:58Z,2,7.249999999999999,13.999999999999998,50.0,50.0,50.0,1,[1.0]
703946,KXME02D-26-JGOL,same,0,Elections,Will Jared Golden be the Democratic nominee for ME-02?,Will Jared Golden be the Democratic nominee for ME-02?,3388.4917540000006,2026-06-19T12:33:39Z,112,7.2491071428571425,43.5,73.21428571428571,50.0,20.535714285714285,7,"[1.0, 1.0, 2.0, 25.0, 1.0, 1.0, 4.0]"
2364877,KXCAPRIMARY-2626-DMIL,same,0,Elections,Will Daniel Miller advance from the CA-26 primary election?,Will Daniel Miller advance in the 2026 CA-26 primary?,2105.234763,2026-06-04T23:22:31Z,4,7.225,18.95,75.0,50.0,25.0,1,[1.0]
2411366,KXPGATOUR-THMTPBW26-ASMA,same,0,Sports,Will Alex Smalley win the 2026 the Memorial Tournament presented by Workday?,Will Alex Smalley win the the Memorial Tournament presented by Workday?,1367.9911,2026-06-05T22:40:30Z,4,7.212499999999999,27.799999999999997,25.0,25.0,25.0,1,[1.0]
2309962,KXCS2QUALIFIERS-26IEMCOLPO-NRG,same,0,Sports,Will NRG qualify to the IEM Cologne 2026 playoffs?,Will NRG qualify for the playoffs at 2026 IEM Cologne?,11142.0,2026-06-06T23:28:04Z,4,7.1875,13.5,75.0,75.0,25.0,1,[2.0]
2231950,KXPGATOP10-PGC26-MFIT,same,0,Sports,Will Matt Fitzpatrick finish in the Top 10 at the 2026 PGA Championship?,PGA Championship: Will Matt Fitzpatrick finish top 10?,3207.7999330000007,2026-05-18T00:20:44Z,6,7.175000000000001,14.049999999999999,83.33333333333334,66.66666666666666,33.33333333333333,1,[2.0]
2723666,KXWCGOAL-26JUL01BELSEN-BELKDEBR11-1,same,0,Sports,Kevin De Bruyne: 1+ goals,Kevin De Bruyne: 1+ goals,24189.645675000007,2026-07-01T21:17:19Z,3,7.166666666666668,12.0,100.0,66.66666666666666,33.33333333333333,1,[2.0]
2553964,KXPGATOP20-USO26-APUT,same,0,Sports,Will Andrew Putnam finish in the Top 20 at the 2026 U.S. Open?,U.S. Open: Will Andrew Putnam finish top 20?,1609.7450000000001,2026-06-22T00:20:14Z,6,7.166666666666667,18.0,66.66666666666666,66.66666666666666,33.33333333333333,2,"[1.0, 1.0]"
2553882,KXPGATOP20-USO26-MFIT,same,0,Sports,Will Matt Fitzpatrick finish in the Top 20 at the 2026 U.S. Open?,U.S. Open: Will Matt Fitzpatrick finish top 20?,1676.9493,2026-06-22T00:20:05Z,6,7.166666666666665,20.0,83.33333333333334,33.33333333333333,33.33333333333333,2,"[1.0, 1.0]"
1833905,KXANIMEBNS-26-SAK,same,0,Entertainment,"Will ""SAKAMOTO DAYS"" win Best New Series at the 2026 Crunchyroll Anime Awards?",2026 Crunchyroll Anime Award for Best New Series?,9896.576674999998,2026-05-23T15:38:20Z,34,7.147058823529412,60.50000000000001,76.47058823529412,35.294117647058826,20.588235294117645,7,"[1.0, 1.0, 1.0, 1.0, 1.0, 1.0, 2.0]"
579361,KXSERIEATOP4-26-ROM,same,0,Sports,Will Roma finish in the top 4 in the 2025-26 Serie A season?,Will Roma finish in the top 4 in the 2025-26 Serie A season?,7714.636710999999,2026-05-25T02:00:00Z,84,7.130952380952381,44.0,75.0,44.047619047619044,22.61904761904762,13,"[1.0, 1.0, 2.0, 2.0, 1.0, 1.0, 1.0, 1.0, 1.0, 1.0, 2.0, 1.0, 1.0]"
2354225,KXPGATOUR-CHSC26-ABHA,same,0,Sports,Will Akshay Bhatia win the 2026 Charles Schwab Challenge?,Will Akshay Bhatia win the Charles Schwab Challenge?,3729.9137610000007,2026-05-31T22:26:21Z,6,7.125,21.349999999999998,33.33333333333333,33.33333333333333,33.33333333333333,1,[2.0]
1835881,KXANIMEBVAPC-26-MART,same,0,Entertainment,Will Marta Barbará as Kaoruko Waguri (The Fragrant Flower Blooms With Dignity) win Best Anime Voice Artist Performance (Castilian Spanish) at the 2026 Crunchyroll Anime Awards?,2026 Crunchyroll Anime Award for Best Anime Voice Artist Performance (Castilian Spanish)?,6467.080967,2026-05-23T15:56:13Z,28,7.125,22.999999999999996,60.71428571428571,42.857142857142854,28.57142857142857,5,"[1.0, 1.0, 1.0, 1.0, 1.0]"
1833966,KXANIMEBOA-26-APO,same,0,Entertainment,"Will ""Apocalypse Hotel"" win Best Original Anime at the 2026 Crunchyroll Anime Awards?",2026 Crunchyroll Anime Award for Best Original Anime?,2322.979156,2026-05-23T15:37:07Z,30,7.1083333333333325,29.800000000000004,66.66666666666666,36.666666666666664,16.666666666666664,9,"[2.0, 1.0, 1.0, 1.0, 1.0, 1.0, 1.0, 2.0, 1.0]"
2354486,KXPGATOUR-CHSC26-GHIG,same,0,Sports,Will Garrick Higgo win the 2026 Charles Schwab Challenge?,Will Garrick Higgo win the Charles Schwab Challenge?,2210.734792,2026-05-31T22:26:21Z,6,7.083333333333335,22.75,50.0,33.33333333333333,33.33333333333333,1,[2.0]
2232109,KXPGATOP20-PGC26-RMCI,same,0,Sports,Will Rory McIlroy finish in the Top 20 at the 2026 PGA Championship?,PGA Championship: Will Rory McIlroy finish top 20?,3169.3171469999997,2026-05-18T00:21:07Z,6,7.083333333333333,21.000000000000004,66.66666666666666,33.33333333333333,33.33333333333333,1,[1.0]
2364945,KXCAPRIMARY-3726-TLOM,same,0,Elections,Will Todd Lombardo advance from the CA-37 primary election?,Will Todd Lombardo advance in the 2026 CA-37 primary?,3569.6123199999993,2026-06-10T00:11:17Z,11,7.081818181818182,23.400000000000002,63.63636363636363,27.27272727272727,27.27272727272727,3,"[1.0, 1.0, 1.0]"
704189,KXPA3D-26-GCAC,same,0,Elections,Will Gabriel Caceres be the Democratic nominee for PA-03?,Will Gabriel Caceres be the Democratic nominee for PA-3?,5165.496872999998,2026-05-20T02:58:08Z,127,7.078740157480314,41.5,61.417322834645674,38.582677165354326,33.07086614173229,8,"[1.0, 1.0, 1.0, 13.0, 4.0, 1.0, 5.0, 2.0]"
2095495,KXMLSBTTS-26MAY23CLTNE-BTTS,same,0,Sports,AC Sparta Praha vs. FC Hradec Králové: Both Teams to Score,Will both teams score?,1342.9075050000001,2026-05-24T01:35:12Z,7,7.071428571428569,10.999999999999998,100.0,71.42857142857143,14.285714285714285,1,[1.0]
1972394,KXNBAEFINMVP-26-OANU,same,0,Sports,Will OG Anunoby win the 2026 Eastern Conference Finals MVP?,Who will win Eastern Conference Finals MVP?,2065.639276,2026-05-26T02:50:04Z,8,7.05,41.5,75.0,12.5,12.5,1,[1.0]
2231971,KXPGATOP10-PGC26-JHIG,same,0,Sports,Will Joe Highsmith finish in the Top 10 at the 2026 PGA Championship?,PGA Championship: Will Joe Highsmith finish top 10?,1100.0,2026-05-16T00:26:09Z,4,7.049999999999999,12.049999999999999,75.0,50.0,50.0,1,[1.0]
2231841,KXPGATOP5-PGC26-JDUF,same,0,Sports,Will Jason Dufner finish in the Top 5 at the 2026 PGA Championship?,PGA Championship: Will Jason Dufner finish top 5?,1605.405102,2026-05-16T00:26:23Z,4,7.037499999999999,13.95,50.0,50.0,50.0,1,[2.0]
2354204,KXPGATOUR-CHSC26-HMAT,same,0,Sports,Will Hideki Matsuyama win the 2026 Charles Schwab Challenge?,Will Hideki Matsuyama win the Charles Schwab Challenge?,11218.50148,2026-05-31T22:26:21Z,6,7.033333333333332,39.449999999999996,16.666666666666664,16.666666666666664,16.666666666666664,1,[1.0]
2355871,KXWTASETWINNER-26MAY27KASBAN-1-KAS,same,0,Sports,Set 1 Winner: Kasatkina vs Bandecchi,Will Daria Kasatkina win set 1 in the Daria Kasatkina vs Susan Bandecchi match,1347.2228890000001,2026-05-28T14:53:30Z,3,7.000000000000003,17.999999999999993,66.66666666666666,33.33333333333333,33.33333333333333,1,[1.0]
2621618,KXWCAST-26JUN23ENGGHA-ENGHKANE9-1,same,0,Sports,Harry Kane: 1+ assists,Harry Kane: 1+ assists?,15410.607624999999,2026-06-23T22:14:46Z,2,7.000000000000002,9.000000000000002,100.0,100.0,0.0,0,[]
2669001,KXWCAST-26JUN26NZLBEL-BELJDOKU11-1,same,0,Sports,Jeremy Doku: 1+ assists,Jeremy Doku: 1+ assists?,1603.8573049999998,2026-06-27T04:19:44Z,3,7.000000000000001,8.5,100.0,100.0,0.0,0,[]
2610460,KXWCGOAL-26JUN22FRAIRQ-FRAODEMBE10-2,same,0,Sports,Ousmane Dembélé: 2+ goals,Ousmane Dembele: 2+ goals,12986.036838,2026-06-23T00:25:19Z,2,7.0,10.0,100.0,50.0,0.0,0,[]
2632697,KXWCGOAL-26JUN24SUICAN-SUIBEMBOL7-1,same,0,Sports,Breel Embolo: 1+ goals,Breel Embolo: 1+ goals,12127.312061000002,2026-06-24T20:43:21Z,2,7.0,13.0,50.0,50.0,50.0,1,[1.0]
2674315,KXWCGOAL-26JUN27CROGHA-CROIPERIS5-1,same,0,Sports,Ivan Perišić: 1+ goals,Ivan Perisic: 1+ goals,2486.14858,2026-06-27T23:05:07Z,2,7.0,7.500000000000001,100.0,100.0,0.0,0,[]
2708190,KXWCGOAL-26JUN29GERPAR-GERJMUSIA10-1,same,0,Sports,Jamal Musiala: 1+ goals,Jamal Musiala: 1+ goals,31437.955910000015,2026-06-29T23:39:48Z,2,7.0,13.5,50.0,50.0,50.0,1,[1.0]
2363393,KXWTASETWINNER-26MAY27VEKOSA-1-VEK,same,0,Sports,Set 1 Winner: Vekic vs Osaka,Will Donna Vekic win set 1 in the Donna Vekic vs Naomi Osaka match,1171.396398,2026-05-28T10:17:56Z,2,7.0,13.0,50.0,50.0,50.0,1,[1.0]
2520574,KXWCGOAL-26JUN17GHAPAN-GHAASEMEN42-1,same,0,Sports,Antoine Semenyo: 1+ goals,Antoine Semenyo: 1+ goals,21547.576254,2026-06-18T01:14:49Z,2,6.999999999999999,13.499999999999998,50.0,50.0,50.0,1,[1.0]
2493927,KXWCGOAL-26JUN15IRINZL-IRIMTAREM99-1,same,0,Sports,Mehdi Taremi: 1+ goals,Mehdi Taremi: 1+ goals,7551.384696999999,2026-06-16T02:47:22Z,2,6.999999999999998,10.999999999999998,100.0,50.0,50.0,1,[1.0]
2708184,KXWCGOAL-26JUN29GERPAR-GERFWIRTZ7-1,same,0,Sports,Florian Wirtz: 1+ goals,Florian Wirtz: 1+ goals,14221.088605000004,2026-06-29T22:59:50Z,2,6.9999999999999964,13.499999999999998,50.0,50.0,50.0,1,[1.0]
2382246,KXWTASETWINNER-26MAY30GAUPOT-1-POT,inverse,0,Sports,Set 1 Winner: Gauff vs Potapova,Will Anastasia Potapova win set 1 in the Coco Gauff vs Anastasia Potapova match,1197.914206,2026-05-30T16:17:07Z,2,6.999999999999995,12.99999999999999,50.0,50.0,50.0,1,[1.0]
960253,KXTXPRIMARY-30R26-EJAC,same,0,Elections,Will Everett Jackson be the Republican Nominee for TX-30?,Will Everett Jackson be the Republican nominee for TX-30?,3304.537048,2026-05-27T12:56:29Z,87,6.924712643678163,37.35000000000001,75.86206896551724,35.63218390804598,19.54022988505747,12,"[2.0, 1.0, 1.0, 1.0, 4.0, 2.0, 1.0, 1.0, 3.0, 1.0, 2.0, 3.0]"
2231914,KXPGATOP10-PGC26-LABE,same,0,Sports,Will Ludvig Aberg finish in the Top 10 at the 2026 PGA Championship?,PGA Championship: Will Ludvig Aberg finish top 10?,8212.107027,2026-05-18T00:20:42Z,6,6.916666666666667,13.5,66.66666666666666,50.0,50.0,1,[2.0]
2731678,KXPGATOP5-JODC26-BGRI,same,0,Sports,Will Ben Griffin finish in the Top 5 at the 2026 John Deere Classic?,John Deere Classic: Will Ben Griffin finish top 5?,2083.44,2026-07-05T22:59:49Z,6,6.916666666666667,10.499999999999998,83.33333333333334,83.33333333333334,16.666666666666664,1,[5.0]
788437,KXSENATEKYD-26-PSTE,same,0,Elections,Will Pamela Stevenson be the Democratic nominee for Senate in Kentucky?,Will Pamela Stevenson be the Democratic nominee for the Senate in Kentucky?,5168.269024000002,2026-05-20T02:07:05Z,138,6.91231884057971,26.500000000000007,49.275362318840585,38.405797101449274,33.33333333333333,8,"[6.0, 4.0, 4.0, 1.0, 4.0, 1.0, 1.0, 1.0]"
1972810,KXNBAFINMVP-26-KTOW,same,0,Sports,Will Karl-Anthony Towns win the 2026 NBA Finals MVP?,Who will win Finals MVP?,340865.32446799905,2026-06-14T04:21:39Z,55,6.905454545454545,40.5,54.54545454545454,29.09090909090909,16.363636363636363,6,"[1.0, 2.0, 2.0, 1.0, 1.0, 1.0]"
2433484,KXCS2QUALIFIERS-26IEMCOLFIN-VIT,same,0,Sports,Will Vitality reach the Grand Final at IEM Cologne Major 2026?,Will Vitality qualify for the Grand Final at 2026 IEM Cologne?,20482.19546399998,2026-06-19T23:23:41Z,5,6.900000000000001,20.999999999999996,80.0,60.0,20.0,1,[1.0]
645419,KXNHLCALDER-26-BSEN,same,0,Sports,Will Beckett Sennecke win the 2025–2026 NHL Calder Memorial Trophy?,Who will win Calder Memorial Trophy?,131819.08309799997,2026-05-13T18:42:22Z,144,6.895833333333333,51.45000000000001,82.63888888888889,38.19444444444444,17.36111111111111,21,"[1.0, 1.0, 1.0, 1.0, 1.0, 3.0, 2.0, 1.0, 3.0, 1.0, 1.0, 2.0, 1.0, 3.0, 2.0, 1.0, 1.0, 3.0, 4.0, 1.0, 1.0]"
1300847,KXVOTEFEDCHAIR-27-KCRA,same,1,Politics,Will Kevin Cramer vote to confirm Kevin Warsh as Chair of the Federal Reserve?,Will Kevin Cramer vote for the next Fed Chair nominee?,8226.634677999999,2026-05-13T19:45:24Z,64,6.863281249999998,43.50000000000001,59.375,26.5625,20.3125,5,"[1.0, 4.0, 1.0, 1.0, 1.0]"
2231840,KXPGATOP5-PGC26-JED,same,0,Sports,Will Jesse Droemer finish in the Top 5 at the 2026 PGA Championship?,PGA Championship: Will Jesse Droemer finish top 5?,2362.005059,2026-05-16T00:26:30Z,4,6.8374999999999995,26.650000000000002,25.0,25.0,25.0,1,[1.0]
2553891,KXPGATOP20-USO26-SBUR,same,0,Sports,Will Sam Burns finish in the Top 20 at the 2026 U.S. Open?,U.S. Open: Will Sam Burns finish top 20?,1247.547176,2026-06-22T00:20:04Z,6,6.833333333333333,18.0,66.66666666666666,50.0,33.33333333333333,1,[1.0]
2553610,KXPGATOP5-USO26-MFIT,same,0,Sports,Will Matt Fitzpatrick finish in the Top 5 at the 2026 U.S. Open?,U.S. Open: Will Matt Fitzpatrick finish top 5?,2223.4420019999993,2026-06-22T00:19:39Z,6,6.833333333333332,15.999999999999998,66.66666666666666,66.66666666666666,16.666666666666664,2,"[1.0, 1.0]"
2704654,KXWTASETWINNER-26JUN30WILJOI-2-WIL,same,0,Sports,Set 2 Winner: Williams vs Joint,Will Serena Williams win set 2 in the Serena Williams vs Maya Joint match,7056.510677000001,2026-06-30T20:26:53Z,3,6.833333333333332,10.499999999999993,100.0,66.66666666666666,33.33333333333333,0,[]
2553750,KXPGATOP10-USO26-MFIT,same,0,Sports,Will Matt Fitzpatrick finish in the Top 10 at the 2026 U.S. Open?,U.S. Open: Will Matt Fitzpatrick finish top 10?,1447.82385,2026-06-22T00:19:53Z,6,6.833333333333332,14.499999999999998,83.33333333333334,50.0,16.666666666666664,1,[1.0]
2734814,KXWCAST-26JUL02ESPAUT-ESPLYAMAL10-1,same,0,Sports,Lamine Yamal: 1+ assists,Lamine Yamal: 1+ assists?,19651.73947799998,2026-07-02T20:47:24Z,3,6.833333333333331,13.0,100.0,33.33333333333333,33.33333333333333,1,[1.0]
2553759,KXPGATOP10-USO26-WCLA,same,0,Sports,Will Wyndham Clark finish in the Top 10 at the 2026 U.S. Open?,U.S. Open: Will Wyndham Clark finish top 10?,3518.4535370000003,2026-06-22T00:19:52Z,6,6.825,20.999999999999996,66.66666666666666,50.0,16.666666666666664,2,"[1.0, 1.0]"
1830746,KXDFBPOKAL-26-BMU,same,0,Sports,Will Bayern Munich win DFB-Pokal?,Will Bayern Munich win the DFB Pokal?,63555.349137000005,2026-05-23T20:41:39Z,31,6.758064516129032,20.500000000000007,80.64516129032258,54.83870967741935,22.58064516129032,6,"[3.0, 1.0, 1.0, 1.0, 1.0, 2.0]"
2553879,KXPGATOP20-USO26-RMCI,same,0,Sports,Will Rory McIlroy finish in the Top 20 at the 2026 U.S. Open?,U.S. Open: Will Rory McIlroy finish top 20?,2851.3391429999997,2026-06-22T00:20:08Z,6,6.750000000000003,20.500000000000007,83.33333333333334,33.33333333333333,16.666666666666664,1,[1.0]
2598913,KXWCGOAL-26JUN21BELIRI-BELKDEBR11-1,same,0,Sports,Kevin De Bruyne: 1+ goals,Kevin De Bruyne: 1+ goals,28618.733431000004,2026-06-21T20:53:23Z,2,6.750000000000002,7.500000000000001,100.0,100.0,0.0,0,[]
2553910,KXPGATOP20-USO26-JNIE,same,0,Sports,Will Joaquin Niemann finish in the Top 20 at the 2026 U.S. Open?,U.S. Open: Will Joaquin Niemann finish top 20?,2546.118055,2026-06-22T00:20:09Z,6,6.750000000000001,13.5,66.66666666666666,66.66666666666666,33.33333333333333,2,"[1.0, 1.0]"
2494022,KXWCGOAL-26JUN15BELEGY-BELJDOKU11-1,same,0,Sports,Jeremy Doku: 1+ goals,Jeremy Doku: 1+ goals,14650.897985000012,2026-06-15T20:47:21Z,2,6.75,7.000000000000001,100.0,100.0,0.0,0,[]
2433493,KXCS2QUALIFIERS-26IEMCOLFIN-G2,same,0,Sports,Will G2 reach the Grand Final at IEM Cologne Major 2026?,Will G2 qualify for the Grand Final at 2026 IEM Cologne?,68148.81819,2026-06-19T23:23:55Z,5,6.75,26.05,60.0,20.0,20.0,1,[1.0]
2711494,KXWCAST-26JUN29GERPAR-GERFWIRTZ7-1,same,0,Sports,Florian Wirtz: 1+ assists,Florian Wirtz: 1+ assists?,7420.720648999999,2026-06-29T22:59:50Z,2,6.75,10.0,100.0,50.0,0.0,1,[1.0]
2662729,KXWCGOAL-26JUN26EGYIRI-EGYOMARMO7-1,same,0,Sports,Omar Marmoush: 1+ goals,Omar Marmoush: 1+ goals,1763.6686509999995,2026-06-27T05:09:55Z,2,6.75,9.5,100.0,50.0,0.0,1,[1.0]
2253922,KXBBCHARTPOSITIONSONG-26MAY23THE-1,same,0,Entertainment,"Will ""The Great Divide - Noah Kahan"" be the Billboard Hot 100 #1 song for the week of May 23?","Will The Great Divide be #1 on the Billboard Hot 100 during the week of May 23, 2026",1152.79597,2026-05-18T03:59:00Z,2,6.75,7.000000000000001,100.0,100.0,0.0,0,[]
2553909,KXPGATOP20-USO26-SLOW,same,0,Sports,Will Shane Lowry finish in the Top 20 at the 2026 U.S. Open?,U.S. Open: Will Shane Lowry finish top 20?,1505.170254,2026-06-20T01:11:40Z,4,6.75,12.500000000000004,75.0,50.0,25.0,1,[1.0]
2610456,KXWCGOAL-26JUN22FRAIRQ-FRAMOLISE17-1,same,0,Sports,Michael Olise: 1+ goals,Michael Olise: 1+ goals,111667.57284699997,2026-06-23T00:23:24Z,2,6.75,10.499999999999998,100.0,50.0,50.0,1,[1.0]
679366,KXKXSENATEIAD-26-JTUR,same,0,Elections,Will Josh Turek be the Democratic nominee for Senate in Iowa?,Will Josh Turek be the Democratic nominee for the Senate in Iowa?,15228.116450000005,2026-06-03T02:35:14Z,177,6.7420903954802265,23.0,75.14124293785311,51.41242937853108,28.24858757062147,27,"[5.0, 5.0, 1.0, 3.0, 1.0, 1.0, 2.0, 1.0, 2.0, 2.0, 1.0, 2.0, 1.0, 2.0, 1.0, 1.0, 2.0, 4.0, 1.0, 1.0, 1.0, 1.0, 1.0, 2.0, 1.0, 1.0, 1.0]"
2411166,KXPGATOUR-THMTPBW26-JDAY,same,0,Sports,Will Jason Day win the 2026 the Memorial Tournament presented by Workday?,Will Jason Day win the the Memorial Tournament presented by Workday?,1137.9911,2026-06-05T22:40:27Z,4,6.7125,26.0,25.0,25.0,25.0,1,[1.0]
2471008,KXPGATOUR-RBBCAN26-CMOR,same,0,Sports,Will Collin Morikawa win the 2026 RBC Canadian Open?,Will Collin Morikawa win the RBC Canadian Open?,7311.541718000001,2026-06-14T23:09:44Z,6,6.691666666666666,38.800000000000004,16.666666666666664,16.666666666666664,16.666666666666664,1,[1.0]
2533144,KXATPSETWINNER-26JUN14KHAQUI-1-QUI,inverse,0,Sports,Set 1 Winner: Khachanov vs Quinn,Will Ethan Quinn win set 1 in the Karen Khachanov vs Ethan Quinn match,10977.327449000002,2026-06-16T10:32:38Z,3,6.666666666666669,16.000000000000004,100.0,33.33333333333333,33.33333333333333,1,[1.0]
2232031,KXPGATOP20-PGC26-PCAN,same,0,Sports,Will Patrick Cantlay finish in the Top 20 at the 2026 PGA Championship?,PGA Championship: Will Patrick Cantlay finish top 20?,1369.442607,2026-05-18T00:21:02Z,6,6.666666666666667,14.499999999999998,50.0,50.0,50.0,1,[2.0]
2045016,KXMDPRIMARY-05D26-ABOA,same,0,Elections,Will Adrian Boafo be the Democratic nominee for MD-05?,Will Adrian Boafo be the Democratic nominee for MD-05?,75854.091297,2026-06-24T01:34:18Z,61,6.655737704918031,19.0,78.68852459016394,49.18032786885246,21.311475409836063,8,"[1.0, 1.0, 1.0, 1.0, 1.0, 1.0, 3.0, 1.0]"
704453,KXNE2R-26-BHAR,same,0,Elections,Will Brinker Harding be the Republican nominee for NE-02?,Will Brinker Harding be the Republican nominee for NE-2?,8801.867066000003,2026-05-13T02:39:42Z,148,6.633445945945946,33.49999999999999,74.32432432432432,44.5945945945946,33.108108108108105,6,"[1.0, 6.0, 1.0, 2.0, 1.0, 9.0]"
2231870,KXPGATOP5-PGC26-DHIL,same,0,Sports,Will Daniel Hillier finish in the Top 5 at the 2026 PGA Championship?,PGA Championship: Will Daniel Hillier finish top 5?,1000.0,2026-05-18T00:20:36Z,6,6.625,14.549999999999999,83.33333333333334,50.0,33.33333333333333,1,[3.0]
2471475,KXPGATOP20-RBBCAN26-ANOR,same,0,Sports,Will Alexander Noren finish in the Top 20 at the 2026 RBC Canadian Open?,RBC Canadian Open: Will Alex Noren finish top 20?,1859.591375,2026-06-13T00:10:28Z,4,6.624999999999998,14.500000000000002,50.0,50.0,25.0,1,[2.0]
1663775,KXGAPRIMARY-11R26-JCOW,same,0,Elections,Will John Cowan be the Republican nominee for GA-11?,Will John Cowan be the Republican nominee for GA-11?,7749.339813000002,2026-06-17T00:36:48Z,63,6.617460317460318,29.100000000000005,71.42857142857143,49.2063492063492,19.047619047619047,11,"[1.0, 1.0, 1.0, 2.0, 1.0, 1.0, 3.0, 1.0, 2.0, 1.0, 4.0]"
2732008,KXPGATOP20-JODC26-TOLE,same,0,Sports,Will Thorbjorn Olesen finish in the Top 20 at the 2026 John Deere Classic?,John Deere Classic: Will Thorbjorn Olesen finish top 20?,1281.71,2026-07-04T01:10:10Z,4,6.6000000000000005,10.500000000000002,100.0,75.0,25.0,1,[3.0]
1447716,KXCA04PRIMARY-26-EJON,same,0,Elections,Will Eric Jones advance from the CA-04 primary election?,Who will advance from the 2026 CA-04 primary?,14693.827244000006,2026-06-13T01:15:37Z,81,6.582098765432101,40.75,75.30864197530865,35.80246913580247,19.753086419753085,7,"[1.0, 1.0, 1.0, 2.0, 1.0, 1.0, 1.0]"
2411239,KXPGATOUR-THMTPBW26-NHOJ,same,0,Sports,Will Nicolai Hojgaard win the 2026 the Memorial Tournament presented by Workday?,Will Nicolai Hojgaard win the the Memorial Tournament presented by Workday?,8510.507766,2026-06-05T22:40:28Z,4,6.575,25.85,25.0,25.0,25.0,1,[1.0]
2158509,KXCS2-AST26-MGC,same,0,Sports,Will Magic win PGL Astana 2026?,Will magic win PGL Astana?,26056.435442000005,2026-05-16T14:58:19Z,8,6.568750000000001,43.7,25.0,12.5,12.5,1,[1.0]
2640099,KXPGATOUR-TRAV26-ECOL,same,0,Sports,Will Eric Cole win the 2026 Travelers Championship?,Will Eric Cole win the Travelers Championship?,3425.2464859999995,2026-06-29T13:23:12Z,7,6.542857142857144,43.35,14.285714285714285,14.285714285714285,14.285714285714285,1,[1.0]
1972377,KXNBAEFINMVP-26-DMIT,same,0,Sports,Will Donovan Mitchell win the 2026 Eastern Conference Finals MVP?,Who will win Eastern Conference Finals MVP?,18158.743419,2026-05-26T02:50:04Z,35,6.534285714285714,28.000000000000004,77.14285714285715,42.857142857142854,20.0,9,"[2.0, 1.0, 1.0, 1.0, 1.0, 1.0, 1.0, 1.0, 1.0]"
2729039,KXWCAST-26JUL01USABIH-USACPULIS11-1,same,0,Sports,Christian Pulisic: 1+ assists,Christian Pulisic: 1+ assists?,31822.137533,2026-07-02T01:53:20Z,2,6.5,10.0,100.0,50.0,0.0,1,[1.0]
2493690,KXWCGOAL-26JUN17AUTJOR-AUTMARNAU89-1,same,0,Sports,Marko Arnautovic: 1+ goals,Marko Arnautovic: 1+ goals,16507.686229000003,2026-06-17T06:20:25Z,2,6.5,9.500000000000004,100.0,50.0,0.0,0,[]
2553747,KXPGATOP10-USO26-RMCI,same,0,Sports,Will Rory McIlroy finish in the Top 10 at the 2026 U.S. Open?,U.S. Open: Will Rory McIlroy finish top 10?,3229.8540079999993,2026-06-22T00:19:56Z,6,6.5,18.000000000000004,50.0,50.0,33.33333333333333,2,"[1.0, 1.0]"
2635685,KXWCGOAL-26JUN24SCOBRA-SCOSMCTOM8-1,same,0,Sports,Scott McTominay: 1+ goals,Scott Mctominay: 1+ goals,7953.859256999998,2026-06-25T00:20:20Z,2,6.499999999999999,6.499999999999999,100.0,100.0,0.0,0,[]
2433485,KXCS2QUALIFIERS-26IEMCOLFIN-NAVI,same,0,Sports,Will Natus Vincere reach the Grand Final at IEM Cologne Major 2026?,Will Natus Vincere qualify for the Grand Final at 2026 IEM Cologne?,17145.884815000005,2026-06-16T00:33:22Z,2,6.499999999999998,6.999999999999998,100.0,100.0,0.0,0,[]
679606,KXSENATECOR-26-JJOS,same,0,Elections,Will Janak Joshi be the Republican nominee for Senate in Colorado?,Will Janak Joshi be the Republican nominee for the Senate in Colorado?,3556.8825039999997,2026-07-01T15:02:41Z,161,6.468944099378882,26.35,59.62732919254658,43.47826086956522,32.298136645962735,11,"[2.0, 1.0, 13.0, 1.0, 18.0, 2.0, 3.0, 1.0, 1.0, 1.0, 1.0]"
704282,KXUT1D-26-KRIE,same,0,Elections,Will Kathleen Riebe be the Democratic nominee for UT-01?,Will Kathleen Riebe be the Democratic nominee for UT-1?,1952.781051,2026-06-24T02:26:00Z,109,6.44633027522936,43.0,37.61467889908257,34.862385321100916,26.605504587155966,2,"[1.0, 5.0]"
2640314,KXPGATOUR-TRAV26-SSCH,same,0,Sports,Will Scottie Scheffler win the 2026 Travelers Championship?,Will Scottie Scheffler win the Travelers Championship?,169896.24790099994,2026-06-29T13:23:12Z,7,6.428571428571428,31.5,57.14285714285714,28.57142857142857,14.285714285714285,1,[1.0]
2333596,KXTOPSONG-26JUN06-CHO,same,0,Entertainment,"Will ""Choosin' Texas - Ella Langley"" be the Billboard Hot 100 #1 song for the week of June 6?","Will Choosin' Texas be #1 on the Billboard Hot 100 during the week of Jun 6, 2026",6828.516937999998,2026-06-01T03:59:00Z,9,6.416666666666669,19.500000000000007,77.77777777777779,33.33333333333333,22.22222222222222,1,[1.0]
2314486,KXNJPRIMARY-03R26-JCUL,same,0,Elections,Will Jason Cullen be the Republican nominee for NJ-03?,Will Jason Cullen be the Republican nominee for NJ-03?,1078.023815,2026-06-03T02:31:59Z,12,6.416666666666667,20.0,75.0,41.66666666666667,25.0,2,"[1.0, 1.0]"
645611,KXNHLNORRIS-26-ZWER,same,0,Sports,Will Zach Werenski win the 2025–2026 NHL James Norris Memorial Trophy?,Who will win James Norris Memorial Trophy?,11899.064430999993,2026-06-03T18:33:51Z,161,6.395962732919255,42.00000000000001,70.1863354037267,44.72049689440994,17.391304347826086,25,"[1.0, 1.0, 11.0, 1.0, 2.0, 2.0, 3.0, 3.0, 1.0, 1.0, 3.0, 2.0, 1.0, 3.0, 1.0, 1.0, 3.0, 1.0, 1.0, 1.0, 2.0, 1.0, 2.0, 2.0, 2.0]"
2231932,KXPGATOP10-PGC26-STC,same,0,Sports,Will Stewart Cink finish in the Top 10 at the 2026 PGA Championship?,PGA Championship: Will Stewart Cink finish top 10?,1004.99,2026-05-16T00:26:12Z,4,6.375,12.049999999999999,75.0,50.0,25.0,1,[1.0]
2263961,KXKYPRIMARY-06D26-CSTE,same,0,Elections,Will Cherlynn Stevenson be the Democratic Nominee for KY-06?,Will Cherlynn Stevenson be the Democratic nominee for KY-06?,2645.904520000001,2026-05-20T02:05:54Z,4,6.374999999999999,7.999999999999999,100.0,75.0,0.0,0,[]
704090,KXNE2D-26-JCAV,same,0,Elections,Will John Cavanaugh be the Democratic nominee for NE-02?,Will John Cavanaugh be the Democratic nominee for NE-2?,58121.92202299992,2026-05-14T01:17:27Z,142,6.307042253521128,78.10000000000001,77.46478873239437,42.25352112676056,15.492957746478872,18,"[1.0, 1.0, 1.0, 2.0, 1.0, 14.0, 3.0, 1.0, 1.0, 1.0, 1.0, 1.0, 1.0, 1.0, 1.0, 1.0, 1.0, 1.0]"
695091,KXNY12D-26-ACUO,same,0,Elections,Will Andrew Cuomo be the democratic nominee for NY-12?,Will Andrew Cuomo be the Democratic nominee for NY-12?,4826.300606000001,2026-06-24T02:09:47Z,145,6.290344827586207,42.6,66.20689655172414,40.0,19.310344827586206,6,"[1.0, 15.0, 4.0, 1.0, 4.0, 7.0]"
579359,KXSERIEATOP4-26-ACM,same,0,Sports,Will AC Milan finish in the top 4 in the 2025-26 Serie A season?,Will Milan finish in the top 4 in the 2025-26 Serie A season?,12100.808637999991,2026-05-25T02:00:00Z,80,6.286250000000001,90.0,56.25,28.749999999999996,10.0,9,"[1.0, 2.0, 1.0, 3.0, 1.0, 1.0, 1.0, 1.0, 1.0]"
679583,KXSENATECOD-26-JHIC,same,0,Elections,Will John Hickenlooper be the Democratic nominee for Senate in Colorado?,Will John Hickenlooper be the Democratic nominee for the Senate in Colorado?,95463.73786499999,2026-07-01T01:39:27Z,199,6.281909547738693,35.50000000000001,58.79396984924623,29.145728643216078,20.100502512562816,8,"[9.0, 18.0, 1.0, 1.0, 1.0, 1.0, 1.0, 1.0]"
960229,KXSC01R-26-MSMI,same,0,Elections,Will Mark Smith be the Republican Nominee for SC-01?,Will Mark Smith be the Republican nominee for SC-01?,10148.002364999998,2026-06-24T01:45:05Z,102,6.26470588235294,81.69999999999999,64.70588235294117,29.411764705882355,14.705882352941178,14,"[1.0, 1.0, 1.0, 1.0, 1.0, 1.0, 1.0, 2.0, 1.0, 1.0, 2.0, 3.0, 1.0, 1.0]"
2621620,KXWCAST-26JUN23ENGGHA-ENGJBELLI5-1,same,0,Sports,Jude Bellingham: 1+ assists,Jude Bellingham: 1+ assists?,16099.903448000015,2026-06-23T21:37:22Z,2,6.250000000000001,10.5,100.0,50.0,50.0,0,[]
2602643,KXWCGOAL-26JUN21NZLEGY-NZLCWOOD11-1,same,0,Sports,Chris Wood: 1+ goals,Chris Wood: 1+ goals,8910.309367999998,2026-06-22T03:14:42Z,2,6.250000000000001,7.000000000000001,100.0,100.0,0.0,0,[]
2668266,KXWCAST-26JUN26NORFRA-FRAODEMBE10-1,same,0,Sports,Ousmane Dembélé: 1+ assists,Ousmane Dembele: 1+ assists?,5803.254006,2026-06-26T20:29:59Z,2,6.25,11.500000000000002,50.0,50.0,50.0,1,[1.0]
973439,KXNY13D-26-AESP,same,0,Elections,Will Adriano Espaillat be the Democratic Nominee for NY-13?,Will Adriano Espaillat be the Democratic nominee for NY-13?,331714.0064540005,2026-06-24T02:39:44Z,150,6.25,27.999999999999993,68.0,41.333333333333336,19.333333333333332,18,"[3.0, 2.0, 2.0, 1.0, 1.0, 1.0, 1.0, 1.0, 1.0, 1.0, 3.0, 2.0, 1.0, 1.0, 1.0, 2.0, 2.0, 1.0]"
2676152,KXWCGOAL-26JUN27COLPOR-COLLSUARE97-1,same,0,Sports,Luis Suárez: 1+ goals,Luis Suarez: 1+ goals,4178.241649999999,2026-06-28T01:40:09Z,2,6.25,6.499999999999999,100.0,100.0,0.0,0,[]
2494224,KXWCGOAL-26JUN14NEDJPN-NEDCGAKPO18-1,same,0,Sports,Cody Gakpo: 1+ goals,Cody Gakpo: 1+ goals,8032.234164000007,2026-06-14T21:43:34Z,2,6.25,8.500000000000002,100.0,50.0,0.0,0,[]
2653734,KXWCGOAL-26JUN25ECUGER-GERKHAVER29-1,same,0,Sports,Kai Havertz: 1+ goals,Kai Havertz: 1+ goals,55862.423955999955,2026-06-25T21:19:40Z,2,6.25,6.5,100.0,100.0,0.0,0,[]
959117,KXIA02R-26-CMCC,same,0,Elections,Will Charlie McClintock be the Republican Nominee for IA-02?,Will Charlie McClintock be the Republican nominee for IA-02?,2568.8680560000007,2026-06-03T02:38:05Z,91,6.236813186813188,38.5,56.043956043956044,39.56043956043956,14.285714285714285,4,"[1.0, 1.0, 10.0, 1.0]"
703948,KXME02D-26-JBAL,same,0,Elections,Will Joe Baldacci be the Democratic nominee for ME-02?,Will Joe Baldacci be the Democratic nominee for ME-02?,10552.572720999999,2026-06-19T12:33:39Z,151,6.235099337748345,60.50000000000001,68.87417218543047,43.70860927152318,19.205298013245034,18,"[1.0, 1.0, 1.0, 3.0, 2.0, 1.0, 1.0, 4.0, 1.0, 2.0, 2.0, 1.0, 2.0, 2.0, 1.0, 2.0, 1.0, 1.0]"
1663772,KXGAPRIMARY-11R26-RADK,same,0,Elections,Will Rob Adkerson be the Republican nominee for GA-11?,Will Rob Adkerson be the Republican nominee for GA-11?,10033.027528,2026-06-17T00:36:48Z,64,6.2328125,23.499999999999993,75.0,46.875,17.1875,15,"[2.0, 1.0, 1.0, 1.0, 1.0, 1.0, 1.0, 1.0, 1.0, 1.0, 1.0, 2.0, 1.0, 1.0, 2.0]"
907355,KXGOVMDNOMR-26-SHER,same,1,Elections,Will Steve Hershey win the 2026 Maryland Governor Republican primary election?,Will Steve Hershey be the Republican nominee for Governor in Maryland?,347536.3829610001,2026-06-24T02:22:55Z,145,6.208620689655173,28.500000000000004,62.06896551724138,44.13793103448276,22.758620689655174,6,"[5.0, 9.0, 2.0, 1.0, 2.0, 1.0]"
1833848,KXANIMEBF-26-ROS,same,0,Entertainment,"Will ""The Rose of Versailles"" win Film of the Year at the 2026 Crunchyroll Anime Awards?",2026 Crunchyroll Anime Award for Film of the Year?,1174.354445,2026-05-23T15:36:42Z,27,6.183333333333334,35.0,40.74074074074074,33.33333333333333,25.925925925925924,4,"[2.0, 1.0, 2.0, 2.0]"
2553607,KXPGATOP5-USO26-SSCH,same,0,Sports,Will Scottie Scheffler finish in the Top 5 at the 2026 U.S. Open?,U.S. Open: Will Scottie Scheffler finish top 5?,2078.3065100000003,2026-06-22T00:19:44Z,6,6.166666666666667,22.5,50.0,33.33333333333333,16.666666666666664,1,[1.0]
1663740,KXGAPRIMARY-09R26-SCOU,same,0,Elections,Will Sam Couvillon be the Republican nominee for GA-09?,Will Sam Couvillon be the Republican nominee for GA-09?,5245.452249,2026-05-20T01:12:36Z,34,6.160294117647059,63.800000000000004,76.47058823529412,32.35294117647059,5.88235294117647,5,"[1.0, 3.0, 2.0, 1.0, 1.0]"
2586846,KXWCGOAL-26JUN20GERCIV-GERKHAVER29-3,same,0,Sports,Kai Havertz: 3+ goals,Kai Havertz: 3+ goals,3940.617030000001,2026-06-20T21:47:25Z,2,6.1499999999999995,10.95,50.0,50.0,50.0,0,[]
788441,KXSENATEKYD-26-AMCG,same,0,Elections,Will Amy McGrath be the Democratic nominee for Senate in Kentucky?,Will Amy McGrath be the Democratic nominee for the Senate in Kentucky?,31852.376497999987,2026-05-20T02:07:05Z,130,6.137692307692308,19.5,65.38461538461539,42.30769230769231,31.538461538461537,11,"[1.0, 1.0, 6.0, 1.0, 1.0, 1.0, 1.0, 2.0, 4.0, 1.0, 1.0]"
2158498,KXCS2-AST26-FAL,same,0,Sports,Will Falcons win PGL Astana 2026?,Will Team Falcons win PGL Astana?,85218.87057300004,2026-05-18T13:51:35Z,12,6.125,32.49999999999999,58.333333333333336,41.66666666666667,16.666666666666664,3,"[1.0, 3.0, 1.0]"
2411724,KXPGATOP20-THMTPBW26-MKUC,same,0,Sports,Will Matt Kuchar finish in the Top 20 at the 2026 the Memorial Tournament presented by Workday?,The Memorial Tournament: Will Matt Kuchar finish top 20?,1209.82,2026-06-07T23:40:27Z,6,6.125,9.4,100.0,50.0,0.0,0,[]
2670489,KXWCGOAL-26JUN26NZLBEL-NZLCWOOD11-2,same,0,Sports,Chris Wood: 2+ goals,Chris Wood: 2+ goals,1628.605127,2026-06-27T05:04:45Z,2,6.1,11.0,50.0,50.0,50.0,1,[1.0]
2294577,KXPGATOP10-THCCBN26-BGAR,same,0,Sports,Will Brice Garnett finish in the Top 10 at the 2026 THE CJ CUP Byron Nelson?,THE CJ CUP Byron Nelson: Will Brice Garnett finish top 10?,1188.0,2026-05-23T01:10:51Z,4,6.099999999999999,22.499999999999996,25.0,25.0,25.0,0,[]
2309965,KXCS2QUALIFIERS-26IEMCOLPO-LVG,same,0,Sports,Will Lynn Vision qualify to the IEM Cologne 2026 playoffs?,Will Lynn Vision qualify for the playoffs at 2026 IEM Cologne?,1450.536926,2026-06-06T23:28:04Z,4,6.0875,8.5,75.0,75.0,0.0,1,[2.0]
695082,KXNY12D-26-MLAS,same,0,Elections,Will Micah Lasher be the democratic nominee for NY-12?,Will Micah Lasher be the Democratic nominee for NY-12?,262973.3437910003,2026-06-24T02:09:47Z,188,6.013297872340425,44.00000000000001,77.12765957446808,42.02127659574468,19.148936170212767,24,"[1.0, 1.0, 1.0, 1.0, 1.0, 1.0, 2.0, 2.0, 1.0, 1.0, 1.0, 1.0, 2.0, 1.0, 1.0, 1.0, 4.0, 3.0, 1.0, 1.0, 2.0, 2.0, 2.0, 1.0]"
2620372,KXWCGOAL-26JUN23PORUZB-PORBFERNA8-1,same,0,Sports,Bruno Fernandes: 1+ goals,Bruno Fernandes: 1+ goals,60581.92283099998,2026-06-23T19:04:50Z,2,6.0,12.0,50.0,50.0,50.0,1,[1.0]
2600098,KXWCGOAL-26JUN21URUCPV-URUFVALVE8-1,same,0,Sports,Federico Valverde: 1+ goals,Federico Valverde: 1+ goals,21146.433558,2026-06-22T00:44:39Z,2,6.0,11.5,50.0,50.0,50.0,0,[]
2613342,KXWCGOAL-26JUN22NORSEN-SENSMANE10-1,same,0,Sports,Sadio Mané: 1+ goals,Sadio Mane: 1+ goals,2674.398343,2026-06-23T02:09:56Z,2,6.0,7.500000000000001,100.0,50.0,0.0,0,[]
2586829,KXWCGOAL-26JUN20GERCIV-CIVADIALL16-1,same,0,Sports,Amad Diallo: 1+ goals,Amad Diallo: 1+ goals,5212.093416000001,2026-06-20T21:37:27Z,2,5.999999999999999,7.5,100.0,50.0,0.0,0,[]
2602661,KXWCGOAL-26JUN21NZLEGY-EGYOMARMO7-1,same,0,Sports,Omar Marmoush: 1+ goals,Omar Marmoush: 1+ goals,5863.847168000001,2026-06-22T02:37:18Z,2,5.999999999999998,7.999999999999999,100.0,50.0,0.0,1,[1.0]
2520632,KXWCGOAL-26JUN17ENGCRO-ENGBSAKA7-1,same,0,Sports,Bukayo Saka: 1+ goals,Bukayo Saka: 1+ goals,9549.017534000002,2026-06-17T22:20:29Z,2,5.999999999999998,7.499999999999998,100.0,50.0,0.0,0,[]
704030,KXCO8D-26-DYOU,same,0,Elections,Will Dave Young be the Democratic nominee for CO-08?,Will Dave Young be the Democratic nominee for CO-8?,2065.9040120000004,2026-07-01T01:49:34Z,135,5.987777777777777,41.5,62.96296296296296,45.925925925925924,36.2962962962963,4,"[1.0, 4.0, 3.0, 5.0]"
576806,KXBUNDESLIGARELEGATION-26-STP,same,0,Sports,Will St. Pauli be relegated from the Bundesliga after the 2025–26 season?,Will St. Pauli be Relegated from Bundesliga in 2025-26 Season?,11270.794833999998,2026-05-17T02:00:00Z,89,5.977528089887639,39.5,75.28089887640449,51.68539325842697,15.730337078651685,16,"[2.0, 5.0, 4.0, 2.0, 1.0, 2.0, 1.0, 1.0, 4.0, 1.0, 1.0, 1.0, 1.0, 1.0, 3.0, 1.0]"
645803,KXNHLVEZINA-26-AVAS,same,0,Sports,Will Andrei Vasilevskiy win the 2025–2026 NHL Vezina Trophy?,Who will win Vezina Trophy?,10633.436225999998,2026-06-06T15:52:14Z,159,5.973584905660378,41.0,68.55345911949685,45.28301886792453,18.238993710691823,26,"[4.0, 2.0, 1.0, 4.0, 2.0, 1.0, 1.0, 1.0, 1.0, 3.0, 1.0, 1.0, 1.0, 1.0, 1.0, 1.0, 1.0, 1.0, 1.0, 1.0, 1.0, 2.0, 1.0, 4.0, 1.0, 1.0]"
582177,KXBUNDESLIGATOP4-26-VFB,same,0,Sports,Will Stuttgart finish in the top 4 of the Bundesliga 2025–26 standings?,Will Stuttgart finish in the top 4 in the 2025-26 Bundesliga season?,1006.7012100000002,2026-05-17T02:00:00Z,70,5.964285714285715,49.5,60.0,44.285714285714285,22.857142857142858,11,"[5.0, 1.0, 1.0, 3.0, 1.0, 1.0, 1.0, 3.0, 1.0, 2.0, 1.0]"
576815,KXLALIGARELEGATION-26-SEV,same,0,Sports,Will Sevilla be relegated from La Liga after the 2025–26 season?,Will Sevilla be Relegated from La Liga in 2025-26 Season?,15352.062972000003,2026-05-24T19:55:23Z,111,5.963963963963964,38.5,64.86486486486487,39.63963963963964,10.81081081081081,18,"[1.0, 1.0, 2.0, 1.0, 1.0, 1.0, 1.0, 1.0, 1.0, 1.0, 1.0, 2.0, 1.0, 2.0, 1.0, 2.0, 1.0, 1.0]"
1835647,KXANIMEBAS-26-WAT,same,0,Entertainment,"Will ""Watch Me!"" by YOASOBI (WITCH WATCH) win Best Anime Song at the 2026 Crunchyroll Anime Awards?",2026 Crunchyroll Anime Award for Best Anime Song?,1703.565404,2026-05-23T15:49:50Z,25,5.96,29.65,60.0,24.0,16.0,4,"[1.0, 1.0, 1.0, 1.0]"
2045739,KXCAPRIMARY-1326-VKRU,same,0,Elections,Will Vin Kruttiventi advance from the CA-13 primary election?,Will Vin Kruttiventi advance in the 2026 CA-13 primary?,2615.0038159999995,2026-06-04T15:57:53Z,25,5.956,16.499999999999996,92.0,52.0,16.0,5,"[1.0, 4.0, 1.0, 1.0, 1.0]"
907353,KXGOVMDNOMR-26-KWED,same,1,Elections,Will Kurt Wedekind win the 2026 Maryland Governor Republican primary election?,Will Kurt Wedekind be the Republican nominee for Governor in Maryland?,1808.8109310000004,2026-06-24T02:22:55Z,103,5.955339805825243,43.0,68.93203883495146,27.184466019417474,7.766990291262135,4,"[1.0, 1.0, 17.0, 1.0]"
2231880,KXPGATOP5-PGC26-SUI,same,0,Sports,Will Sung-Jae Im finish in the Top 5 at the 2026 PGA Championship?,PGA Championship: Will Sungjae Im finish top 5?,1001.0,2026-05-16T00:26:33Z,4,5.9375,12.950000000000001,75.0,50.0,25.0,1,[1.0]
1834463,KXANIMEBCD-26-GAC,same,0,Entertainment,"Will ""Gachiakuta"" win Best Character Design at the 2026 Crunchyroll Anime Awards?",2026 Crunchyroll Anime Award for Best Character Design?,1673.686824,2026-05-23T15:44:19Z,28,5.928571428571431,16.000000000000004,75.0,50.0,21.428571428571427,7,"[3.0, 1.0, 1.0, 1.0, 1.0, 1.0, 1.0]"
1972640,KXNBAWFINMVP-26-VWEM,same,0,Sports,Will Victor Wembanyama win the 2026 Western Conference Finals MVP?,Who will win Western Conference Finals MVP?,71803.58351800007,2026-05-31T02:57:09Z,41,5.926829268292683,22.0,63.41463414634146,41.46341463414634,14.634146341463413,13,"[3.0, 1.0, 1.0, 1.0, 1.0, 1.0, 1.0, 1.0, 1.0, 1.0, 1.0, 1.0, 1.0]"
2553884,KXPGATOP20-USO26-XSCH,same,0,Sports,Will Xander Schauffele finish in the Top 20 at the 2026 U.S. Open?,U.S. Open: Will Xander Schauffele finish top 20?,3338.1489319999996,2026-06-22T00:20:09Z,6,5.916666666666667,19.5,66.66666666666666,50.0,16.666666666666664,2,"[1.0, 1.0]"
2553912,KXPGATOP20-USO26-BGRI,same,0,Sports,Will Ben Griffin finish in the Top 20 at the 2026 U.S. Open?,U.S. Open: Will Ben Griffin finish top 20?,1035.22,2026-06-22T00:20:06Z,6,5.916666666666663,13.499999999999995,50.0,50.0,33.33333333333333,2,"[1.0, 1.0]"
645258,KXNHLHART-26-CMCD,same,0,Sports,Will Connor McDavid win the 2025–2026 NHL Hart Memorial Trophy?,Who will win Hart Memorial Trophy?,93329.37679999998,2026-06-11T23:51:25Z,191,5.908638743455499,41.0,70.68062827225131,37.696335078534034,14.659685863874344,31,"[1.0, 1.0, 2.0, 1.0, 1.0, 2.0, 3.0, 2.0, 1.0, 1.0, 1.0, 2.0, 1.0, 2.0, 1.0, 1.0, 1.0, 2.0, 1.0, 1.0, 1.0, 2.0, 1.0, 1.0, 1.0, 1.0, 1.0, 1.0, 1.0, 1.0, 1.0]"
2231830,KXPGATOP5-PGC26-BCAU,same,0,Sports,Will Bud Cauley finish in the Top 5 at the 2026 PGA Championship?,PGA Championship: Will Bud Cauley finish top 5?,1005.0,2026-05-18T00:20:31Z,6,5.908333333333332,13.8,66.66666666666666,33.33333333333333,33.33333333333333,1,[2.0]
695092,KXNY12D-26-LELK,same,0,Elections,Will Liam Elkind be the democratic nominee for NY-12?,Will Liam Elkind be the Democratic nominee for NY-12?,6301.3357070000075,2026-06-24T02:09:47Z,137,5.892335766423358,24.750000000000004,58.3941605839416,56.934306569343065,24.087591240875913,4,"[1.0, 1.0, 2.0, 4.0]"
645262,KXNHLHART-26-KKUC,same,0,Sports,Will Nikita Kucherov win the 2025–2026 NHL Hart Memorial Trophy?,Who will win Hart Memorial Trophy?,86596.61787400002,2026-06-11T23:51:25Z,180,5.886111111111111,44.5,73.88888888888889,41.11111111111111,13.88888888888889,27,"[2.0, 1.0, 1.0, 4.0, 1.0, 8.0, 1.0, 2.0, 2.0, 1.0, 1.0, 1.0, 1.0, 1.0, 1.0, 1.0, 1.0, 3.0, 1.0, 1.0, 1.0, 1.0, 1.0, 1.0, 1.0, 1.0, 1.0]"
679367,KXKXSENATEIAD-26-ZWAH,same,0,Elections,Will Zach Wahls be the Democratic nominee for Senate in Iowa?,Will Zach Wahls be the Democratic nominee for the Senate in Iowa?,18932.710321999995,2026-06-03T02:35:14Z,179,5.877094972067039,35.5,69.83240223463687,39.10614525139665,19.553072625698324,21,"[2.0, 2.0, 1.0, 2.0, 4.0, 2.0, 3.0, 1.0, 2.0, 1.0, 2.0, 1.0, 1.0, 2.0, 2.0, 1.0, 1.0, 1.0, 1.0, 1.0, 1.0]"
2471543,KXPGATOP20-RBBCAN26-ZDOU,same,0,Sports,Will Ze-Cheng Dou finish in the Top 20 at the 2026 RBC Canadian Open?,RBC Canadian Open: Will Zecheng Dou finish top 20?,1019.430769,2026-06-13T00:10:25Z,4,5.875,16.0,50.0,50.0,25.0,1,[1.0]
704193,KXPA3D-26-CRAB,same,0,Elections,Will Chris Rabb be the Democratic nominee for PA-03?,Will Chris Rabb be the Democratic nominee for PA-3?,105018.48523499999,2026-05-20T02:58:08Z,160,5.8412500000000005,45.5,78.75,48.125,15.625,17,"[1.0, 30.0, 3.0, 1.0, 1.0, 1.0, 1.0, 2.0, 1.0, 3.0, 3.0, 1.0, 1.0, 1.0, 1.0, 1.0, 1.0]"
2294622,KXPGATOP20-THCCBN26-MHUB,same,0,Sports,Will Mark Hubbard finish in the Top 20 at the 2026 THE CJ CUP Byron Nelson?,THE CJ CUP Byron Nelson: Will Mark Hubbard finish top 20?,1005.0,2026-05-25T01:02:09Z,6,5.833333333333333,7.9999999999999964,83.33333333333334,83.33333333333334,0.0,1,[1.0]
704029,KXCO8D-26-JSZE,same,0,Elections,Will John Szemler be the Democratic nominee for CO-08?,Will John Szemler be the Democratic nominee for CO-8?,2445.4462360000007,2026-07-01T01:49:34Z,103,5.832038834951457,43.0,38.83495145631068,19.41747572815534,16.50485436893204,3,"[1.0, 1.0, 2.0]"
2231949,KXPGATOP10-PGC26-ALF,same,0,Sports,Will Alex Fitzpatrick finish in the Top 10 at the 2026 PGA Championship?,PGA Championship: Will Alex Fitzpatrick finish top 10?,1223.212,2026-05-18T00:20:56Z,6,5.825,10.500000000000002,83.33333333333334,66.66666666666666,16.666666666666664,2,"[1.0, 1.0]"
2231824,KXPGATOP5-PGC26-JBRI,same,0,Sports,Will Jacob Bridgeman finish in the Top 5 at the 2026 PGA Championship?,PGA Championship: Will Jacob Bridgeman finish top 5?,1100.0,2026-05-16T00:26:22Z,4,5.775,11.55,50.0,50.0,50.0,1,[1.0]
2720071,KXWCAST-26JUN30CIVNOR-NOREHAALA9-2,same,0,Sports,Erling Haaland: 2+ assists,Erling Haaland: 2+ assists?,4664.161533,2026-06-30T19:04:35Z,2,5.774999999999999,10.499999999999998,50.0,50.0,50.0,1,[1.0]
801767,KXSENATENER-26-PRIC,same,0,Elections,Will Pete Ricketts be the Republican nominee for Senate in Nebraska?,Will Pete Ricketts be the Republican nominee for the Senate in Nebraska?,9171.635407,2026-05-13T02:39:19Z,131,5.760305343511449,17.499999999999993,57.25190839694656,46.56488549618321,33.587786259541986,5,"[18.0, 7.0, 21.0, 2.0, 1.0]"
679605,KXSENATECOR-26-DJON,same,0,Elections,Will Dathan Jones be the Republican nominee for Senate in Colorado?,Will Dathan Jones be the Republican nominee for the Senate in Colorado?,3640.684898999999,2026-07-01T15:02:41Z,154,5.7587662337662335,44.95,59.09090909090909,42.857142857142854,19.480519480519483,14,"[1.0, 1.0, 3.0, 11.0, 6.0, 1.0, 1.0, 1.0, 1.0, 1.0, 1.0, 4.0, 1.0, 1.0]"
2493958,KXWCGOAL-26JUN15KSAURU-URUFVALVE8-1,same,0,Sports,Federico Valverde: 1+ goals,Federico Valverde: 1+ goals,5848.748426,2026-06-16T00:24:49Z,2,5.750000000000001,8.000000000000002,100.0,50.0,0.0,1,[1.0]
2493809,KXWCGOAL-26JUN16IRQNOR-NORMODEGA8-1,same,0,Sports,Martin Ødegaard: 1+ goals,Martin Odegaard: 1+ goals,2655.6146099999996,2026-06-16T23:43:23Z,2,5.750000000000001,6.5,100.0,100.0,0.0,0,[]
2717563,KXWCAST-26JUN30CIVNOR-NORANUSA7-1,same,0,Sports,Antonio Nusa: 1+ assists,Antonio Nusa: 1+ assists?,2433.103334,2026-06-30T18:31:21Z,2,5.75,6.0,100.0,100.0,0.0,0,[]
2608886,KXWCGOAL-26JUN21BELIRI-IRIMTAREM99-1,same,0,Sports,Mehdi Taremi: 1+ goals,Mehdi Taremi: 1+ goals,6922.904886000003,2026-06-21T21:44:58Z,2,5.75,6.499999999999999,100.0,50.0,0.0,0,[]
2614776,KXWCAST-26JUN22FRAIRQ-FRAMOLISE17-1,same,0,Sports,Michael Olise: 1+ assists,Michael Olise: 1+ assists?,37518.20696000003,2026-06-23T00:23:24Z,2,5.75,6.0,100.0,100.0,0.0,0,[]
2620376,KXWCGOAL-26JUN23PORUZB-PORCRIS7-2,same,0,Sports,Cristiano Ronaldo: 2+ goals,Cristiano Ronaldo: 2+ goals,245348.2542390004,2026-06-23T17:41:52Z,2,5.75,9.999999999999998,50.0,50.0,0.0,1,[1.0]
2727599,KXWCGOAL-26JUL01USABIH-BIHKALAJB27-1,same,0,Sports,Kerim Alajbegović: 1+ goals,Kerim Alajbegovic: 1+ goals,45835.83048499998,2026-07-02T02:14:49Z,2,5.75,7.000000000000001,100.0,50.0,0.0,0,[]
2717414,KXWCGOAL-26JUN30FRASWE-SWEAISAK9-1,same,0,Sports,Alexander Isak: 1+ goals,Alexander Isak: 1+ goals,15059.455607000014,2026-06-30T22:47:23Z,2,5.749999999999999,7.499999999999998,100.0,50.0,0.0,0,[]
2668148,KXWCAST-26JUN26EGYIRI-EGYMSALAH11-1,same,0,Sports,Mohamed Salah: 1+ assists,Mohamed Salah: 1+ assists?,5535.140055000002,2026-06-27T04:21:21Z,2,5.749999999999999,6.499999999999999,100.0,50.0,0.0,0,[]
2231907,KXPGATOP5-PGC26-RMCI,same,0,Sports,Will Rory McIlroy finish in the Top 5 at the 2026 PGA Championship?,PGA Championship: Will Rory McIlroy finish top 5?,24010.230799999998,2026-05-18T00:20:27Z,6,5.749999999999999,23.549999999999997,66.66666666666666,16.666666666666664,16.666666666666664,0,[]
2624661,KXWCAST-26JUN23PORUZB-PORBFERNA8-1,same,0,Sports,Bruno Fernandes: 1+ assists,Bruno Fernandes: 1+ assists?,29543.833926999992,2026-06-23T19:04:43Z,2,5.749999999999998,11.000000000000002,50.0,50.0,50.0,1,[1.0]
2494091,KXWCGOAL-26JUN15ESPCPV-ESPMOYARZ10-1,same,0,Sports,Mikel Oyarzabal: 1+ goals,Mikel Oyarzabal: 1+ goals,16501.786039000006,2026-06-15T18:50:19Z,2,5.749999999999994,6.499999999999995,100.0,50.0,0.0,0,[]
2263957,KXKYPRIMARY-06D26-ZDEM,same,0,Elections,Will Zach Dembo be the Democratic Nominee for KY-06?,Will Zach Dembo be the Democratic nominee for KY-06?,4202.3041299999995,2026-05-20T02:05:54Z,4,5.749999999999994,7.9999999999999964,100.0,50.0,0.0,0,[]
2586830,KXWCGOAL-26JUN20GERCIV-CIVADIALL16-2,same,0,Sports,Amad Diallo: 2+ goals,Amad Diallo: 2+ goals,6456.323332,2026-06-20T21:37:27Z,2,5.725,10.0,50.0,50.0,0.0,0,[]
645397,KXNHLCALDER-26-MSCH,same,0,Sports,Will Matthew Schaefer win the 2025–2026 NHL Calder Memorial Trophy?,Who will win Calder Memorial Trophy?,50298.076957,2026-05-13T18:42:22Z,162,5.722222222222222,27.500000000000004,67.28395061728395,41.358024691358025,20.37037037037037,19,"[3.0, 1.0, 3.0, 7.0, 1.0, 1.0, 3.0, 2.0, 1.0, 1.0, 1.0, 3.0, 3.0, 1.0, 1.0, 2.0, 1.0, 2.0, 1.0]"
1834621,KXANIMEBAC-26-MYH,same,0,Entertainment,"Will ""My Hero Academia FINAL SEASON"" win Best Action Anime at the 2026 Crunchyroll Anime Awards?",2026 Crunchyroll Anime Award for Best Action Anime?,4194.068028,2026-05-23T15:40:06Z,25,5.7,18.499999999999996,76.0,40.0,20.0,5,"[1.0, 1.0, 1.0, 1.0, 3.0]"
1390337,KXEUROVISIONRANK-26TOP3-DEN,same,0,Entertainment,Will Denmark be in the top 3 at Eurovision 2026?,Will Denmark be Top 3?,36819.489723000006,2026-05-16T23:26:22Z,8,5.6875,36.5,37.5,12.5,12.5,1,[1.0]
973441,KXNY13D-26-DCHE,same,0,Elections,Will Darializa Avila Chevalier be the Democratic Nominee for NY-13?,Will Darializa Avila Chevalier be the Democratic nominee for NY-13?,225862.1221599999,2026-06-24T02:39:44Z,151,5.685430463576158,29.500000000000004,77.48344370860927,41.72185430463576,15.2317880794702,21,"[2.0, 4.0, 1.0, 1.0, 1.0, 1.0, 1.0, 1.0, 6.0, 1.0, 1.0, 7.0, 1.0, 1.0, 3.0, 1.0, 1.0, 2.0, 1.0, 1.0, 2.0]"
1530722,KXEPLTOTAL-26MAY13MCICRY-1,same,0,Sports,Manchester City FC vs. Crystal Palace FC: O/U 1.5,Crystal Palace at Manchester City: Totals,47322.48267699999,2026-05-13T20:42:02Z,6,5.666666666666667,18.999999999999993,66.66666666666666,33.33333333333333,33.33333333333333,1,[1.0]
2305923,KXCS2-ASIA26-MOUZ,same,0,Sports,Will MOUZ win CS Asia Championships 2026?,Will MOUZ win CS Asia Championships?,10334.837457999996,2026-05-24T20:51:26Z,3,5.666666666666667,11.5,66.66666666666666,66.66666666666666,33.33333333333333,1,[1.0]
2231881,KXPGATOP5-PGC26-STJ,same,0,Sports,Will Stephan Jaeger finish in the Top 5 at the 2026 PGA Championship?,PGA Championship: Will Stephan Jaeger finish top 5?,1080.0,2026-05-18T00:20:37Z,6,5.658333333333334,14.7,50.0,33.33333333333333,33.33333333333333,1,[2.0]
1972631,KXNBAWFINMVP-26-SALE,same,0,Sports,Will Shai Gilgeous-Alexander win the 2026 Western Conference Finals MVP?,Who will win Western Conference Finals MVP?,25036.775478,2026-05-31T02:57:09Z,41,5.634146341463414,21.500000000000004,68.29268292682927,41.46341463414634,14.634146341463413,11,"[1.0, 2.0, 1.0, 2.0, 2.0, 1.0, 1.0, 1.0, 1.0, 1.0, 1.0]"
973445,KXNY13D-26-MROD,same,0,Elections,Will Megan Rodriguez be the Democratic Nominee for NY-13?,Will Megan Rodriguez be the Democratic nominee for NY-13?,2028.967666,2026-06-24T02:39:44Z,113,5.632743362831858,27.250000000000004,48.67256637168141,30.973451327433626,20.353982300884958,5,"[1.0, 8.0, 3.0, 1.0, 1.0]"
2294677,KXPGATOP20-THCCBN26-BGAR,same,0,Sports,Will Brice Garnett finish in the Top 20 at the 2026 THE CJ CUP Byron Nelson?,THE CJ CUP Byron Nelson: Will Brice Garnett finish top 20?,1260.0,2026-05-23T01:02:06Z,4,5.625,20.0,25.0,25.0,25.0,0,[]
645398,KXNHLCALDER-26-IDEM,same,0,Sports,Will Ivan Demidov win the 2025–2026 NHL Calder Memorial Trophy?,Who will win Calder Memorial Trophy?,31875.873021999985,2026-05-13T18:42:22Z,133,5.613157894736843,74.05000000000001,72.18045112781954,32.33082706766917,12.030075187969924,19,"[1.0, 1.0, 1.0, 1.0, 2.0, 1.0, 1.0, 1.0, 1.0, 1.0, 1.0, 1.0, 1.0, 2.0, 3.0, 1.0, 5.0, 1.0, 1.0]"
2674166,KXCOPRIMARY-03D26-DROM,same,0,Elections,Will Dwayne Romero be the Democratic nominee for CO-03?,Will Dwayne Romero be the Democratic nominee for CO-03?,100073.62367599996,2026-07-01T02:12:21Z,6,5.583333333333336,15.500000000000004,83.33333333333334,33.33333333333333,16.666666666666664,2,"[1.0, 1.0]"
1833846,KXANIMEBF-26-DEM,same,0,Entertainment,"Will ""Demon Slayer: Kimetsu no Yaiba Infinity Castle"" win Film of the Year at the 2026 Crunchyroll Anime Awards?",2026 Crunchyroll Anime Award for Film of the Year?,4437.697219999999,2026-05-23T15:36:42Z,34,5.573529411764707,28.999999999999996,73.52941176470588,35.294117647058826,14.705882352941178,7,"[1.0, 2.0, 1.0, 1.0, 1.0, 1.0, 1.0]"
1390409,KXEUROVISIONRANK-26TOP10-CRO,same,0,Entertainment,Will Croatia be in the top 10 at Eurovision 2026?,Will Croatia be Top 10?,122321.58690300003,2026-05-16T23:18:28Z,8,5.562499999999997,14.500000000000002,87.5,37.5,12.5,2,"[4.0, 1.0]"
906914,KXGOVSCNOMD-26-JBEN,same,1,Elections,Will Justin A. Bennett win the 2026 South Carolina Governor Democratic primary election?,Will Justin Bennett be the Democratic nominee for Governor in South Carolina?,1524.761234,2026-06-10T01:14:45Z,29,5.531034482758622,36.75,68.96551724137932,17.24137931034483,10.344827586206897,3,"[1.0, 3.0, 1.0]"
2412172,KXTOPSONG-26JUN13-CHO,same,0,Entertainment,"Will ""Choosin' Texas - Ella Langley"" be the Billboard Hot 100 #1 song for the week of June 13?","Will Choosin' Texas be #1 on the Billboard Hot 100 during the week of Jun 13, 2026",6999.33519,2026-06-08T03:59:00Z,6,5.5249999999999995,17.5,50.0,33.33333333333333,16.666666666666664,2,"[2.0, 1.0]"
704281,KXUT1D-26-NBLO,same,0,Elections,Will Nate Blouin be the Democratic nominee for UT-01?,Will Nate Blouin be the Democratic nominee for UT-1?,78752.37697299999,2026-06-24T02:26:00Z,181,5.5132596685082875,21.500000000000004,70.71823204419888,37.01657458563536,18.23204419889503,19,"[3.0, 1.0, 2.0, 2.0, 1.0, 7.0, 1.0, 3.0, 4.0, 5.0, 1.0, 1.0, 1.0, 1.0, 1.0, 2.0, 1.0, 1.0, 1.0]"
2546958,KXWCAST-26JUN17PORCOD-PORCRIS7-1,same,0,Sports,Cristiano Ronaldo: 1+ assists,Cristiano Ronaldo: 1+ assists?,3129.0831319999993,2026-06-17T19:25:50Z,2,5.500000000000001,7.500000000000001,100.0,50.0,0.0,0,[]
2629118,KXWCAST-26JUN23PANCRO-CROLMODRI14-1,same,0,Sports,Luka Modrić: 1+ assists,Luka Modric: 1+ assists?,3474.743429,2026-06-24T00:39:41Z,2,5.500000000000001,6.0,100.0,100.0,0.0,0,[]
2494003,KXWCGOAL-26JUN15BELEGY-BELCDEKE17-1,same,0,Sports,Charles De Ketelaere: 1+ goals,Charles De Ketelaere: 1+ goals,4669.450765000001,2026-06-15T20:27:21Z,2,5.500000000000001,6.000000000000003,100.0,50.0,0.0,0,[]
2532805,KXWCAST-26JUN16IRQNOR-NOREHAALA9-1,same,0,Sports,Erling Haaland: 1+ assists,Erling Haaland: 1+ assists?,2536.3583180000005,2026-06-17T00:15:09Z,2,5.5,6.0,100.0,50.0,0.0,0,[]
2729554,KXWCAST-26JUL01USABIH-USAWMCKEN22-1,same,0,Sports,Weston McKennie: 1+ assists,Weston McKennie: 1+ assists?,1791.459108,2026-07-02T02:01:26Z,2,5.5,9.0,50.0,50.0,0.0,1,[1.0]
2232058,KXPGATOP20-PGC26-CGOT,same,0,Sports,Will Chris Gotterup finish in the Top 20 at the 2026 PGA Championship?,PGA Championship: Will Chris Gotterup finish top 20?,2275.9866349999998,2026-05-18T00:21:04Z,6,5.499999999999999,12.5,83.33333333333334,33.33333333333333,16.666666666666664,1,[2.0]
2521029,KXWCAST-26JUN15ESPCPV-ESPLYAMAL10-1,same,0,Sports,Lamine Yamal: 1+ assists,Lamine Yamal: 1+ assists?,4277.589066,2026-06-15T18:50:07Z,2,5.499999999999999,10.000000000000004,50.0,50.0,50.0,1,[1.0]
2411359,KXPGATOUR-THMTPBW26-SSCH,same,0,Sports,Will Scottie Scheffler win the 2026 the Memorial Tournament presented by Workday?,Will Scottie Scheffler win the the Memorial Tournament presented by Workday?,38167.469314999995,2026-06-07T22:40:30Z,6,5.483333333333335,28.000000000000004,33.33333333333333,16.666666666666664,16.666666666666664,1,[1.0]
2183564,KXTOPSONG-26MAY16-DRO,same,0,Entertainment,"Will ""Drop Dead - Olivia Rodrigo"" be the Billboard Hot 100 #1 song for the week of May 16?","Will drop dead be #1 on the Billboard Hot 100 during the week of May 16, 2026",1068.010037,2026-05-11T03:59:00Z,3,5.483333333333333,9.5,100.0,33.33333333333333,0.0,1,[1.0]
788464,KXSENATEKYR-26-NMOR,same,0,Elections,Will Nate Morris be the Republican nominee for Senate in Kentucky?,Will Nate Morris be the Republican nominee for the Senate in Kentucky?,38346.502747000006,2026-05-19T23:05:05Z,143,5.481118881118881,29.549999999999997,73.42657342657343,49.65034965034965,13.986013986013987,12,"[2.0, 16.0, 1.0, 1.0, 1.0, 1.0, 4.0, 2.0, 1.0, 1.0, 5.0, 1.0]"
1833903,KXANIMEBNS-26-FRA,same,0,Entertainment,"Will ""The Fragrant Flower Blooms With Dignity"" win Best New Series at the 2026 Crunchyroll Anime Awards?",2026 Crunchyroll Anime Award for Best New Series?,5302.8589249999995,2026-05-23T15:38:20Z,33,5.468181818181818,35.5,51.515151515151516,24.242424242424242,15.151515151515152,5,"[2.0, 1.0, 1.0, 1.0, 1.0]"
1835897,KXANIMEBVAPE-26-LUC,same,0,Entertainment,Will Lucien Dodge as Akaza (Demon Slayer: Kimetsu no Yaiba Infinity Castle) win Best Anime Voice Artist Performance (English) at the 2026 Crunchyroll Anime Awards?,2026 Crunchyroll Anime Award for Best Anime Voice Artist Performance (English)?,3009.067456,2026-05-23T15:52:49Z,17,5.447058823529411,24.5,76.47058823529412,35.294117647058826,11.76470588235294,5,"[1.0, 3.0, 1.0, 1.0, 1.0]"
1390375,KXEUROVISIONRANK-26TOP5-FRA,same,0,Entertainment,Will France be in the top 5 at Eurovision 2026?,Will France be Top 5?,49281.427706,2026-05-16T23:23:14Z,8,5.4375,17.5,75.0,37.5,12.5,2,"[2.0, 1.0]"
1972809,KXNBAFINMVP-26-JBRU,same,0,Sports,Will Jalen Brunson win the 2026 NBA Finals MVP?,Who will win Finals MVP?,745206.4078809988,2026-06-14T04:21:39Z,55,5.437272727272727,51.449999999999996,50.90909090909091,27.27272727272727,16.363636363636363,9,"[2.0, 2.0, 1.0, 2.0, 1.0, 1.0, 1.0, 1.0, 1.0]"
703866,KXNY15D-26-RTOR,same,0,Elections,Will Ritchie Torres be the Democratic nominee for NY-15?,Will Ritchie Torres be the Democratic nominee for NY-15?,16087.628693000002,2026-06-24T01:10:44Z,129,5.432945736434107,61.0,75.96899224806202,26.356589147286826,15.503875968992247,14,"[2.0, 1.0, 1.0, 1.0, 1.0, 1.0, 1.0, 1.0, 1.0, 2.0, 1.0, 1.0, 1.0, 1.0]"
679653,KXSENATEGAR-26-MCOL,same,0,Elections,Will Mike Collins be the Republican nominee for Senate in Georgia?,Will Mike Collins be the Republican nominee for the Senate in Georgia?,112512.8381079997,2026-06-17T00:39:00Z,194,5.416494845360824,28.500000000000004,69.58762886597938,38.659793814432994,13.917525773195877,12,"[3.0, 1.0, 2.0, 4.0, 13.0, 2.0, 3.0, 3.0, 1.0, 5.0, 1.0, 1.0]"
1540754,KXCAPRIMARY-1726-EAGA,same,0,Elections,Will Ethan Agarwal advance from the CA-17 primary?,Will Ethan Agarwal advance in the 2026 CA-17 primary?,3235.433257,2026-06-08T14:35:49Z,50,5.377000000000001,42.00000000000001,56.00000000000001,28.000000000000004,18.0,6,"[1.0, 1.0, 2.0, 1.0, 1.0, 1.0]"
2731889,KXPGATOP10-JODC26-MKIM,same,0,Sports,Will Michael Kim finish in the Top 10 at the 2026 John Deere Classic?,John Deere Classic: Will Michael Kim finish top 10?,2278.93,2026-07-04T01:10:18Z,4,5.375,7.5,100.0,75.0,0.0,1,[3.0]
2231861,KXPGATOP5-PGC26-BHAR,same,0,Sports,Will Brian Harman finish in the Top 5 at the 2026 PGA Championship?,PGA Championship: Will Brian Harman finish top 5?,1087.079,2026-05-18T00:20:25Z,6,5.358333333333333,12.85,66.66666666666666,33.33333333333333,33.33333333333333,2,"[1.0, 1.0]"
2232018,KXPGATOP20-PGC26-DEB,same,0,Sports,Will Derek Berg finish in the Top 20 at the 2026 PGA Championship?,PGA Championship: Will Derek Berg finish top 20?,1085.5077,2026-05-16T00:25:59Z,4,5.3375,9.700000000000001,50.0,50.0,0.0,1,[2.0]
2357047,KXWTASETWINNER-26MAY27SHNKES-1-SHN,same,0,Sports,Set 1 Winner: Shnaider vs Kessler,Will Diana Shnaider win set 1 in the Diana Shnaider vs McCartney Kessler match,1159.4099560000002,2026-05-28T12:42:55Z,3,5.333333333333335,14.000000000000002,33.33333333333333,33.33333333333333,33.33333333333333,1,[1.0]
2734768,KXWCGOAL-26JUL02ESPAUT-ESPDOLMO20-1,same,0,Sports,Dani Olmo: 1+ goals,Dani Olmo: 1+ goals,25929.911495999997,2026-07-02T20:33:19Z,3,5.333333333333335,9.0,66.66666666666666,66.66666666666666,0.0,1,[2.0]
2264299,KXIIHF-26-SUI,same,0,Sports,Will Switzerland win the 2026 IIHF World Championship?,Will Switzerland win the IIHF World Championship?,135974.5969619999,2026-05-31T23:43:45Z,15,5.333333333333333,30.499999999999993,66.66666666666666,20.0,13.333333333333334,3,"[1.0, 1.0, 1.0]"
2734824,KXWCAST-26JUL02ESPAUT-ESPPEDR8-1,same,0,Sports,Pedri: 1+ assists,Pedri: 1+ assists?,6096.168223999999,2026-07-02T20:55:27Z,3,5.333333333333333,9.0,66.66666666666666,66.66666666666666,0.0,1,[2.0]
1834623,KXANIMEBAC-26-SOL,same,0,Entertainment,"Will ""Solo Leveling Season 2 -Arise from the Shadow-"" win Best Action Anime at the 2026 Crunchyroll Anime Awards?",2026 Crunchyroll Anime Award for Best Action Anime?,2145.521561,2026-05-23T15:40:06Z,32,5.296875,20.999999999999996,84.375,37.5,12.5,7,"[1.0, 1.0, 1.0, 3.0, 2.0, 1.0, 1.0]"
2172808,KXMLSBTTS-26MAY17MIAPOR-BTTS,same,0,Sports,Rayo Vallecano de Madrid vs. Villarreal CF: Both Teams to Score,Will both teams score?,8619.951330000002,2026-05-18T00:10:57Z,7,5.28571428571429,9.499999999999996,100.0,42.857142857142854,0.0,1,[3.0]
2158497,KXCS2-AST26-FURIA,same,0,Sports,Will FURIA win PGL Astana 2026?,Will FURIA win PGL Astana?,17484.122026000012,2026-05-16T14:58:19Z,9,5.277777777777777,24.499999999999996,66.66666666666666,22.22222222222222,11.11111111111111,2,"[1.0, 1.0]"
1663555,KXGAPRIMARY-01R26-JKIN,same,0,Elections,Will James Kingston be the Republican nominee for GA-01?,Will James Kingston be the Republican nominee for GA-01?,7085.862461000001,2026-05-20T14:28:28Z,35,5.258571428571427,42.45,65.71428571428571,22.857142857142858,8.571428571428571,6,"[1.0, 2.0, 1.0, 1.0, 1.0, 1.0]"
2703281,KXATPSETWINNER-26JUN29VIRSHE-3-VIR,same,0,Sports,Set 3 Winner: Virtanen vs Shelton,Will Otto Virtanen win set 3 in the Otto Virtanen vs Ben Shelton match,2947.8776140000004,2026-06-30T14:07:21Z,2,5.250000000000004,6.500000000000005,100.0,50.0,0.0,0,[]
2674165,KXCOPRIMARY-03D26-AKEL,same,0,Elections,Will Alex Kelloff be the Democratic nominee for CO-03?,Will Alex Kelloff be the Democratic nominee for CO-03?,69056.713073,2026-07-01T02:12:21Z,6,5.250000000000003,12.499999999999995,100.0,33.33333333333333,16.666666666666664,2,"[1.0, 1.0]"
2494332,KXWCGOAL-26JUN14AUSTUR-TURAGULER15-1,same,0,Sports,Arda Güler: 1+ goals,Arda Guler: 1+ goals,3723.3637830000007,2026-06-14T06:24:53Z,2,5.250000000000001,8.000000000000002,100.0,50.0,0.0,0,[]
2494025,KXWCGOAL-26JUN15BELEGY-BELKDEBR11-1,same,0,Sports,Kevin De Bruyne: 1+ goals,Kevin De Bruyne: 1+ goals,7836.1766739999985,2026-06-15T20:47:20Z,2,5.25,9.000000000000002,50.0,50.0,0.0,1,[1.0]
2727588,KXWCGOAL-26JUL01USABIH-USACPULIS11-2,same,0,Sports,Christian Pulisic: 2+ goals,Christian Pulisic: 2+ goals,47319.959411,2026-07-02T01:53:20Z,2,5.25,6.5,100.0,50.0,0.0,0,[]
2717528,KXWCGOAL-26JUN30CIVNOR-CIVNPEPE19-1,same,0,Sports,Nicolas Pépé: 1+ goals,Nicolas Pepe: 1+ goals,8040.235136,2026-06-30T18:47:23Z,2,5.249999999999999,6.999999999999998,100.0,50.0,0.0,0,[]
2493591,KXWCGOAL-26JUN17PORCOD-PORBFERNA8-1,same,0,Sports,Bruno Fernandes: 1+ goals,Bruno Fernandes: 1+ goals,26335.487036,2026-06-17T19:25:55Z,2,5.249999999999999,8.999999999999996,50.0,50.0,0.0,1,[1.0]
2363632,KXVANCEMENTION-26MAY28-MARI,same,0,Mentions,"Will Vance say ""Marine"" during Air Force Academy Address?",What will JD Vance say during Commencement Address at the U.S. Air Force Academy?,2271.306302,2026-05-28T18:21:16Z,2,5.249999999999999,7.9999999999999964,100.0,50.0,0.0,0,[]
973446,KXNY13D-26-OROM,same,0,Elections,Will Oscar Romero be the Democratic Nominee for NY-13?,Will Oscar Romero be the Democratic nominee for NY-13?,7829.050877000001,2026-06-24T02:39:44Z,123,5.24349593495935,25.5,60.16260162601627,30.081300813008134,19.51219512195122,7,"[1.0, 3.0, 3.0, 2.0, 3.0, 1.0, 1.0]"
1510489,KXSENATEOKR-26-WWAS,same,0,Elections,Will Wayne Lonny Washington be the Republican nominee for Senate in Oklahoma?,Will Wayne Lonny Washington be the Republican nominee for the Senate in Oklahoma?,2637.8403030000013,2026-06-17T01:56:40Z,15,5.2366666666666655,34.5,40.0,26.666666666666668,20.0,1,[1.0]
2045400,KXCOPRIMARY-01D26-MKIR,same,0,Elections,Will Melat Kiros be the Democratic nominee for CO-01?,Will Melat Kiros be the Democratic nominee for CO-01?,213423.3935049998,2026-07-01T06:53:27Z,70,5.23,27.500000000000004,71.42857142857143,37.142857142857146,14.285714285714285,13,"[2.0, 1.0, 1.0, 1.0, 6.0, 1.0, 1.0, 2.0, 1.0, 1.0, 2.0, 1.0, 1.0]"
2553796,KXPGATOP10-USO26-ABHA,same,0,Sports,Will Akshay Bhatia finish in the Top 10 at the 2026 U.S. Open?,U.S. Open: Will Akshay Bhatia finish top 10?,1106.430257,2026-06-22T00:19:51Z,6,5.2250000000000005,8.0,83.33333333333334,66.66666666666666,0.0,1,[1.0]
2586840,KXWCGOAL-26JUN20GERCIV-GERFWIRTZ7-3,same,0,Sports,Florian Wirtz: 3+ goals,Florian Wirtz: 3+ goals,6985.151965999999,2026-06-20T22:04:49Z,2,5.199999999999999,9.95,50.0,50.0,0.0,0,[]
2653278,KXWCGOAL-26JUN25TURUSA-TURAGULER15-2,same,0,Sports,Arda Güler: 2+ goals,Arda Guler: 2+ goals,6007.055590999999,2026-06-26T04:29:50Z,2,5.175,10.0,50.0,50.0,0.0,1,[1.0]
2722018,KXWCGOAL-26JUL01ENGCOD-ENGHKANE9-1,same,0,Sports,Harry Kane: 1+ goals,Harry Kane: 1+ goals,250624.99635599932,2026-07-01T18:20:06Z,3,5.166666666666671,7.000000000000006,100.0,66.66666666666666,0.0,1,[2.0]
2232097,KXPGATOP20-PGC26-MLEE,same,0,Sports,Will Min Woo Lee finish in the Top 20 at the 2026 PGA Championship?,PGA Championship: Will Min Woo Lee finish top 20?,4593.779806,2026-05-18T00:21:13Z,6,5.166666666666668,12.000000000000002,83.33333333333334,33.33333333333333,16.666666666666664,1,[2.0]
2614662,KXWCGOAL-26JUN22JORDZA-DZARMAHRE7-3,same,0,Sports,Riyad Mahrez: 3+ goals,Riyad Mahrez: 3+ goals,1245.0742209999999,2026-06-23T04:39:44Z,3,5.1499999999999995,11.5,66.66666666666666,33.33333333333333,33.33333333333333,1,[1.0]
679693,KXSENATEALD-26-EWES,same,0,Elections,Will Everett Wess be the Democratic nominee for Senate in Alabama?,Will Everett Wess be the Democratic nominee for the Senate in Alabama?,3444.222224,2026-06-17T03:11:13Z,27,5.137037037037037,17.800000000000004,74.07407407407408,44.44444444444444,7.4074074074074066,2,"[1.0, 1.0]"
703777,KXNY7D-26-SNUR,same,0,Elections,Will Sandy Nurse be the Democratic nominee for NY-07?,Will Sandy Nurse be the Democratic nominee for NY-07?,10169.313850000002,2026-06-24T01:30:55Z,103,5.131067961165048,44.0,46.601941747572816,43.689320388349515,25.24271844660194,3,"[1.0, 2.0, 1.0]"
2232040,KXPGATOP20-PGC26-BDEC,same,0,Sports,Will Bryson DeChambeau finish in the Top 20 at the 2026 PGA Championship?,PGA Championship: Will Bryson DeChambeau finish top 20?,4799.571414,2026-05-16T00:25:53Z,4,5.124999999999999,13.999999999999996,50.0,50.0,25.0,1,[1.0]
2045737,KXCAPRIMARY-1326-DROD,same,0,Elections,Will Daniel Garibay Rodriguez advance from the CA-13 primary election?,Will Daniel Rodriguez advance in the 2026 CA-13 primary?,1129.629032,2026-06-04T15:57:44Z,17,5.105882352941176,6.950000000000001,94.11764705882352,52.94117647058824,0.0,1,[6.0]
2232079,KXPGATOP20-PGC26-BIH,same,0,Sports,Will Billy Horschel finish in the Top 20 at the 2026 PGA Championship?,PGA Championship: Will Billy Horschel finish top 20?,1000.06,2026-05-16T00:26:02Z,4,5.100000000000001,12.400000000000002,50.0,50.0,25.0,1,[1.0]
1835828,KXANIMEBVAPA-26-MOA,same,0,Entertainment,Will Moataz El—Shazly as Heisuke Mashimo (SAKAMOTO DAYS) win Best Anime Voice Artist Performance (Arabic) at the 2026 Crunchyroll Anime Awards?,2026 Crunchyroll Anime Award for Best Anime Voice Artist Performance (Arabic)?,1169.2055939999998,2026-05-23T15:53:08Z,14,5.096428571428571,32.4,57.14285714285714,28.57142857142857,7.142857142857142,3,"[2.0, 1.0, 1.0]"
824264,KXGOVNMNOMR-26-DROD,same,1,Elections,Will Duke Rodriguez win the 2026 New Mexico Governor Republican primary election?,Will Duke Rodriguez be the Republican nominee for Governor in New Mexico?,29223.884909999982,2026-06-03T04:03:59Z,170,5.09470588235294,48.0,81.76470588235294,28.235294117647058,4.705882352941177,14,"[1.0, 20.0, 7.0, 1.0, 1.0, 2.0, 1.0, 1.0, 1.0, 3.0, 1.0, 1.0, 1.0, 3.0]"
2411201,KXPGATOUR-THMTPBW26-RGER,same,0,Sports,Will Ryan Gerard win the 2026 the Memorial Tournament presented by Workday?,Will Ryan Gerard win the the Memorial Tournament presented by Workday?,126059.12176999997,2026-06-07T22:40:30Z,6,5.091666666666668,27.05,16.666666666666664,16.666666666666664,16.666666666666664,1,[1.0]
645609,KXNHLNORRIS-26-CMAK,same,0,Sports,Will Cale Makar win the 2025–2026 NHL James Norris Memorial Trophy?,Who will win James Norris Memorial Trophy?,64341.922844000015,2026-06-03T18:33:51Z,179,5.084357541899441,35.5,74.86033519553072,34.07821229050279,11.1731843575419,28,"[1.0, 1.0, 2.0, 4.0, 3.0, 2.0, 2.0, 1.0, 1.0, 1.0, 1.0, 1.0, 1.0, 4.0, 1.0, 1.0, 2.0, 1.0, 1.0, 3.0, 1.0, 1.0, 3.0, 1.0, 1.0, 1.0, 1.0, 3.0]"
2232029,KXPGATOP20-PGC26-SBUR,same,0,Sports,Will Sam Burns finish in the Top 20 at the 2026 PGA Championship?,PGA Championship: Will Sam Burns finish top 20?,3314.4210070000004,2026-05-18T00:21:02Z,6,5.083333333333333,13.0,50.0,33.33333333333333,33.33333333333333,1,[2.0]
1335411,KXTX33D-26-CALL,same,0,Elections,Will Colin Allred be the Democratic nominee for TX-33?,Will Colin Allred be the Democratic nominee for TX-33?,58303.746270999996,2026-05-27T03:46:33Z,83,5.079518072289156,62.5,67.46987951807229,25.301204819277107,10.843373493975903,11,"[1.0, 1.0, 2.0, 1.0, 1.0, 3.0, 1.0, 1.0, 1.0, 5.0, 1.0]"
1835939,KXANIMEBVAPF-26-BAS,same,0,Entertainment,Will Bastien Bourlé as Izuku Midoriya (My Hero Academia FINAL SEASON) win Best Anime Voice Artist Performance (French) at the 2026 Crunchyroll Anime Awards?,2026 Crunchyroll Anime Award for Best Anime Voice Artist Performance (French)?,3057.327964,2026-05-23T15:56:44Z,19,5.078947368421052,23.0,52.63157894736842,31.57894736842105,10.526315789473683,3,"[1.0, 1.0, 1.0]"
2231921,KXPGATOP10-PGC26-CBL,same,0,Sports,Will Chandler Blanchet finish in the Top 10 at the 2026 PGA Championship?,PGA Championship: Will Chandler Blanchet finish top 10?,1563.700863,2026-05-18T00:20:56Z,6,5.058333333333334,12.400000000000002,83.33333333333334,33.33333333333333,16.666666666666664,1,[2.0]
788440,KXSENATEKYD-26-CBOO,same,0,Elections,Will Charles Booker be the Democratic nominee for Senate in Kentucky?,Will Charles Booker be the Democratic nominee for the Senate in Kentucky?,33975.834613999985,2026-05-20T02:07:05Z,142,5.053521126760563,32.0,73.23943661971832,30.985915492957744,10.56338028169014,22,"[4.0, 1.0, 1.0, 1.0, 4.0, 1.0, 1.0, 1.0, 1.0, 1.0, 1.0, 1.0, 2.0, 1.0, 3.0, 1.0, 1.0, 1.0, 1.0, 1.0, 1.0, 1.0]"
2232066,KXPGATOP20-PGC26-THAT,same,0,Sports,Will Tyrrell Hatton finish in the Top 20 at the 2026 PGA Championship?,PGA Championship: Will Tyrrell Hatton finish top 20?,1235.54164,2026-05-16T00:25:54Z,4,5.000000000000002,13.000000000000004,50.0,50.0,25.0,1,[1.0]
2674309,KXWCGOAL-26JUN27CROGHA-GHAASEMEN42-1,same,0,Sports,Antoine Semenyo: 1+ goals,Antoine Semenyo: 1+ goals,7286.093245000001,2026-06-27T23:05:07Z,2,5.000000000000001,5.500000000000001,100.0,50.0,0.0,0,[]
2232016,KXPGATOP20-PGC26-LABE,same,0,Sports,Will Ludvig Aberg finish in the Top 20 at the 2026 PGA Championship?,PGA Championship: Will Ludvig Aberg finish top 20?,2789.069093,2026-05-18T00:21:01Z,6,5.000000000000001,20.5,50.0,33.33333333333333,16.666666666666664,1,[1.0]
2553929,KXPGATOP20-USO26-ASMA,same,0,Sports,Will Alex Smalley finish in the Top 20 at the 2026 U.S. Open?,U.S. Open: Will Alex Smalley finish top 20?,1964.375379,2026-06-20T01:11:43Z,4,5.0,9.0,75.0,50.0,0.0,2,"[1.0, 1.0]"
2674367,KXWCGOAL-26JUN27PANENG-ENGJBELLI5-1,same,0,Sports,Jude Bellingham: 1+ goals,Jude Bellingham: 1+ goals,19780.445666000007,2026-06-27T22:29:48Z,2,5.0,9.0,50.0,50.0,0.0,1,[1.0]
2494218,KXWCGOAL-26JUN14NEDJPN-JPNAUEDA9-1,same,0,Sports,Ayase Ueda: 1+ goals,Ayase Ueda: 1+ goals,5074.096815000001,2026-06-14T21:43:36Z,2,5.0,7.000000000000001,100.0,50.0,0.0,0,[]
2158534,KXCS2-IEMATL26-GL,same,0,Sports,Will GamerLegion win IEM Atlanta 2026?,Will GamerLegion win IEM Atlanta?,42808.620288000006,2026-05-18T13:50:56Z,6,5.0,13.05,50.0,50.0,16.666666666666664,2,"[2.0, 1.0]"
2294676,KXPGATOP20-THCCBN26-LCLA,same,0,Sports,Will Luke Clanton finish in the Top 20 at the 2026 THE CJ CUP Byron Nelson?,THE CJ CUP Byron Nelson: Will Luke Clanton finish top 20?,1025.0,2026-05-25T01:02:12Z,6,5.0,9.0,100.0,50.0,0.0,1,[1.0]
2674365,KXWCGOAL-26JUN27PANENG-ENGHKANE9-2,same,0,Sports,Harry Kane: 2+ goals,Harry Kane: 2+ goals,34533.24994899998,2026-06-27T22:43:22Z,2,5.0,7.499999999999998,100.0,50.0,0.0,1,[1.0]
679608,KXSENATECOR-26-MBAI,same,0,Elections,Will Mark Baisley be the Republican nominee for Senate in Colorado?,Will Mark Baisley be the Republican nominee for the Senate in Colorado?,17362.507423000017,2026-07-01T15:02:41Z,116,4.98103448275862,49.50000000000001,42.241379310344826,22.413793103448278,12.931034482758621,9,"[7.0, 2.0, 2.0, 1.0, 4.0, 1.0, 1.0, 1.0, 1.0]"
704026,KXCO8D-26-MRUT,same,0,Elections,Will Manny Rutinel be the Democratic nominee for CO-08?,Will Manny Rutinel be the Democratic nominee for CO-8?,42809.60965400003,2026-07-01T01:49:34Z,190,4.953684210526315,24.5,65.78947368421053,32.10526315789474,13.157894736842104,25,"[1.0, 2.0, 3.0, 6.0, 1.0, 3.0, 1.0, 1.0, 1.0, 1.0, 5.0, 1.0, 1.0, 2.0, 1.0, 3.0, 3.0, 3.0, 2.0, 1.0, 1.0, 2.0, 6.0, 3.0, 1.0]"
645259,KXNHLHART-26-NMAC,same,0,Sports,Will Nathan MacKinnon win the 2025–2026 NHL Hart Memorial Trophy?,Who will win Hart Memorial Trophy?,118384.2193780001,2026-06-11T23:51:25Z,195,4.931538461538461,33.5,68.2051282051282,31.28205128205128,11.282051282051283,30,"[1.0, 1.0, 1.0, 1.0, 1.0, 1.0, 1.0, 1.0, 2.0, 3.0, 2.0, 1.0, 1.0, 3.0, 1.0, 1.0, 2.0, 2.0, 1.0, 1.0, 1.0, 1.0, 1.0, 1.0, 1.0, 2.0, 1.0, 4.0, 1.0, 5.0]"
2553826,KXPGATOP10-USO26-STHE,same,0,Sports,Will Sahith Theegala finish in the Top 10 at the 2026 U.S. Open?,U.S. Open: Will Sahith Theegala finish top 10?,2576.3143630000004,2026-06-22T00:19:57Z,6,4.916666666666667,16.0,83.33333333333334,16.666666666666664,16.666666666666664,1,[1.0]
2412173,KXTOPSONG-26JUN13-RAN,same,0,Entertainment,"Will ""Ran To Atlanta - Drake"" be the Billboard Hot 100 #1 song for the week of June 13?","Will Ran To Atlanta be #1 on the Billboard Hot 100 during the week of Jun 13, 2026",3009.814415,2026-06-08T03:59:00Z,3,4.916666666666667,13.95,33.33333333333333,33.33333333333333,33.33333333333333,1,[1.0]
2553752,KXPGATOP10-USO26-XSCH,same,0,Sports,Will Xander Schauffele finish in the Top 10 at the 2026 U.S. Open?,U.S. Open: Will Xander Schauffele finish top 10?,2193.22815,2026-06-22T00:19:57Z,6,4.916666666666666,15.499999999999996,66.66666666666666,16.666666666666664,16.666666666666664,1,[1.0]
2471349,KXPGATOP5-RBBCAN26-JDAH,same,0,Sports,Will Joel Dahmen finish in the Top 5 at the 2026 RBC Canadian Open?,RBC Canadian Open: Will Joel Dahmen finish top 5?,1328.386161,2026-06-13T00:10:45Z,4,4.9,18.5,25.0,25.0,25.0,0,[]
703772,KXNY7D-26-AREY,same,0,Elections,Will Antonio Reynoso be the Democratic nominee for NY-07?,Will Antonio Reynoso be the Democratic nominee for NY-07?,146477.73778900004,2026-06-24T01:30:55Z,200,4.8925,24.5,75.0,28.499999999999996,13.0,28,"[7.0, 1.0, 3.0, 3.0, 2.0, 1.0, 1.0, 1.0, 2.0, 1.0, 1.0, 1.0, 1.0, 1.0, 1.0, 1.0, 1.0, 1.0, 3.0, 1.0, 2.0, 4.0, 1.0, 1.0, 3.0, 1.0, 2.0, 2.0]"
2553767,KXPGATOP10-USO26-CGOT,same,0,Sports,Will Chris Gotterup finish in the Top 10 at the 2026 U.S. Open?,U.S. Open: Will Chris Gotterup finish top 10?,2132.627856,2026-06-22T00:19:53Z,6,4.891666666666667,8.5,66.66666666666666,50.0,0.0,2,"[1.0, 1.0]"
1833844,KXANIMEBF-26-100,same,0,Entertainment,"Will ""100 Meters"" win Film of the Year at the 2026 Crunchyroll Anime Awards?",2026 Crunchyroll Anime Award for Film of the Year?,1762.3487120000002,2026-05-23T15:36:42Z,28,4.887500000000001,38.0,53.57142857142857,14.285714285714285,14.285714285714285,2,"[1.0, 1.0]"
2354316,KXPGATOUR-CHSC26-ECOL,same,0,Sports,Will Eric Cole win the 2026 Charles Schwab Challenge?,Will Eric Cole win the Charles Schwab Challenge?,26168.271648000005,2026-05-31T22:26:21Z,6,4.883333333333334,22.15,50.0,16.666666666666664,16.666666666666664,1,[1.0]
2044290,KXMTPRIMARY-01R26-AFLI,same,0,Elections,Will Aaron Flint be the Republican nominee for MT-01?,Will Aaron Flint be the Republican nominee for MT-01?,3775.7936739999996,2026-06-03T02:55:43Z,34,4.875000000000002,42.50000000000001,70.58823529411765,20.588235294117645,11.76470588235294,5,"[1.0, 1.0, 1.0, 2.0, 1.0]"
2231968,KXPGATOP10-PGC26-RHEN,same,0,Sports,Will Russell Henley finish in the Top 10 at the 2026 PGA Championship?,PGA Championship: Will Russell Henley finish top 10?,1769.482811,2026-05-16T00:26:09Z,4,4.875,7.500000000000001,75.0,50.0,0.0,1,[1.0]
2231980,KXPGATOP10-PGC26-VHOV,same,0,Sports,Will Viktor Hovland finish in the Top 10 at the 2026 PGA Championship?,PGA Championship: Will Viktor Hovland finish top 10?,1113.2401,2026-05-16T00:26:09Z,4,4.875,11.0,75.0,25.0,25.0,0,[]
825533,KXGOVORNOMR-26-CDRA,same,1,Elections,Will Christine Drazan win the 2026 Oregon Governor Republican primary election?,Will Christine Drazan be the Republican nominee for Governor in Oregon?,59091.21585799998,2026-05-20T04:04:38Z,129,4.874418604651163,33.00000000000001,74.4186046511628,35.65891472868217,10.077519379844961,19,"[2.0, 2.0, 1.0, 9.0, 1.0, 3.0, 1.0, 1.0, 1.0, 2.0, 2.0, 4.0, 1.0, 2.0, 4.0, 2.0, 1.0, 1.0, 3.0]"
2717529,KXWCGOAL-26JUN30CIVNOR-CIVNPEPE19-2,same,0,Sports,Nicolas Pépé: 2+ goals,Nicolas Pepe: 2+ goals,1474.781921,2026-06-30T18:47:23Z,2,4.85,9.5,50.0,50.0,0.0,1,[1.0]
2044371,KXNJ07D-26-BVAR,same,0,Elections,Will Brian Varela be the Democratic nominee for NJ-07?,Will Brian Varela be the Democratic nominee for New Jersey's 7th Congressional District?,1544.9083670000002,2026-06-03T02:31:30Z,38,4.848684210526316,31.45,42.10526315789473,26.31578947368421,13.157894736842104,3,"[1.0, 1.0, 1.0]"
1972825,KXNBAFINMVP-26-OANU,same,0,Sports,Will OG Anunoby win the 2026 NBA Finals MVP?,Will OG Anunoby win Finals MVP?,348745.7297269998,2026-06-14T04:21:39Z,13,4.838461538461539,30.45,30.76923076923077,15.384615384615385,15.384615384615385,1,[1.0]
2232114,KXPGATOP20-PGC26-CMOR,same,0,Sports,Will Collin Morikawa finish in the Top 20 at the 2026 PGA Championship?,PGA Championship: Will Collin Morikawa finish top 20?,1289.909863,2026-05-18T00:21:07Z,6,4.824999999999998,14.000000000000002,50.0,33.33333333333333,16.666666666666664,1,[2.0]
1059738,KXCAPRIMARY-1726-RTAN,same,0,Elections,Will Ritesh Tandon advance from the CA-17 primary?,Will Ritesh Tandon advance in the 2026 CA-17 primary?,9594.690893,2026-06-08T14:35:42Z,43,4.822093023255815,14.000000000000002,72.09302325581395,37.2093023255814,18.6046511627907,9,"[1.0, 1.0, 1.0, 2.0, 1.0, 1.0, 4.0, 1.0, 1.0]"
1448091,KXNJPRIMARY-12D26-AHAM,same,0,Elections,Will Adam Hamawy be the Democratic Nominee for NJ-12?,Will Adam Hamawy be the Democratic nominee for NJ-12?,14539.178729000001,2026-06-03T02:34:47Z,41,4.817073170731708,18.5,68.29268292682927,31.70731707317073,14.634146341463413,6,"[1.0, 1.0, 3.0, 1.0, 1.0, 2.0]"
679365,KXKXSENATEIAD-26-NSAG,same,0,Elections,Will Nathan Sage be the Democratic nominee for Senate in Iowa?,Will Nathan Sage be the Democratic nominee for the Senate in Iowa?,5815.574215999998,2026-06-03T02:35:14Z,141,4.759574468085106,38.0,68.08510638297872,36.87943262411347,2.8368794326241136,8,"[2.0, 6.0, 2.0, 1.0, 6.0, 13.0, 2.0, 1.0]"
801860,KXSENATESCD-26-AAND,same,0,Elections,Will Annie Andrews be the Democratic nominee for Senate in North Carolina?,Will Annie Andrews be the Democratic nominee for the Senate in South Carolina?,6467.261961,2026-06-10T00:36:43Z,132,4.757575757575757,18.000000000000004,56.81818181818182,37.878787878787875,11.363636363636363,2,"[20.0, 1.0]"
1835643,KXANIMEBAS-26-IRI,same,0,Entertainment,"Will ""IRIS OUT"" by Kenshi Yonezu (Chainsaw Man – The Movie: Reze Arc) win Best Anime Song at the 2026 Crunchyroll Anime Awards?",2026 Crunchyroll Anime Award for Best Anime Song?,7376.066285999999,2026-05-23T15:49:50Z,41,4.7560975609756095,15.999999999999993,70.73170731707317,31.70731707317073,12.195121951219512,5,"[1.0, 2.0, 1.0, 1.0, 1.0]"
2520605,KXWCGOAL-26JUN17GHAPAN-GHAJAYEWNA-1,same,0,Sports,Jordan Ayew: 1+ goals,Jordan Ayew: 1+ goals,2596.2252389999994,2026-06-18T00:50:08Z,2,4.750000000000002,7.500000000000001,100.0,50.0,0.0,1,[1.0]
2727410,KXWCGOAL-26JUL01BELSEN-SENSMANE10-1,same,0,Sports,Sadio Mané: 1+ goals,Sadio Mane: 1+ goals,8519.863116000002,2026-07-01T22:09:48Z,2,4.750000000000001,5.500000000000001,100.0,50.0,0.0,0,[]
2556518,KXWCGOAL-26JUN18SUIBIH-SUIGXHAKA34-1,same,0,Sports,Granit Xhaka: 1+ goals,Granit Xhaka: 1+ goals,17204.863962,2026-06-18T21:20:27Z,2,4.750000000000001,5.500000000000001,100.0,50.0,0.0,0,[]
2711121,KXWCGOAL-26JUN30CIVNOR-NORANUSA7-1,same,0,Sports,Antonio Nusa: 1+ goals,Antonio Nusa: 1+ goals,18394.454939000003,2026-06-30T18:31:21Z,2,4.75,4.999999999999999,100.0,0.0,0.0,0,[]
2667185,KXWCGOAL-26JUN26URUESP-URUFVALVE8-1,same,0,Sports,Federico Valverde: 1+ goals,Federico Valverde: 1+ goals,8375.958378999998,2026-06-27T01:21:20Z,2,4.75,6.5,100.0,50.0,0.0,0,[]
2595734,KXWCAST-26JUN20GERCIV-GERJMUSIA10-1,same,0,Sports,Jamal Musiala: 1+ assists,Jamal Musiala: 1+ assists?,1401.4893180000001,2026-06-20T21:23:21Z,2,4.75,4.999999999999999,100.0,0.0,0.0,0,[]
2586842,KXWCGOAL-26JUN20GERCIV-GERJMUSIA10-2,same,0,Sports,Jamal Musiala: 2+ goals,Jamal Musiala: 2+ goals,8702.305553999999,2026-06-20T21:23:21Z,2,4.75,6.0,100.0,50.0,0.0,0,[]
2728968,KXWCAST-26JUL01ENGCOD-ENGHKANE9-1,same,0,Sports,Harry Kane: 1+ assists,Harry Kane: 1+ assists?,5181.746022,2026-07-01T18:19:59Z,2,4.75,6.0,100.0,50.0,0.0,0,[]
2493635,KXWCGOAL-26JUN17PORCOD-PORJNEVES87-1,same,0,Sports,João Neves: 1+ goals,Joao Neves: 1+ goals,2276.1441059999997,2026-06-17T18:27:14Z,2,4.75,6.999999999999999,100.0,50.0,0.0,0,[]
2599011,KXWCAST-26JUN21ESPKSA-ESPLYAMAL10-1,same,0,Sports,Lamine Yamal: 1+ assists,Lamine Yamal: 1+ assists?,21899.652704000004,2026-06-21T17:05:20Z,2,4.749999999999998,6.0,100.0,50.0,0.0,0,[]
2717449,KXWCGOAL-26JUN30FRASWE-FRAODEMBE10-1,same,0,Sports,Ousmane Dembélé: 1+ goals,Ousmane Dembele: 1+ goals,99211.5422439999,2026-06-30T22:35:17Z,2,4.749999999999998,7.500000000000001,50.0,50.0,0.0,1,[1.0]
2640776,KXPGATOP10-TRAV26-SSTR,same,0,Sports,Will Sepp Straka finish in the Top 10 at the 2026 Travelers Championship?,Travelers Championship: Will Sepp Straka finish top 10?,1186.2,2026-06-29T14:20:01Z,6,4.7333333333333325,15.9,50.0,33.33333333333333,16.666666666666664,1,[1.0]
679399,KXSENATEIAR-26-AHIN,same,0,Elections,Will Ashley Hinson be the Republican nominee for Senate in Iowa?,Will Ashley Hinson be the Republican nominee for the Senate in Iowa?,16345.469491999991,2026-06-03T02:33:17Z,173,4.733236994219653,44.49999999999999,63.005780346820806,35.83815028901734,6.358381502890173,7,"[2.0, 4.0, 7.0, 3.0, 2.0, 1.0, 18.0]"
704028,KXCO8D-26-ABAC,same,0,Elections,Will Amie Baca-Oehlert be the Democratic nominee for CO-08?,Will Amie Baca-Oehlert be the Democratic nominee for CO-8?,3954.007954000002,2026-07-01T01:49:34Z,108,4.706018518518518,40.5,67.5925925925926,52.77777777777778,1.8518518518518516,5,"[1.0, 5.0, 1.0, 1.0, 17.0]"
2302544,KXTOPSONG-26MAY30-JAN,same,0,Entertainment,"Will ""Janice STFU - Drake"" be the Billboard Hot 100 #1 song for the week of May 30?","Will Janice STFU be #1 on the Billboard Hot 100 during the week of May 30, 2026",1575.3639579999997,2026-05-25T03:59:00Z,5,4.68,18.499999999999993,40.0,20.0,20.0,1,[1.0]
2232052,KXPGATOP20-PGC26-RFOW,same,0,Sports,Will Rickie Fowler finish in the Top 20 at the 2026 PGA Championship?,PGA Championship: Will Rickie Fowler finish top 20?,3788.096691,2026-05-18T00:21:11Z,6,4.666666666666667,12.500000000000004,66.66666666666666,33.33333333333333,16.666666666666664,1,[1.0]
1835830,KXANIMEBVAPA-26-FAT,same,0,Entertainment,Will Fatima Zakaria as Osaragi (SAKAMOTO DAYS) win Best Anime Voice Artist Performance (Arabic) at the 2026 Crunchyroll Anime Awards?,2026 Crunchyroll Anime Award for Best Anime Voice Artist Performance (Arabic)?,1002.6747739999998,2026-05-23T15:53:08Z,15,4.666666666666667,19.5,80.0,26.666666666666668,13.333333333333334,3,"[1.0, 1.0, 1.0]"
2231972,KXPGATOP10-PGC26-DHIL,same,0,Sports,Will Daniel Hillier finish in the Top 10 at the 2026 PGA Championship?,PGA Championship: Will Daniel Hillier finish top 10?,1186.04,2026-05-18T00:20:55Z,6,4.666666666666667,10.999999999999998,66.66666666666666,33.33333333333333,16.666666666666664,1,[1.0]
1835003,KXANIMEBIA-26-DIS,same,0,Entertainment,"Will ""Disney Twisted-Wonderland: The Animation — Season 1 'Episode of Heartslabyul'"" win Best Isekai Anime at the 2026 Crunchyroll Anime Awards?",2026 Crunchyroll Anime Award for Best Isekai Anime?,2218.923437,2026-05-23T15:42:18Z,24,4.664583333333334,30.55,37.5,20.833333333333336,12.5,3,"[1.0, 1.0, 1.0]"
1972662,KXNBAWFINMVP-26-DVASSELL24,same,0,Sports,Will Devin Vassell win the 2026 Western Conference Finals MVP?,Will Devin Vassell win Western Conference Finals MVP?,4800.026000000001,2026-05-31T02:57:09Z,11,4.6499999999999995,45.5,9.090909090909092,9.090909090909092,9.090909090909092,1,[1.0]
2314340,KXNJPRIMARY-08D26-RMEN,same,0,Elections,Will Robert Menendez Jr. be the Democratic nominee for NJ-08?,Will Robert Menendez Jr. be the Democratic nominee for NJ-08?,2954.268374000001,2026-06-03T02:27:22Z,13,4.649999999999996,17.999999999999993,69.23076923076923,38.46153846153847,7.6923076923076925,2,"[1.0, 5.0]"
703895,KXNY17D-26-JCAP,same,0,Elections,Will John Cappello be the Democratic nominee for NY-17?,Will John Cappello be the Democratic nominee for NY-17?,1906.3975539999997,2026-06-24T01:48:45Z,142,4.648943661971832,49.5,56.33802816901409,54.22535211267606,1.4084507042253522,3,"[1.0, 68.0, 1.0]"
645612,KXNHLNORRIS-26-RDAH,same,0,Sports,Will Rasmus Dahlin win the 2025–2026 NHL James Norris Memorial Trophy?,Who will win James Norris Memorial Trophy?,7338.561817999999,2026-06-03T18:33:51Z,174,4.647988505747127,47.0,66.0919540229885,46.55172413793103,0.5747126436781609,11,"[1.0, 5.0, 58.0, 1.0, 1.0, 1.0, 1.0, 1.0, 3.0, 2.0, 1.0]"
2553772,KXPGATOP10-USO26-SLOW,same,0,Sports,Will Shane Lowry finish in the Top 10 at the 2026 U.S. Open?,U.S. Open: Will Shane Lowry finish top 10?,1206.3899999999999,2026-06-20T01:11:55Z,4,4.625000000000001,7.000000000000001,75.0,75.0,0.0,1,[1.0]
2411417,KXPGATOUR-THMTPBW26-ECOL,same,0,Sports,Will Eric Cole win the 2026 the Memorial Tournament presented by Workday?,Will Eric Cole win the the Memorial Tournament presented by Workday?,4220.7541839999985,2026-06-07T22:40:30Z,6,4.625,26.55,16.666666666666664,16.666666666666664,16.666666666666664,1,[1.0]
2732067,KXPGATOP20-JODC26-PPET,same,0,Sports,Will Paul Peterson finish in the Top 20 at the 2026 John Deere Classic?,John Deere Classic: Will Paul Peterson finish top 20?,1256.869058,2026-07-04T01:10:11Z,4,4.625,7.000000000000001,75.0,50.0,0.0,1,[2.0]
679720,KXSENATEALR-26-BMOO,same,0,Elections,Will Barry Moore be the Republican nominee for Senate in Alabama?,Will Barry Moore be the Republican nominee for the Senate in Alabama?,206739.2522259998,2026-06-17T02:25:59Z,199,4.624874371859296,38.5,60.80402010050251,32.1608040201005,13.06532663316583,19,"[1.0, 1.0, 2.0, 2.0, 2.0, 1.0, 1.0, 5.0, 1.0, 1.0, 5.0, 1.0, 3.0, 1.0, 1.0, 1.0, 2.0, 1.0, 1.0]"
2231988,KXPGATOP10-PGC26-MKAY,same,0,Sports,Will Martin Kaymer finish in the Top 10 at the 2026 PGA Championship?,PGA Championship: Will Martin Kaymer finish top 10?,1136.2053,2026-05-18T00:20:46Z,6,4.616666666666666,12.6,50.0,33.33333333333333,33.33333333333333,1,[2.0]
2231939,KXPGATOP10-PGC26-BDEC,same,0,Sports,Will Bryson DeChambeau finish in the Top 10 at the 2026 PGA Championship?,PGA Championship: Will Bryson DeChambeau finish top 10?,1182.212077,2026-05-16T00:26:08Z,4,4.6000000000000005,9.000000000000002,75.0,50.0,0.0,1,[2.0]
572854,KXEPLRELEGATION-26-WHU,same,0,Sports,Will West Ham be relegated from the English Premier League after the 2025–26 season?,Will West Ham be Relegated from English Premier League in 2025-26 Season?,99457.20473199993,2026-05-24T19:53:06Z,163,4.598159509202453,22.499999999999996,60.73619631901841,33.74233128834356,13.496932515337424,14,"[2.0, 1.0, 2.0, 6.0, 2.0, 1.0, 1.0, 2.0, 1.0, 3.0, 1.0, 3.0, 1.0, 3.0]"
2731249,KXPGATOUR-JODC26-TKIM,same,0,Sports,Will Tom Kim win the 2026 John Deere Classic?,Will Tom Kim win the John Deere Classic?,2183.4225949999995,2026-07-05T21:55:00Z,6,4.583333333333334,24.400000000000002,16.666666666666664,16.666666666666664,16.666666666666664,1,[1.0]
1390368,KXEUROVISIONRANK-26TOP5-BUL,same,0,Entertainment,Will Bulgaria be in the top 5 at Eurovision 2026?,Will Bulgaria be Top 5?,124288.51667199988,2026-05-16T23:20:28Z,8,4.5625,14.000000000000002,50.0,25.0,25.0,1,[1.0]
2411147,KXPGATOUR-THMTPBW26-PCAN,same,0,Sports,Will Patrick Cantlay win the 2026 the Memorial Tournament presented by Workday?,Will Patrick Cantlay win the the Memorial Tournament presented by Workday?,5358.904112999999,2026-06-07T22:40:30Z,6,4.525,24.55,16.666666666666664,16.666666666666664,16.666666666666664,1,[1.0]
2584073,KXWCGOAL-26JUN20NEDSWE-NEDCGAKPO18-3,same,0,Sports,Cody Gakpo: 3+ goals,Cody Gakpo: 3+ goals,4886.785687999999,2026-06-20T18:51:24Z,2,4.525,7.5,50.0,50.0,0.0,1,[1.0]
2446001,KXVALORANT-MASTLD26-EDG,same,0,Sports,Will EDward Gaming win Valorant Masters London 2026?,Will EDward Gaming win VALORANT Masters London?,246697.00313100006,2026-06-21T21:57:28Z,15,4.5233333333333325,8.95,80.0,46.666666666666664,0.0,3,"[1.0, 2.0, 1.0]"
2584064,KXWCGOAL-26JUN20NEDSWE-SWEAISAK9-1,same,0,Sports,Alexander Isak: 1+ goals,Alexander Isak: 1+ goals,20502.33344899998,2026-06-20T19:10:16Z,2,4.500000000000002,7.000000000000001,100.0,50.0,0.0,0,[]
2520602,KXWCGOAL-26JUN17GHAPAN-PANIDIAZ10-1,same,0,Sports,Ismael Díaz: 1+ goals,Ismael Diaz: 1+ goals,1617.103429,2026-06-18T01:14:49Z,2,4.500000000000001,8.500000000000002,50.0,50.0,0.0,1,[1.0]
2727591,KXWCGOAL-26JUL01USABIH-USAFBALOG9-2,same,0,Sports,Folarin Balogun: 2+ goals,Folarin Balogun: 2+ goals,27677.996014,2026-07-02T02:14:48Z,2,4.500000000000001,6.000000000000001,100.0,50.0,0.0,0,[]
2653750,KXWCAST-26JUN25ECUGER-GERFWIRTZ7-1,same,0,Sports,Florian Wirtz: 1+ assists,Florian Wirtz: 1+ assists?,47479.597890000005,2026-06-25T21:33:20Z,2,4.5,7.000000000000001,50.0,50.0,0.0,0,[]
2727407,KXWCGOAL-26JUL01BELSEN-BELJDOKU11-1,same,0,Sports,Jeremy Doku: 1+ goals,Jeremy Doku: 1+ goals,26882.398462,2026-07-01T21:19:44Z,2,4.5,6.0,100.0,50.0,0.0,1,[1.0]
2653726,KXWCGOAL-26JUN25ECUGER-GERJMUSIA10-1,same,0,Sports,Jamal Musiala: 1+ goals,Jamal Musiala: 1+ goals,12862.883092000018,2026-06-25T22:04:57Z,2,4.5,7.000000000000001,50.0,50.0,0.0,0,[]
2553775,KXPGATOP10-USO26-BGRI,same,0,Sports,Will Ben Griffin finish in the Top 10 at the 2026 U.S. Open?,U.S. Open: Will Ben Griffin finish top 10?,2391.3711,2026-06-22T00:19:53Z,6,4.5,13.499999999999998,50.0,33.33333333333333,16.666666666666664,2,"[1.0, 1.0]"
2731264,KXPGATOUR-JODC26-MWAL,same,0,Sports,Will Matt Wallace win the 2026 John Deere Classic?,Will Matt Wallace win the John Deere Classic?,2334.190332,2026-07-05T21:55:00Z,6,4.5,25.45,16.666666666666664,16.666666666666664,16.666666666666664,1,[1.0]
2597600,KXWCAST-26JUN21TUNJPN-JPNAUEDA9-1,same,0,Sports,Ayase Ueda: 1+ assists,Ayase Ueda: 1+ assists?,1246.7436790000002,2026-06-21T05:45:24Z,2,4.499999999999999,4.999999999999999,100.0,0.0,0.0,0,[]
2553763,KXPGATOP10-USO26-PREE,same,0,Sports,Will Patrick Reed finish in the Top 10 at the 2026 U.S. Open?,U.S. Open: Will Patrick Reed finish top 10?,1145.674,2026-06-20T01:11:56Z,4,4.499999999999999,9.0,50.0,50.0,0.0,2,"[1.0, 1.0]"
2387267,KXWTASETWINNER-26MAY31KOSSWI-1-SWI,inverse,0,Sports,Set 1 Winner: Kostyuk vs Swiatek,Will Iga Swiatek win set 1 in the Marta Kostyuk vs Iga Swiatek match,11696.347244999997,2026-05-31T10:16:17Z,2,4.499999999999998,5.999999999999995,100.0,50.0,0.0,0,[]
2494157,KXWCGOAL-26JUN14SWETUN-SWEVGYOKE14-3,same,0,Sports,Viktor Gyökeres: 3+ goals,Viktor Gyokeres: 3+ goals,7058.377547,2026-06-15T04:14:53Z,3,4.483333333333333,5.949999999999999,100.0,33.33333333333333,0.0,0,[]
837771,KXGOVGANOMD-26-KLB,same,1,Elections,Will Keisha Lance Bottoms win the 2026 Georgia Governor Democratic primary election?,Will Keisha Lance Bottoms be the Democratic nominee for Governor in Georgia?,123386.54173599991,2026-05-20T02:57:04Z,133,4.481203007518796,31.0,63.1578947368421,32.33082706766917,10.526315789473683,12,"[3.0, 2.0, 7.0, 2.0, 3.0, 3.0, 1.0, 1.0, 2.0, 3.0, 1.0, 2.0]"
2411334,KXPGATOUR-THMTPBW26-ARAI,same,0,Sports,Will Aaron Rai win the 2026 the Memorial Tournament presented by Workday?,Will Aaron Rai win the the Memorial Tournament presented by Workday?,12983.073174999998,2026-06-07T22:40:30Z,6,4.466666666666667,25.6,16.666666666666664,16.666666666666664,16.666666666666664,1,[1.0]
703867,KXNY15D-26-MBLA,same,0,Elections,Will Michael Blake be the Democratic nominee for NY-15?,Will Michael Blake be the Democratic nominee for NY-15?,10639.518317000004,2026-06-24T02:41:52Z,173,4.451156069364162,56.49999999999999,76.878612716763,19.653179190751445,8.092485549132949,19,"[1.0, 3.0, 1.0, 1.0, 1.0, 1.0, 2.0, 4.0, 1.0, 1.0, 1.0, 2.0, 6.0, 1.0, 2.0, 1.0, 1.0, 1.0, 1.0]"
906945,KXGOVSCNOMR-26-PEVE,same,1,Elections,Will Pamela Evette win the 2026 South Carolina Governor Republican primary election?,Will Pamela Evette be the Republican nominee for Governor in South Carolina?,352278.3710620004,2026-06-23T23:28:50Z,185,4.435135135135135,30.5,61.08108108108108,36.21621621621622,9.18918918918919,30,"[1.0, 1.0, 2.0, 1.0, 1.0, 3.0, 1.0, 1.0, 1.0, 1.0, 1.0, 3.0, 2.0, 2.0, 1.0, 3.0, 1.0, 2.0, 4.0, 3.0, 3.0, 1.0, 5.0, 1.0, 1.0, 1.0, 1.0, 1.0, 1.0, 1.0]"
2264300,KXIIHF-26-FIN,same,0,Sports,Will Finland win the 2026 IIHF World Championship?,Will Finland win the IIHF World Championship?,318630.22662500053,2026-05-31T23:43:45Z,15,4.433333333333333,23.499999999999993,66.66666666666666,26.666666666666668,6.666666666666667,3,"[1.0, 1.0, 1.0]"
960225,KXSC01R-26-JHON,same,0,Elections,Will Jenny Costa Honeycutt be the Republican Nominee for SC-01?,Will Jenny Costa Honeycutt be the Republican nominee for SC-01?,3123.4220350000005,2026-06-24T01:45:05Z,106,4.422169811320755,49.949999999999996,50.943396226415096,24.528301886792452,10.377358490566039,12,"[2.0, 1.0, 1.0, 1.0, 1.0, 1.0, 2.0, 1.0, 1.0, 2.0, 1.0, 1.0]"
703949,KXME02D-26-JWOO,same,0,Elections,Will Jordan Wood be the Democratic nominee for ME-02?,Will Jordan Wood be the Democratic nominee for ME-02?,6097.7714970000025,2026-06-19T12:33:39Z,114,4.40921052631579,45.00000000000001,53.50877192982456,24.561403508771928,13.157894736842104,13,"[1.0, 4.0, 4.0, 1.0, 1.0, 2.0, 1.0, 1.0, 1.0, 1.0, 1.0, 1.0, 1.0]"
2264306,KXIIHF-26-CAN,same,0,Sports,Will Canada win the 2026 IIHF World Championship?,Will Canada win the IIHF World Championship?,161840.329446,2026-05-31T23:43:45Z,15,4.396666666666667,9.499999999999996,86.66666666666667,26.666666666666668,0.0,2,"[2.0, 4.0]"
679589,KXSENATECOD-26-JGON,same,0,Elections,Will Julie Gonzales be the Democratic nominee for Senate in Colorado?,Will Julie Gonzales be the Democratic nominee for the Senate in Colorado?,94269.41977199998,2026-07-01T01:39:27Z,139,4.384892086330936,63.99999999999999,56.11510791366906,21.58273381294964,7.913669064748201,15,"[1.0, 1.0, 15.0, 1.0, 1.0, 2.0, 1.0, 1.0, 4.0, 1.0, 1.0, 1.0, 1.0, 1.0, 1.0]"
1390340,KXEUROVISIONRANK-26TOP3-FRA,same,0,Entertainment,Will France be in the top 3 at Eurovision 2026?,Will France be Top 3?,16459.454165,2026-05-16T23:26:22Z,8,4.3812500000000005,8.500000000000002,62.5,50.0,0.0,1,[3.0]
1833969,KXANIMEBOA-26-MOB,same,0,Entertainment,"Will ""Mobile Suit Gundam GQuuuuuuX"" win Best Original Anime at the 2026 Crunchyroll Anime Awards?",2026 Crunchyroll Anime Award for Best Original Anime?,3390.5852640000003,2026-05-23T15:37:07Z,30,4.376666666666666,27.0,56.666666666666664,16.666666666666664,16.666666666666664,3,"[2.0, 1.0, 1.0]"
2732040,KXPGATOP20-JODC26-LCLA,same,0,Sports,Will Luke Clanton finish in the Top 20 at the 2026 John Deere Classic?,John Deere Classic: Will Luke Clanton finish top 20?,3747.700099,2026-07-04T01:10:06Z,4,4.375,7.999999999999999,75.0,50.0,0.0,1,[1.0]
1390345,KXEUROVISIONRANK-26TOP3-ITA,same,0,Entertainment,Will Italy be in the top 3 at Eurovision 2026?,Will Italy be Top 3?,21498.413792999996,2026-05-16T23:26:24Z,8,4.375,6.499999999999999,100.0,12.5,0.0,0,[]
788460,KXSENATEKYR-26-ABAR,same,0,Elections,Will Andy Barr be the Republican nominee for Senate in Kentucky?,Will Andy Barr be the Republican nominee for the Senate in Kentucky?,57200.861871000045,2026-05-19T23:05:05Z,143,4.374475524475525,28.999999999999993,60.83916083916085,29.37062937062937,11.888111888111888,17,"[2.0, 1.0, 4.0, 2.0, 2.0, 1.0, 3.0, 2.0, 2.0, 1.0, 2.0, 1.0, 3.0, 1.0, 1.0, 1.0, 1.0]"
2354239,KXPGATOUR-CHSC26-GWOO,same,0,Sports,Will Gary Woodland win the 2026 Charles Schwab Challenge?,Will Gary Woodland win the Charles Schwab Challenge?,6515.242449,2026-05-31T22:26:21Z,6,4.358333333333333,20.900000000000002,33.33333333333333,16.666666666666664,16.666666666666664,1,[1.0]
2411415,KXPGATOUR-THMTPBW26-CAME,same,0,Sports,Will Cameron Young win the 2026 the Memorial Tournament presented by Workday?,Will Cameron Young win the the Memorial Tournament presented by Workday?,1623.2222220000003,2026-06-07T22:40:30Z,6,4.3500000000000005,22.25,16.666666666666664,16.666666666666664,16.666666666666664,1,[1.0]
801939,KXSENATEMTD-26-ABAN,same,0,Elections,Will Alani Bankhead be the Democratic nominee for Senate in Montana?,Will Alani Bankhead be the Democratic nominee for the Senate in Montana?,32299.182663,2026-06-03T03:56:20Z,51,4.340196078431373,50.55,62.745098039215684,17.647058823529413,5.88235294117647,4,"[10.0, 1.0, 1.0, 1.0]"
2294385,KXPGATOP5-THCCBN26-KMIT,same,0,Sports,Will Keith Mitchell finish in the Top 5 at the 2026 THE CJ CUP Byron Nelson?,THE CJ CUP Byron Nelson: Will Keith Mitchell finish top 5?,2005.0,2026-05-25T01:01:31Z,6,4.333333333333333,10.999999999999998,66.66666666666666,33.33333333333333,16.666666666666664,1,[1.0]
801937,KXSENATEMTD-26-MHUM,same,0,Elections,Will Michael Hummert be the Democratic nominee for Senate in Montana?,Will Michael Hummert be the Democratic nominee for the Senate in Montana?,2615.0586099999987,2026-06-03T03:56:20Z,142,4.3260563380281685,16.499999999999996,61.267605633802816,36.61971830985916,9.15492957746479,6,"[5.0, 3.0, 6.0, 8.0, 1.0, 1.0]"
703891,KXNY17D-26-EPHI,same,0,Elections,Will Effie Phillips-Staley be the Democratic nominee for NY-17?,Will Effie Phillips-Staley be the Democratic nominee for NY-17?,8769.886294,2026-06-24T01:48:45Z,175,4.323714285714286,48.5,79.42857142857143,24.571428571428573,3.428571428571429,17,"[1.0, 5.0, 1.0, 1.0, 1.0, 2.0, 1.0, 1.0, 1.0, 1.0, 1.0, 2.0, 1.0, 2.0, 1.0, 2.0, 1.0]"
789540,KXKY4R-26-TMAS,same,0,Elections,Will Thomas Massie be the Republican nominee for KY-04?,Will Thomas Massie be the Republican nominee for KY-4?,3070166.395979008,2026-05-19T23:56:29Z,156,4.3173076923076925,36.00000000000001,65.38461538461539,30.128205128205128,7.6923076923076925,11,"[3.0, 2.0, 10.0, 5.0, 2.0, 1.0, 6.0, 2.0, 2.0, 1.0, 1.0]"
1972663,KXNBAWFINMVP-26-JCHAMPAGNIE30,same,0,Sports,Will Julian Champagnie win the 2026 Western Conference Finals MVP?,Will Julian Champagnie win Western Conference Finals MVP?,1026.27,2026-05-31T02:57:09Z,12,4.2875000000000005,45.5,8.333333333333332,8.333333333333332,8.333333333333332,1,[1.0]
695083,KXNY12D-26-JSCH,same,0,Elections,Will Jack Schlossberg be the democratic nominee for NY-12?,Will Jack Schlossberg be the Democratic nominee for NY-12?,41269.375275000006,2026-06-24T02:09:47Z,205,4.284634146341464,26.5,65.85365853658537,29.268292682926827,9.268292682926829,18,"[1.0, 1.0, 1.0, 1.0, 2.0, 6.0, 2.0, 4.0, 1.0, 1.0, 1.0, 1.0, 1.0, 1.0, 2.0, 1.0, 1.0, 5.0]"
1833845,KXANIMEBF-26-CHA,same,0,Entertainment,"Will ""Chainsaw Man – The Movie: Reze Arc"" win Film of the Year at the 2026 Crunchyroll Anime Awards?",2026 Crunchyroll Anime Award for Film of the Year?,1786.838218,2026-05-23T15:36:42Z,32,4.28125,17.0,65.625,28.125,9.375,5,"[2.0, 1.0, 1.0, 1.0, 1.0]"
2314339,KXNJPRIMARY-08D26-MALI,same,0,Elections,Will Mussab Ali be the Democratic nominee for NJ-08?,Will Mussab Ali be the Democratic nominee for NJ-08?,1086.7669580000002,2026-06-03T02:27:22Z,13,4.280769230769231,23.0,69.23076923076923,15.384615384615385,7.6923076923076925,1,[1.0]
1448097,KXNJPRIMARY-12D26-VREY,same,0,Elections,Will Verlina Reynolds-Jackson be the Democratic Nominee for NJ-12?,Will Verlina Reynolds-Jackson be the Democratic nominee for NJ-12?,3987.4509820000007,2026-06-03T02:34:47Z,31,4.277419354838711,23.5,64.51612903225806,32.25806451612903,9.67741935483871,5,"[1.0, 1.0, 1.0, 1.0, 1.0]"
2640909,KXPGATOP20-TRAV26-SSTR,same,0,Sports,Will Sepp Straka finish in the Top 20 at the 2026 Travelers Championship?,Travelers Championship: Will Sepp Straka finish top 20?,1495.3000000000002,2026-06-29T14:20:12Z,6,4.266666666666667,11.5,66.66666666666666,33.33333333333333,16.666666666666664,1,[2.0]
1834622,KXANIMEBAC-26-ONE,same,0,Entertainment,"Will ""ONE PIECE"" win Best Action Anime at the 2026 Crunchyroll Anime Awards?",2026 Crunchyroll Anime Award for Best Action Anime?,1165.475401,2026-05-23T15:40:06Z,25,4.262,20.5,56.00000000000001,20.0,8.0,4,"[1.0, 1.0, 1.0, 1.0]"
973444,KXNY13D-26-MMIL,same,0,Elections,Will Matt Miller be the Democratic Nominee for NY-13?,Will Matt Miller be the Democratic nominee for NY-13?,6453.248443,2026-06-24T02:39:44Z,101,4.2549504950495045,26.0,55.44554455445545,28.71287128712871,8.91089108910891,5,"[1.0, 1.0, 1.0, 1.0, 1.0]"
1390408,KXEUROVISIONRANK-26TOP10-BUL,same,0,Entertainment,Will Bulgaria be in the top 10 at Eurovision 2026?,Will Bulgaria be Top 10?,138787.5160829999,2026-05-16T23:15:02Z,8,4.250000000000002,9.499999999999996,75.0,37.5,0.0,1,[1.0]
2493950,KXWCGOAL-26JUN15KSAURU-URUDNUNEZ7-1,same,0,Sports,Darwin Núñez: 1+ goals,Darwin Nunez: 1+ goals,14181.534236,2026-06-15T23:10:11Z,2,4.250000000000001,4.999999999999999,100.0,0.0,0.0,0,[]
2728433,KXWCAST-26JUL01BELSEN-BELKDEBR11-1,same,0,Sports,Kevin De Bruyne: 1+ assists,Kevin De Bruyne: 1+ assists?,6182.1689,2026-07-01T21:17:19Z,2,4.250000000000001,4.500000000000001,100.0,0.0,0.0,0,[]
2624663,KXWCAST-26JUN23PORUZB-PORCRIS7-1,same,0,Sports,Cristiano Ronaldo: 1+ assists,Cristiano Ronaldo: 1+ assists?,16124.478313000003,2026-06-23T19:04:43Z,2,4.25,6.0,100.0,50.0,0.0,0,[]
2622759,KXWCAST-26JUN22NORSEN-SENSMANE10-1,same,0,Sports,Sadio Mané: 1+ assists,Sadio Mane: 1+ assists?,1115.286924,2026-06-23T02:19:50Z,2,4.25,7.5,50.0,50.0,0.0,0,[]
2411120,KXPGATOUR-THMTPBW26-LABE,same,0,Sports,Will Ludvig Aberg win the 2026 the Memorial Tournament presented by Workday?,Will Ludvig Aberg win the the Memorial Tournament presented by Workday?,1506.13373,2026-06-07T22:40:30Z,6,4.241666666666667,22.700000000000003,16.666666666666664,16.666666666666664,16.666666666666664,1,[1.0]
1510487,KXSENATEOKR-26-NHAN,same,0,Elections,Will Nick Hankins be the Republican nominee for Senate in Oklahoma?,Will Nick Hankins be the Republican nominee for the Senate in Oklahoma?,2232.478747,2026-06-17T01:56:40Z,17,4.241176470588236,35.50000000000001,23.52941176470588,17.647058823529413,11.76470588235294,1,[1.0]
2045738,KXCAPRIMARY-1326-KLIN,same,0,Elections,Will Kevin Lincoln II advance from the CA-13 primary election?,Will Kevin Lincoln advance in the 2026 CA-13 primary?,2804.682318,2026-06-04T15:57:36Z,39,4.237179487179485,95.55,33.33333333333333,2.564102564102564,2.564102564102564,1,[1.0]
2171995,KXEPLBTTS-26MAY19CFCTOT,same,0,Sports,Chelsea FC vs. Tottenham Hotspur FC: Both Teams to Score,Tottenham at Chelsea: Both Teams to Score,277315.9792199992,2026-05-19T21:11:27Z,9,4.222222222222224,13.0,55.55555555555556,33.33333333333333,11.11111111111111,1,[2.0]
1492421,KXSENATENJR-26-AZDA,same,0,Elections,Will Alex Zdan be the Republican nominee for Senate in New Jersey?,Will Alex Zdan be the Republican nominee for the Senate in New Jersey?,14255.894920999994,2026-06-03T03:27:37Z,56,4.22142857142857,29.000000000000004,66.07142857142857,26.785714285714285,5.357142857142857,7,"[1.0, 1.0, 1.0, 1.0, 1.0, 2.0, 1.0]"
2231974,KXPGATOP10-PGC26-RHOE,same,0,Sports,Will Rico Hoey finish in the Top 10 at the 2026 PGA Championship?,PGA Championship: Will Rico Hoey finish top 10?,1089.32814,2026-05-18T00:20:52Z,6,4.208333333333334,10.500000000000002,50.0,33.33333333333333,33.33333333333333,1,[2.0]
1972648,KXNBAWFINMVP-26-JWIL,same,0,Sports,Will Jalen Williams win the 2026 Western Conference Finals MVP?,Who will win Western Conference Finals MVP?,1384.8351659999998,2026-05-31T02:57:09Z,13,4.207692307692309,44.5,15.384615384615385,7.6923076923076925,7.6923076923076925,1,[1.0]
2172006,KXEPLBTTS-26MAY19BOUMCI,same,0,Sports,AFC Bournemouth vs. Manchester City FC: Both Teams to Score,Manchester City at Bournemouth: Both Teams to Score,161449.87849399992,2026-05-19T20:27:29Z,5,4.200000000000001,14.500000000000002,60.0,20.0,20.0,1,[1.0]
2445999,KXVALORANT-MASTLD26-PR,same,0,Sports,Will Paper Rex win Valorant Masters London 2026?,Will Paper Rex win VALORANT Masters London?,246244.32403300013,2026-06-21T21:57:28Z,16,4.1875,12.5,75.0,18.75,18.75,2,"[1.0, 1.0]"
2045022,KXMDPRIMARY-05D26-HDUN,same,0,Elections,Will Harry Dunn be the Democratic nominee for MD-05?,Will Harry Dunn be the Democratic nominee for MD-05?,16978.171861999996,2026-06-24T01:34:18Z,61,4.168852459016394,20.3,75.40983606557377,27.86885245901639,6.557377049180328,9,"[2.0, 1.0, 1.0, 1.0, 1.0, 4.0, 1.0, 1.0, 2.0]"
2670488,KXWCGOAL-26JUN26NZLBEL-NZLCWOOD11-1,same,0,Sports,Chris Wood: 1+ goals,Chris Wood: 1+ goals,4854.249254,2026-06-27T05:04:45Z,3,4.166666666666667,9.0,66.66666666666666,33.33333333333333,0.0,0,[]
2232083,KXPGATOP20-PGC26-STJ,same,0,Sports,Will Stephan Jaeger finish in the Top 20 at the 2026 PGA Championship?,PGA Championship: Will Stephan Jaeger finish top 20?,1797.2222749999999,2026-05-18T00:21:17Z,6,4.166666666666667,7.999999999999999,66.66666666666666,50.0,0.0,1,[1.0]
1833970,KXANIMEBOA-26-MOO,same,0,Entertainment,"Will ""Moonrise"" win Best Original Anime at the 2026 Crunchyroll Anime Awards?",2026 Crunchyroll Anime Award for Best Original Anime?,4177.232953,2026-05-23T15:37:07Z,24,4.160416666666667,17.400000000000002,75.0,25.0,8.333333333333332,3,"[1.0, 7.0, 1.0]"
704025,KXCO8D-26-SBIR,same,0,Elections,Will Shannon Bird be the Democratic nominee for CO-08?,Will Shannon Bird be the Democratic nominee for CO-8?,23598.928757000005,2026-07-01T01:49:34Z,204,4.156127450980391,41.5,66.17647058823529,27.450980392156865,8.333333333333332,30,"[1.0, 2.0, 2.0, 1.0, 2.0, 1.0, 1.0, 1.0, 2.0, 1.0, 1.0, 1.0, 2.0, 3.0, 1.0, 1.0, 1.0, 1.0, 1.0, 1.0, 2.0, 1.0, 2.0, 1.0, 1.0, 1.0, 1.0, 1.0, 1.0, 1.0]"
1835006,KXANIMEBIA-26-REZ,same,0,Entertainment,"Will ""Re:ZERO -Starting Life in Another World- Season 3"" win Best Isekai Anime at the 2026 Crunchyroll Anime Awards?",2026 Crunchyroll Anime Award for Best Isekai Anime?,4031.5685330000006,2026-05-23T15:42:18Z,31,4.143548387096774,16.000000000000004,70.96774193548387,32.25806451612903,3.225806451612903,8,"[2.0, 1.0, 2.0, 1.0, 1.0, 1.0, 1.0, 1.0]"
801888,KXSENATEIDR-26-JRIS,same,0,Elections,Will Jim Risch be the Republican nominee for Senate in Idaho?,Will Jim Risch be the Republican nominee for the Senate in Idaho?,10676.372433999999,2026-05-20T14:25:47Z,143,4.132867132867133,14.000000000000002,61.53846153846154,41.25874125874126,11.188811188811188,6,"[3.0, 8.0, 14.0, 13.0, 9.0, 1.0]"
2731893,KXPGATOP10-JODC26-APOT,same,0,Sports,Will Aldrich Potgieter finish in the Top 10 at the 2026 John Deere Classic?,John Deere Classic: Will Aldrich Potgieter finish top 10?,1253.98,2026-07-04T01:10:20Z,4,4.125,4.5,100.0,0.0,0.0,0,[]
1390390,KXEUROVISIONRANK-26TOP5-MOL,same,0,Entertainment,Will Moldova be in the top 5 at Eurovision 2026?,Will Moldova be Top 5?,45181.178168000006,2026-05-16T23:23:14Z,8,4.124999999999999,20.0,37.5,12.5,12.5,1,[1.0]
1066079,KXNBADRAFT1-26-DPET,same,0,Sports,Will Darryn Peterson be the first pick in the 2026 NBA draft?,Who will be picked first in the Pro Men's Basketball Draft?,150581.95789599995,2026-06-24T00:11:14Z,152,4.105263157894736,28.999999999999996,61.18421052631579,21.052631578947366,9.868421052631579,21,"[1.0, 1.0, 1.0, 1.0, 2.0, 1.0, 1.0, 1.0, 1.0, 1.0, 1.0, 1.0, 1.0, 3.0, 1.0, 1.0, 2.0, 1.0, 1.0, 3.0, 1.0]"
2231871,KXPGATOP5-PGC26-RHIS,same,0,Sports,Will Ryo Hisatsune finish in the Top 5 at the 2026 PGA Championship?,PGA Championship: Will Ryo Hisatsune finish top 5?,1000.0,2026-05-18T00:20:32Z,6,4.1000000000000005,13.900000000000002,66.66666666666666,16.666666666666664,16.666666666666664,1,[1.0]
1448087,KXNJPRIMARY-12D26-SALT,same,0,Elections,Will Susan Altman be the Democratic Nominee for NJ-12?,Will Sue Altman be the Democratic nominee for NJ-12?,17221.260916000003,2026-06-03T02:34:47Z,37,4.094594594594595,78.49999999999999,37.83783783783784,8.108108108108109,2.7027027027027026,3,"[1.0, 2.0, 1.0]"
704188,KXPA3D-26-SSTR,same,0,Elections,Will Sharif Street be the Democratic nominee for PA-03?,Will Sharif Street be the Democratic nominee for PA-3?,30237.56980400001,2026-05-20T02:58:08Z,148,4.091216216216216,20.0,72.97297297297297,28.37837837837838,6.756756756756757,16,"[2.0, 1.0, 1.0, 2.0, 20.0, 1.0, 1.0, 2.0, 1.0, 1.0, 1.0, 1.0, 1.0, 3.0, 1.0, 1.0]"
2640901,KXPGATOP20-TRAV26-XSCH,same,0,Sports,Will Xander Schauffele finish in the Top 20 at the 2026 Travelers Championship?,Travelers Championship: Will Xander Schauffele finish top 20?,1214.059343,2026-06-29T14:20:11Z,6,4.083333333333335,18.000000000000004,33.33333333333333,16.666666666666664,16.666666666666664,1,[1.0]
1335330,KXTX18D-26-CMEN,same,0,Elections,Will Christian Menefee be the Democratic nominee for TX-18?,Will Christian Menefee be the Democratic nominee for Texas 18th congressional district?,26532.78800599999,2026-05-27T01:09:12Z,107,4.050934579439254,28.800000000000004,64.48598130841121,20.5607476635514,5.607476635514018,14,"[2.0, 3.0, 1.0, 1.0, 1.0, 2.0, 1.0, 1.0, 1.0, 1.0, 1.0, 1.0, 2.0, 1.0]"
2412179,KXTOPSONG-26JUN13-JAN,same,0,Entertainment,"Will ""Janice STFU - Drake"" be the Billboard Hot 100 #1 song for the week of June 13?","Will Janice STFU be #1 on the Billboard Hot 100 during the week of Jun 13, 2026",8379.36561,2026-06-08T03:59:00Z,6,4.05,13.100000000000001,50.0,33.33333333333333,16.666666666666664,2,"[1.0, 2.0]"
1389570,KXFARRERBYELECTION-26DEC31-HDAL,same,0,Elections,Will Helen Dalton win the by-election for the seat of Farrer in the Australian House of Representatives?,Will Helen Dalton win the 2026 Farrer by-election?,56331.73359400002,2026-05-11T22:12:13Z,42,4.042857142857143,41.5,30.952380952380953,21.428571428571427,9.523809523809524,2,"[2.0, 2.0]"
2640872,KXPGATOP20-TRAV26-JKNA,same,0,Sports,Will Jake Knapp finish in the Top 20 at the 2026 Travelers Championship?,Travelers Championship: Will Jake Knapp finish top 20?,1113.46,2026-06-29T14:20:08Z,6,4.033333333333334,7.500000000000001,83.33333333333334,33.33333333333333,0.0,2,"[1.0, 1.0]"
1835896,KXANIMEBVAPE-26-JUS,same,0,Entertainment,Will Justin Briner as Izuku Midoriya (My Hero Academia FINAL SEASON) win Best Anime Voice Artist Performance (English) at the 2026 Crunchyroll Anime Awards?,2026 Crunchyroll Anime Award for Best Anime Voice Artist Performance (English)?,10246.285246,2026-05-23T15:52:49Z,34,4.029411764705882,16.500000000000004,79.41176470588235,23.52941176470588,2.941176470588235,5,"[2.0, 1.0, 1.0, 2.0, 2.0]"
1972632,KXNBAWFINMVP-26-CHOL,same,0,Sports,Will Chet Holmgren win the 2026 Western Conference Finals MVP?,Who will win Western Conference Finals MVP?,4451.898818,2026-05-31T02:57:09Z,38,4.026315789473684,28.199999999999996,34.21052631578947,15.789473684210526,15.789473684210526,1,[3.0]
906949,KXGOVSCNOMR-26-AWIL,same,1,Elections,Will Alan Wilson win the 2026 South Carolina Governor Republican primary election?,Will Alan Wilson be the Republican nominee for Governor in South Carolina?,214164.95810899997,2026-06-23T23:28:50Z,177,4.005084745762712,25.5,61.5819209039548,25.98870056497175,6.214689265536723,20,"[1.0, 3.0, 1.0, 6.0, 1.0, 2.0, 2.0, 1.0, 1.0, 1.0, 2.0, 1.0, 1.0, 1.0, 2.0, 1.0, 1.0, 1.0, 1.0, 1.0]"
2494253,KXWCGOAL-26JUN14NEDJPN-NEDMDEPAY10-1,same,0,Sports,Memphis Depay: 1+ goals,Memphis Depay: 1+ goals,5097.369966999999,2026-06-14T22:05:05Z,2,4.000000000000002,6.500000000000003,50.0,50.0,0.0,0,[]
2623249,KXWTASETWINNER-26JUN22TJEMCC-2-TJE,same,0,Sports,Set 2 Winner: Tjen vs McNally,Will Janice Tjen win set 2 in the Janice Tjen vs Catherine McNally match,1350.309432,2026-06-23T12:34:04Z,2,4.000000000000001,5.000000000000004,100.0,50.0,0.0,0,[]
2520871,KXWCGOAL-26JUN15BELEGY-EGYOMARMO7-1,same,0,Sports,Omar Marmoush: 1+ goals,Omar Marmoush: 1+ goals,2309.516043,2026-06-15T22:04:49Z,2,4.000000000000001,7.000000000000001,50.0,50.0,0.0,0,[]
2729520,KXWCGOAL-26JUL01USABIH-USAWMCKEN22-1,same,0,Sports,Weston McKennie: 1+ goals,Weston McKennie: 1+ goals,2198.819612,2026-07-02T02:01:26Z,2,4.000000000000001,7.000000000000001,50.0,50.0,0.0,1,[1.0]
2520653,KXWCGOAL-26JUN17ENGCRO-ENGJBELLI5-1,same,0,Sports,Jude Bellingham: 1+ goals,Jude Bellingham: 1+ goals,12958.456344000002,2026-06-17T21:14:37Z,2,4.000000000000001,4.500000000000001,100.0,0.0,0.0,0,[]
2232075,KXPGATOP20-PGC26-NHOJ,same,0,Sports,Will Nicolai Hojgaard finish in the Top 20 at the 2026 PGA Championship?,PGA Championship: Will Nicolai Hojgaard finish top 20?,1670.4403290000002,2026-05-18T00:21:12Z,6,4.0,12.5,50.0,33.33333333333333,16.666666666666664,1,[2.0]
2613329,KXWCGOAL-26JUN22NORSEN-NOREHAALA9-2,same,0,Sports,Erling Haaland: 2+ goals,Erling Haaland: 2+ goals,69626.76322300002,2026-06-23T01:23:52Z,2,4.0,6.0,100.0,50.0,0.0,0,[]
2232060,KXPGATOP20-PGC26-BGRI,same,0,Sports,Will Ben Griffin finish in the Top 20 at the 2026 PGA Championship?,PGA Championship: Will Ben Griffin finish top 20?,1030.385712,2026-05-18T00:21:05Z,6,4.0,8.000000000000002,50.0,50.0,0.0,2,"[2.0, 1.0]"
2431095,KXNHLSERIESSCORE-26VGKCARFIN-CAR42,same,0,Sports,Will Hurricanes win the 2026 Stanley Cup 4-2 be the exact series outcome?,Will Carolina Hurricanes win 4-2 in the Vegas Golden Knights vs Carolina Hurricanes Stanley Cup series in the 2026 NHL Playoffs?,1886.6529589999998,2026-06-15T02:59:11Z,11,3.9999999999999996,13.5,54.54545454545454,18.181818181818183,18.181818181818183,2,"[1.0, 1.0]"
2728970,KXWCAST-26JUL01ENGCOD-ENGJBELLI5-1,same,0,Sports,Jude Bellingham: 1+ assists,Jude Bellingham: 1+ assists?,14774.050881000008,2026-07-01T18:19:59Z,2,3.9999999999999996,6.0,50.0,50.0,0.0,1,[1.0]
2615723,KXWCAST-26JUN22ARGAUT-AUTMSABIT20-1,same,0,Sports,Marcel Sabitzer: 1+ assists,Marcel Sabitzer: 1+ assists?,1913.4642720000002,2026-06-22T19:19:56Z,2,3.9999999999999996,4.999999999999999,100.0,0.0,0.0,0,[]
2493830,KXWCGOAL-26JUN16FRASEN-FRAARABIO12-1,same,0,Sports,Adrien Rabiot: 1+ goals,Adrien Rabiot: 1+ goals,1053.966434,2026-06-16T21:15:07Z,2,3.9999999999999996,6.0,50.0,50.0,0.0,0,[]
2389615,KXWTASETWINNER-26MAY31SVIBEN-1-SVI,same,0,Sports,Set 1 Winner: Svitolina vs Bencic,Will Elina Svitolina win set 1 in the Elina Svitolina vs Belinda Bencic match,4409.653923000001,2026-05-31T12:02:23Z,2,3.9999999999999982,6.499999999999995,50.0,50.0,0.0,1,[1.0]
2455464,KXWTASETWINNER-26JUN08NAVMCC-1-NAV,same,0,Sports,Set 1 Winner: Navarro vs McNally,Will Emma Navarro win set 1 in the Emma Navarro vs Catherine McNally match,1046.056543,2026-06-09T15:11:36Z,2,3.999999999999993,5.999999999999995,50.0,50.0,0.0,0,[]
704288,KXUT1D-26-LESC,same,0,Elections,Will Luz Escamilla be the Democratic nominee for UT-01?,Will Luz Escamilla be the Democratic nominee for UT-1?,7833.592764000001,2026-06-24T02:26:00Z,107,3.9971962616822427,43.99999999999999,40.18691588785047,9.345794392523365,9.345794392523365,2,"[1.0, 3.0]"
703780,KXNY7D-26-CVAL,same,0,Elections,Will Claire Valdez be the Democratic nominee for NY-07?,Will Claire Valdez be the Democratic nominee for NY-07?,175661.69465700013,2026-06-24T01:30:55Z,185,3.9945945945945933,44.5,62.16216216216216,21.62162162162162,7.027027027027027,16,"[1.0, 1.0, 1.0, 1.0, 3.0, 3.0, 1.0, 1.0, 1.0, 3.0, 1.0, 1.0, 1.0, 1.0, 3.0, 1.0]"
801938,KXSENATEMTD-26-RNEI,same,0,Elections,Will Reilly Neill be the Democratic nominee for Senate in Montana?,Will Reilly Neill be the Democratic nominee for the Senate in Montana?,11675.827800999998,2026-06-03T03:56:20Z,147,3.9935374149659855,27.500000000000004,72.10884353741497,15.646258503401361,7.482993197278912,6,"[1.0, 2.0, 9.0, 7.0, 8.0, 1.0]"
2231991,KXPGATOP10-PGC26-MKIM,same,0,Sports,Will Michael Kim finish in the Top 10 at the 2026 PGA Championship?,PGA Championship: Will Michael Kim finish top 10?,1192.36373,2026-05-18T00:20:52Z,6,3.9916666666666667,10.0,66.66666666666666,16.666666666666664,0.0,1,[1.0]
2433489,KXCS2QUALIFIERS-26IEMCOLFIN-FURIA,same,0,Sports,Will FURIA reach the Grand Final at IEM Cologne Major 2026?,Will FURIA qualify for the Grand Final at 2026 IEM Cologne?,54644.87914599998,2026-06-20T16:51:26Z,8,3.9875000000000025,8.500000000000002,87.5,25.0,0.0,2,"[1.0, 1.0]"
2415429,KXWCROUND-26RO16-MAR,same,0,Sports,Will Morocco reach the Round of 16 at the 2026 FIFA World Cup?,Will Morocco qualify for FIFA World Cup Round of 16?,260546.9725920001,2026-06-30T04:11:48Z,28,3.982142857142857,56.49999999999999,46.42857142857143,14.285714285714285,3.571428571428571,2,"[1.0, 1.0]"
1653289,KXPA07D-26-BBRO,same,0,Elections,Will Bob Brooks be the Democratic nominee for PA-07?,Will Bob Brooks be the Democratic nominee for PA-07?,6849.995903000002,2026-05-20T02:07:53Z,43,3.9813953488372076,26.499999999999996,69.76744186046511,23.25581395348837,9.30232558139535,6,"[1.0, 1.0, 1.0, 2.0, 2.0, 2.0]"
2231918,KXPGATOP10-PGC26-CHB,same,0,Sports,Will Christiaan Bezuidenhout finish in the Top 10 at the 2026 PGA Championship?,PGA Championship: Will Christiaan Bezuidenhout finish top 10?,1000.0,2026-05-18T00:20:56Z,6,3.966666666666667,10.0,66.66666666666666,16.666666666666664,0.0,1,[1.0]
679400,KXSENATEIAR-26-JSMI,same,0,Elections,Will Joshua Smith be the Republican nominee for Senate in Iowa?,Will Joshua Smith be the Republican nominee for the Senate in Iowa?,5259.699423000002,2026-06-03T02:33:17Z,128,3.958984375,48.5,70.3125,10.9375,1.5625,3,"[2.0, 7.0, 10.0]"
679607,KXSENATECOR-26-GWM,same,0,Elections,Will George Washington Markert be the Republican nominee for Senate in Colorado?,Will George Washington Markert be the Republican nominee for the Senate in Colorado?,4132.007363999998,2026-07-01T15:02:41Z,159,3.945597484276729,49.5,55.9748427672956,22.0125786163522,5.031446540880504,8,"[2.0, 1.0, 1.0, 1.0, 1.0, 2.0, 15.0, 2.0]"
2045399,KXCOPRIMARY-01D26-DDEG,same,0,Elections,Will Diana DeGette be the Democratic nominee for CO-01?,Will Diana DeGette be the Democratic nominee for CO-01?,110330.076001,2026-07-01T06:53:27Z,70,3.9442857142857153,60.0,64.28571428571429,20.0,4.285714285714286,9,"[1.0, 1.0, 3.0, 1.0, 2.0, 4.0, 1.0, 2.0, 1.0]"
2314382,KXNJPRIMARY-11D26-AMEJ,same,0,Elections,Will Analilia Mejia be the Democratic nominee for NJ-11?,Will Analilia Mejia be the Democratic nominee for NJ-11?,4838.49354,2026-06-03T02:26:44Z,13,3.9384615384615413,32.00000000000001,30.76923076923077,7.6923076923076925,7.6923076923076925,1,[1.0]
1390420,KXEUROVISIONRANK-26TOP10-ITA,same,0,Entertainment,Will Italy be in the top 10 at Eurovision 2026?,Will Italy be Top 10?,123624.14760600006,2026-05-16T23:16:34Z,8,3.9374999999999982,7.000000000000006,87.5,25.0,0.0,1,[1.0]
1390329,KXEUROVISIONRANK-26TOP3-AUS,same,0,Entertainment,Will Australia be in the top 3 at Eurovision 2026?,Will Australia be Top 3?,22095.94199299999,2026-05-16T23:26:22Z,8,3.937499999999998,12.5,50.0,37.5,12.5,2,"[1.0, 1.0]"
788461,KXSENATEKYR-26-DCAM,same,0,Elections,Will Daniel Cameron be the Republican nominee for Senate in Kentucky?,Will Daniel Cameron be the Republican nominee for the Senate in Kentucky?,32915.088537999975,2026-05-19T23:05:05Z,165,3.9269696969696968,19.15,56.36363636363636,28.484848484848484,6.666666666666667,12,"[24.0, 1.0, 1.0, 6.0, 4.0, 4.0, 1.0, 2.0, 1.0, 1.0, 1.0, 1.0]"
2158501,KXCS2-AST26-MOUZ,same,0,Sports,Will MOUZ win PGL Astana 2026?,Will MOUZ win PGL Astana?,16549.117240999993,2026-05-16T14:58:19Z,10,3.925,20.75,60.0,20.0,10.0,1,[1.0]
2231813,KXPGATOP5-PGC26-LABE,same,0,Sports,Will Ludvig Aberg finish in the Top 5 at the 2026 PGA Championship?,PGA Championship: Will Ludvig Aberg finish top 5?,11908.866515,2026-05-18T00:20:22Z,6,3.9166666666666665,7.000000000000001,66.66666666666666,33.33333333333333,0.0,2,"[2.0, 1.0]"
1447714,KXCA04PRIMARY-26-HFUL,same,0,Elections,Will Heath Fulkerson advance from the CA-04 primary election?,Who will advance from the 2026 CA-04 primary?,2083.002888,2026-06-13T01:15:46Z,34,3.8970588235294126,20.0,64.70588235294117,17.647058823529413,5.88235294117647,2,"[1.0, 1.0]"
2231836,KXPGATOP5-PGC26-JDAY,same,0,Sports,Will Jason Day finish in the Top 5 at the 2026 PGA Championship?,PGA Championship: Will Jason Day finish top 5?,1187.4720170000003,2026-05-18T00:20:23Z,6,3.891666666666666,12.35,66.66666666666666,16.666666666666664,16.666666666666664,1,[1.0]
2471327,KXPGATOP5-RBBCAN26-JSUB,same,0,Sports,Will Jackson Suber finish in the Top 5 at the 2026 RBC Canadian Open?,RBC Canadian Open: Will Jackson Suber finish top 5?,2000.0,2026-06-14T23:09:56Z,6,3.883333333333334,12.850000000000005,50.0,16.666666666666664,16.666666666666664,0,[]
1390358,KXEUROVISIONRANK-26TOP3-SWE,same,0,Entertainment,Will Sweden be in the top 3 at Eurovision 2026?,Will Sweden be Top 3?,3440.2301840000014,2026-05-16T23:27:09Z,7,3.8785714285714286,7.500000000000001,85.71428571428571,28.57142857142857,0.0,1,[2.0]
1390411,KXEUROVISIONRANK-26TOP10-CZE,same,0,Entertainment,Will Czechia be in the top 10 at Eurovision 2026?,Will Czechia be Top 10?,109573.15086600004,2026-05-16T23:18:32Z,8,3.8750000000000004,6.000000000000003,75.0,25.0,0.0,1,[6.0]
2592498,KXWCGOAL-26JUN21TUNJPN-JPNAUEDA9-3,same,0,Sports,Ayase Ueda: 3+ goals,Ayase Ueda: 3+ goals,2247.16263,2026-06-21T05:45:24Z,2,3.8750000000000004,7.000000000000001,50.0,50.0,0.0,1,[1.0]
2553637,KXPGATOP5-USO26-HENG,same,0,Sports,Will Harris English finish in the Top 5 at the 2026 U.S. Open?,U.S. Open: Will Harris English finish top 5?,1510.0,2026-06-20T01:12:07Z,4,3.875,11.5,25.0,25.0,25.0,0,[]
2471463,KXPGATOP10-RBBCAN26-JVAN,same,0,Sports,Will John Vanderlaan finish in the Top 10 at the 2026 RBC Canadian Open?,RBC Canadian Open: Will John VanDerLaan finish top 10?,1929.8599999999997,2026-06-13T00:10:34Z,4,3.8749999999999996,14.499999999999998,25.0,25.0,25.0,0,[]
2696270,KXWCAST-26JUN29BRAJPN-JPNAUEDA9-1,same,0,Sports,Ayase Ueda: 1+ assists,Ayase Ueda: 1+ assists?,1078.2515250000001,2026-06-29T19:14:37Z,2,3.8500000000000005,4.500000000000001,100.0,0.0,0.0,0,[]
801768,KXSENATENER-26-EDUN,same,0,Elections,Will Edward Dunn be the Republican nominee for Senate in Nebraska?,Will Edward Dunn be the Republican nominee for the Senate in Nebraska?,2145.33266,2026-05-13T02:39:19Z,129,3.8468992248062013,12.4,63.565891472868216,32.55813953488372,3.10077519379845,3,"[3.0, 10.0, 2.0]"
969731,KXSENATELAD-26-GCRO,same,0,Elections,Will Gary Crockett be the Democratic nominee for Senate in Louisiana?,Will Gary Crockett be the Democratic nominee for the Senate in Louisiana?,2110.5409219999997,2026-06-28T02:52:18Z,84,3.84047619047619,35.0,30.952380952380953,11.904761904761903,10.714285714285714,6,"[1.0, 2.0, 1.0, 1.0, 1.0, 1.0]"
2232111,KXPGATOP20-PGC26-MMCN,same,0,Sports,Will Maverick McNealy finish in the Top 20 at the 2026 PGA Championship?,PGA Championship: Will Maverick McNealy finish top 20?,1620.425422,2026-05-18T00:21:13Z,6,3.8333333333333344,8.500000000000002,50.0,33.33333333333333,0.0,1,[2.0]
2722019,KXWCGOAL-26JUL01ENGCOD-ENGHKANE9-2,same,0,Sports,Harry Kane: 2+ goals,Harry Kane: 2+ goals,103149.01393900022,2026-07-01T18:20:06Z,3,3.833333333333334,7.000000000000001,66.66666666666666,33.33333333333333,0.0,1,[1.0]
2455518,KXWTASETWINNER-26JUN08POTLAM-1-POT,same,0,Sports,Set 1 Winner: Potapova vs Lamens,Will Anastasia Potapova win set 1 in the Anastasia Potapova vs Suzan Lamens match,10927.74843,2026-06-10T10:16:26Z,3,3.8333333333333326,9.499999999999996,33.33333333333333,33.33333333333333,0.0,0,[]
2493609,KXWCGOAL-26JUN17PORCOD-PORCRIS7-3,same,0,Sports,Cristiano Ronaldo: 3+ goals,Cristiano Ronaldo: 3+ goals,101595.30842199991,2026-06-17T19:25:56Z,2,3.825,5.2,100.0,50.0,0.0,0,[]
1390334,KXEUROVISIONRANK-26TOP3-CRO,same,0,Entertainment,Will Croatia be in the top 3 at Eurovision 2026?,Will Croatia be Top 3?,5677.264340999999,2026-05-16T23:26:22Z,7,3.8071428571428574,7.6,71.42857142857143,42.857142857142854,0.0,1,[2.0]
1348999,KXTXPRIMARY-38R26-JBON,same,0,Elections,Will Jon Bonck be the Republican Nominee for TX-38?,Will Jon Bonck be the Republican nominee for TX-38?,21601.67990099999,2026-05-27T01:14:09Z,67,3.797761194029851,39.1,52.23880597014925,16.417910447761194,11.940298507462686,7,"[1.0, 1.0, 2.0, 1.0, 3.0, 2.0, 1.0]"
1335410,KXTX33D-26-JJOH,same,0,Elections,Will Julie Johnson be the Democratic nominee for TX-33?,Will Julie Johnson be the Democratic nominee for TX-33?,43218.95912500002,2026-05-27T03:46:33Z,96,3.796875,63.0,55.208333333333336,18.75,3.125,9,"[1.0, 1.0, 1.0, 1.0, 2.0, 2.0, 2.0, 1.0, 1.0]"
1390381,KXEUROVISIONRANK-26TOP5-LAT,same,0,Entertainment,Will Latvia be in the top 5 at Eurovision 2026?,Will Latvia be Top 5?,2376.161565,2026-05-16T23:23:16Z,6,3.783333333333333,6.9,66.66666666666666,33.33333333333333,0.0,1,[1.0]
645812,KXNHLVEZINA-26-JSWA,same,0,Sports,Will Jeremy Swayman win the 2025–2026 NHL Vezina Trophy?,Who will win Vezina Trophy?,3961.3126829999997,2026-06-06T15:52:14Z,153,3.774183006535948,46.0,50.326797385620914,20.915032679738562,4.57516339869281,12,"[2.0, 14.0, 2.0, 4.0, 1.0, 1.0, 1.0, 1.0, 1.0, 1.0, 1.0, 1.0]"
2329241,KXATPSETWINNER-26MAY25GASMON-1-MON,inverse,0,Sports,Set 1 Winner: Gaston vs Monfils,Will Gael Monfils win set 1 in the Hugo Gaston vs Gael Monfils match,2809.6085099999996,2026-05-25T19:17:22Z,2,3.7500000000000036,5.500000000000005,100.0,50.0,0.0,1,[1.0]
2231895,KXPGATOP5-PGC26-MLEE,same,0,Sports,Will Min Woo Lee finish in the Top 5 at the 2026 PGA Championship?,PGA Championship: Will Min Woo Lee finish top 5?,2381.874621,2026-05-18T00:20:33Z,6,3.7500000000000013,10.500000000000002,33.33333333333333,33.33333333333333,16.666666666666664,1,[1.0]
1390435,KXEUROVISIONRANK-26TOP10-UKR,same,0,Entertainment,Will Ukraine be in the top 10 at Eurovision 2026?,Will Ukraine be Top 10?,119664.76615300002,2026-05-16T23:17:11Z,8,3.750000000000001,7.9999999999999964,75.0,25.0,0.0,2,"[1.0, 1.0]"
2520894,KXWCAST-26JUN15BELEGY-BELKDEBR11-1,same,0,Sports,Kevin De Bruyne: 1+ assists,Kevin De Bruyne: 1+ assists?,3722.781407000001,2026-06-15T20:47:20Z,2,3.750000000000001,7.000000000000001,50.0,50.0,0.0,0,[]
2717454,KXWCGOAL-26JUN30FRASWE-SWEVGYOKE14-1,same,0,Sports,Viktor Gyökeres: 1+ goals,Viktor Gyokeres: 1+ goals,20864.087740000014,2026-06-30T23:09:59Z,2,3.750000000000001,6.0,50.0,50.0,0.0,1,[1.0]
2525474,KXWCAST-26JUN15KSAURU-URUFVALVE8-1,same,0,Sports,Federico Valverde: 1+ assists,Federico Valverde: 1+ assists?,1984.302456,2026-06-16T00:24:43Z,2,3.750000000000001,3.9999999999999996,100.0,0.0,0.0,0,[]
2556511,KXWCGOAL-26JUN18SUIBIH-BIHEDZEKONA-1,same,0,Sports,Edin Džeko: 1+ goals,Edin Dzeko: 1+ goals,11139.873517999999,2026-06-18T20:21:23Z,2,3.7500000000000004,5.499999999999999,100.0,50.0,0.0,1,[1.0]
2553696,KXPGATOP5-USO26-RHIS,same,0,Sports,Will Ryo Hisatsune finish in the Top 5 at the 2026 U.S. Open?,U.S. Open: Will Ryo Hisatsune finish top 5?,1327.997029,2026-06-22T00:19:41Z,6,3.75,12.3,50.0,33.33333333333333,16.666666666666664,0,[]
2521035,KXWCAST-26JUN15ESPCPV-ESPMOYARZ10-1,same,0,Sports,Mikel Oyarzabal: 1+ assists,Mikel Oyarzabal: 1+ assists?,3524.878242000001,2026-06-15T18:50:07Z,2,3.749999999999999,4.999999999999999,100.0,0.0,0.0,0,[]
2521554,KXWCGOAL-26JUN14GERCUW-GERNSCHLO4-1,same,0,Sports,Nico Schlotterbeck: 1+ goals,Nico Schlotterbeck: 1+ goals,2214.768005,2026-06-14T19:10:18Z,2,3.749999999999999,3.9999999999999996,100.0,0.0,0.0,0,[]
2584071,KXWCGOAL-26JUN20NEDSWE-NEDCGAKPO18-1,same,0,Sports,Cody Gakpo: 1+ goals,Cody Gakpo: 1+ goals,37219.68959,2026-06-20T18:36:12Z,2,3.749999999999998,7.000000000000001,50.0,50.0,0.0,0,[]
2732720,KXATPSETWINNER-26JUL01JODCAR-2-JOD,same,0,Sports,Set 2 Winner: Jodar vs Busta,Will Rafael Jodar win set 2 in the Rafael Jodar vs Pablo Carreno Busta match,1059.5888969999999,2026-07-01T19:16:43Z,2,3.749999999999998,5.000000000000004,100.0,50.0,0.0,1,[1.0]
695085,KXNY12D-26-ABOR,same,0,Elections,Will Alex Bores be the democratic nominee for NY-12?,Will Alex Bores be the Democratic nominee for NY-12?,184449.11993000034,2026-06-24T02:09:47Z,188,3.702127659574468,17.5,62.23404255319149,22.872340425531913,5.851063829787234,21,"[2.0, 2.0, 1.0, 1.0, 1.0, 1.0, 4.0, 1.0, 4.0, 1.0, 1.0, 1.0, 1.0, 1.0, 1.0, 1.0, 1.0, 1.0, 5.0, 1.0, 1.0]"
2446005,KXVALORANT-MASTLD26-LEV,same,0,Sports,Will Leviatán win Valorant Masters London 2026?,Will Leviatán Esports win VALORANT Masters London?,64761.51482900002,2026-06-21T21:57:28Z,16,3.6968750000000004,12.15,56.25,31.25,6.25,4,"[1.0, 2.0, 1.0, 1.0]"
1335328,KXTX18D-26-AGRE,same,0,Elections,Will Al Green be the Democratic nominee for TX-18?,Will Al Green be the Democratic nominee for Texas 18th congressional district?,15182.373333999996,2026-05-27T01:09:12Z,93,3.6811827956989243,19.150000000000002,66.66666666666666,30.107526881720432,3.225806451612903,14,"[2.0, 1.0, 2.0, 2.0, 2.0, 1.0, 4.0, 1.0, 1.0, 1.0, 1.0, 1.0, 5.0, 1.0]"
2723654,KXWCGOAL-26JUL01BELSEN-BELCDEKE17-1,same,0,Sports,Charles De Ketelaere: 1+ goals,Charles De Ketelaere: 1+ goals,22845.02373400001,2026-07-01T21:07:20Z,3,3.6666666666666674,6.0,66.66666666666666,33.33333333333333,0.0,0,[]
2231996,KXPGATOP10-PGC26-BKOE,same,0,Sports,Will Brooks Koepka finish in the Top 10 at the 2026 PGA Championship?,PGA Championship: Will Brooks Koepka finish top 10?,4725.206155,2026-05-18T00:20:46Z,6,3.666666666666666,6.5,66.66666666666666,16.666666666666664,0.0,1,[2.0]
2305711,KXMD06D-26-ADEL,same,0,Elections,Will April McClain Delaney be the Democratic nominee for MD-06?,Will April McClain Delaney be the Democratic nominee for MD-06?,36678.317546,2026-06-24T03:40:38Z,35,3.6257142857142863,8.999999999999996,71.42857142857143,34.285714285714285,0.0,6,"[1.0, 5.0, 1.0, 4.0, 2.0, 2.0]"
2231966,KXPGATOP10-PGC26-THAT,same,0,Sports,Will Tyrrell Hatton finish in the Top 10 at the 2026 PGA Championship?,PGA Championship: Will Tyrrell Hatton finish top 10?,1811.982816,2026-05-16T00:26:09Z,4,3.625,6.499999999999999,75.0,50.0,0.0,1,[1.0]
2231863,KXPGATOP5-PGC26-THAT,same,0,Sports,Will Tyrrell Hatton finish in the Top 5 at the 2026 PGA Championship?,PGA Championship: Will Tyrrell Hatton finish top 5?,1189.6632049999998,2026-05-16T00:26:24Z,4,3.6125,10.499999999999998,50.0,25.0,25.0,1,[1.0]
1348948,KXTXPRIMARY-19R26-TSEL,same,0,Elections,Will Tom Sell be the Republican Nominee for TX-19?,Will Tom Sell be the Republican nominee for TX-19?,58614.35328599999,2026-05-27T01:13:10Z,85,3.5888235294117643,22.249999999999993,67.05882352941175,21.176470588235293,5.88235294117647,12,"[1.0, 2.0, 1.0, 1.0, 2.0, 1.0, 2.0, 1.0, 2.0, 1.0, 1.0, 1.0]"
2231984,KXPGATOP10-PGC26-CAJ,same,0,Sports,Will Casey Jarvis finish in the Top 10 at the 2026 PGA Championship?,PGA Championship: Will Casey Jarvis finish top 10?,1000.0,2026-05-18T00:20:57Z,6,3.5833333333333335,11.149999999999999,50.0,16.666666666666664,16.666666666666664,1,[1.0]
2553611,KXPGATOP5-USO26-TFLE,same,0,Sports,Will Tommy Fleetwood finish in the Top 5 at the 2026 U.S. Open?,U.S. Open: Will Tommy Fleetwood finish top 5?,1989.898137,2026-06-22T00:19:39Z,6,3.5833333333333335,9.0,50.0,33.33333333333333,0.0,2,"[1.0, 1.0]"
2231931,KXPGATOP10-PGC26-BCAU,same,0,Sports,Will Bud Cauley finish in the Top 10 at the 2026 PGA Championship?,PGA Championship: Will Bud Cauley finish top 10?,1052.63311,2026-05-18T00:20:51Z,6,3.5833333333333335,9.5,50.0,33.33333333333333,0.0,1,[1.0]
1448089,KXNJPRIMARY-12D26-BCOH,same,0,Elections,Will Brad Cohen be the Democratic Nominee for NJ-12?,Will Brad Cohen be the Democratic nominee for NJ-12?,3213.389898,2026-06-03T02:34:47Z,38,3.568421052631578,21.949999999999996,52.63157894736842,21.052631578947366,5.263157894736842,6,"[1.0, 1.0, 2.0, 2.0, 1.0, 1.0]"
1653290,KXPA07D-26-RCRO,same,0,Elections,Will Ryan Crosswell be the Democratic nominee for PA-07?,Will Ryan Crosswell be the Democratic nominee for PA-07?,6073.948164999994,2026-05-20T02:07:53Z,41,3.568292682926829,17.0,70.73170731707317,19.51219512195122,2.4390243902439024,5,"[1.0, 1.0, 2.0, 1.0, 1.0]"
704192,KXPA3D-26-MCEP,same,0,Elections,Will Morgan Cephas be the Democratic nominee for PA-03?,Will Morgan Cephas be the Democratic nominee for PA-3?,4072.802645999999,2026-05-20T02:58:08Z,119,3.565126050420167,42.5,66.38655462184873,14.285714285714285,2.5210084033613445,7,"[1.0, 4.0, 2.0, 15.0, 1.0, 1.0, 2.0]"
704286,KXUT1D-26-JWIL,same,0,Elections,Will Jenny Wilson be the Democratic nominee for UT-01?,Will Jenny Wilson be the Democratic nominee for UT-1?,1368.829197,2026-06-24T02:26:00Z,88,3.558522727272727,46.0,85.22727272727273,9.090909090909092,1.1363636363636365,2,"[1.0, 6.0]"
2415420,KXWCROUND-26RO16-MEX,same,0,Sports,Will Mexico reach the Round of 16 at the 2026 FIFA World Cup?,Will Mexico qualify for FIFA World Cup Round of 16?,170188.96608799987,2026-07-01T04:19:53Z,29,3.5517241379310347,35.5,62.06896551724138,6.896551724137931,3.4482758620689653,1,[1.0]
2044369,KXNJ07D-26-MROT,same,0,Elections,Will Michael Roth be the Democratic nominee for NJ-07?,Will Michael Roth be the Democratic nominee for New Jersey's 7th Congressional District?,1577.7602980000001,2026-06-03T02:31:30Z,35,3.5442857142857145,24.0,45.714285714285715,14.285714285714285,8.571428571428571,3,"[1.0, 1.0, 1.0]"
703776,KXNY7D-26-JWON,same,0,Elections,Will Julie Won be the Democratic nominee for NY-07?,Will Julie Won be the Democratic nominee for NY-07?,17156.348395,2026-06-24T01:30:55Z,178,3.5325842696629213,27.499999999999996,48.87640449438202,19.662921348314608,8.426966292134832,8,"[2.0, 2.0, 4.0, 1.0, 1.0, 1.0, 1.0, 2.0]"
969689,KXSENATELAR-26-JLET,same,0,Elections,Will Julia Letlow be the republican nominee for Senate in Louisiana?,Will Julia Letlow be the Republican nominee for the Senate in Louisiana?,127962.45960499995,2026-06-28T02:51:43Z,150,3.5299999999999994,13.5,60.66666666666667,26.0,5.333333333333334,19,"[1.0, 3.0, 1.0, 4.0, 6.0, 1.0, 2.0, 1.0, 1.0, 1.0, 1.0, 1.0, 1.0, 1.0, 1.0, 1.0, 2.0, 1.0, 1.0]"
2389589,KXATPSETWINNER-26MAY31MENRUB-1-RUB,inverse,0,Sports,Set 1 Winner: Mensik vs Rublev,Will Andrey Rublev win set 1 in the Jakub Mensik vs Andrey Rublev match,22705.958671,2026-05-31T18:16:20Z,2,3.500000000000003,6.000000000000005,50.0,50.0,0.0,0,[]
2491596,KXWTASETWINNER-26JUN10RYBMAR-2-RYB,same,0,Sports,Set 2 Winner: Rybakina vs Maria,Will Elena Rybakina win set 2 in the Elena Rybakina vs Tatjana Maria match,2623.605144,2026-06-12T12:05:18Z,2,3.500000000000003,5.000000000000004,100.0,50.0,0.0,0,[]
2732673,KXATPSETWINNER-26JUL01FUCTIE-1-TIE,inverse,0,Sports,Set 1 Winner: Fucsovics vs Tien,Will Learner Tien win set 1 in the Marton Fucsovics vs Learner Tien match,6886.549878999998,2026-07-01T11:32:24Z,2,3.5000000000000027,4.5000000000000036,100.0,0.0,0.0,0,[]
2607396,KXWCAST-26JUN21URUCPV-URUFVALVE8-1,same,0,Sports,Federico Valverde: 1+ assists,Federico Valverde: 1+ assists?,1464.755866,2026-06-22T00:44:35Z,2,3.500000000000001,5.000000000000002,100.0,50.0,0.0,0,[]
2493870,KXWCGOAL-26JUN16FRASEN-FRAMOLISE17-1,same,0,Sports,Michael Olise: 1+ goals,Michael Olise: 1+ goals,18605.332785999995,2026-06-16T21:15:08Z,2,3.5000000000000004,3.9999999999999982,100.0,0.0,0.0,0,[]
2706430,KXWCGOAL-26JUN29NEDMAR-NEDCGAKPO18-1,same,0,Sports,Cody Gakpo: 1+ goals,Cody Gakpo: 1+ goals,16170.358664000012,2026-06-30T03:29:45Z,2,3.5000000000000004,6.0,50.0,50.0,0.0,1,[1.0]
2520710,KXWCAST-26JUN17ENGCRO-ENGJBELLI5-1,same,0,Sports,Jude Bellingham: 1+ assists,Jude Bellingham: 1+ assists?,2192.029323,2026-06-17T21:43:20Z,2,3.5,5.500000000000001,50.0,50.0,0.0,0,[]
2696236,KXWCGOAL-26JUN29BRAJPN-BRALPAQUE20-1,same,0,Sports,Lucas Paquetá: 1+ goals,Lucas Paqueta: 1+ goals,2681.290046,2026-06-29T18:05:21Z,2,3.5,4.5,100.0,0.0,0.0,0,[]
2717447,KXWCGOAL-26JUN30FRASWE-FRAMOLISE17-2,same,0,Sports,Michael Olise: 2+ goals,Michael Olise: 2+ goals,10198.069596000003,2026-06-30T22:43:19Z,2,3.5,4.5,100.0,0.0,0.0,0,[]
2324359,KXINDYCARRACE-INDY50026-PAOW,same,0,Sports,Will Pato O'Ward win the 2026 Indianapolis 500?,Will Pato O’Ward be the Indianapolis 500 winner?,4318.498681,2026-05-24T20:34:08Z,2,3.5,3.5000000000000004,100.0,0.0,0.0,0,[]
2717420,KXWCGOAL-26JUN30FRASWE-FRAATCHOU14-1,same,0,Sports,Aurélien Tchouameni: 1+ goals,Aurelien Tchouameni: 1+ goals,1757.787116,2026-06-30T23:09:57Z,2,3.5,6.5,50.0,50.0,0.0,1,[1.0]
2734781,KXWCGOAL-26JUL02ESPAUT-ESPMOYARZ10-2,same,0,Sports,Mikel Oyarzabal: 2+ goals,Mikel Oyarzabal: 2+ goals,29765.54927500002,2026-07-02T21:09:49Z,3,3.5,5.500000000000001,66.66666666666666,33.33333333333333,0.0,1,[2.0]
2231857,KXPGATOP5-PGC26-BGRI,same,0,Sports,Will Ben Griffin finish in the Top 5 at the 2026 PGA Championship?,PGA Championship: Will Ben Griffin finish top 5?,1065.9214,2026-05-18T00:20:25Z,6,3.4999999999999996,12.499999999999998,50.0,16.666666666666664,16.666666666666664,1,[1.0]
2232027,KXPGATOP20-PGC26-JBRI,same,0,Sports,Will Jacob Bridgeman finish in the Top 20 at the 2026 PGA Championship?,PGA Championship: Will Jacob Bridgeman finish top 20?,1422.564332,2026-05-16T00:25:52Z,4,3.499999999999999,7.499999999999998,50.0,25.0,0.0,1,[1.0]
2422784,KXWTASETWINNER-26JUN04KOSAND-1-KOS,same,0,Sports,Set 1 Winner: Kostyuk vs Andreeva,Will Marta Kostyuk win set 1 in the Marta Kostyuk vs Mirra Andreeva match,5702.769963000001,2026-06-04T13:55:17Z,2,3.4999999999999973,6.999999999999995,50.0,50.0,0.0,1,[1.0]
1059737,KXCAPRIMARY-1726-JPHA,same,0,Elections,Will Ha Phan advance from the CA-17 primary?,Will Jennie Ha Phan advance in the 2026 CA-17 primary?,9977.693128,2026-06-08T14:36:13Z,40,3.4937499999999995,24.5,55.00000000000001,17.5,2.5,4,"[2.0, 1.0, 1.0, 4.0]"
973443,KXNY13D-26-JKEI,same,0,Elections,Will James Felton Keith be the Democratic Nominee for NY-13?,Will James Felton Keith be the Democratic nominee for NY-13?,2364.8780130000005,2026-06-24T02:39:44Z,105,3.465714285714286,26.0,42.857142857142854,25.71428571428571,6.666666666666667,4,"[1.0, 1.0, 6.0, 1.0]"
824267,KXGOVNMNOMR-26-SMAR,same,1,Elections,Will Susana Martinez win the 2026 New Mexico Governor Republican primary election?,Will Susana Martinez be the Republican nominee for Governor in New Mexico?,25979.339448,2026-06-03T04:03:59Z,143,3.464335664335664,11.5,55.94405594405595,22.377622377622377,4.195804195804196,2,"[11.0, 30.0]"
1653179,KXGAPRIMARY-13D262-EBLA,same,0,Elections,Will Everton Blair Jr. be the Democratic nominee for GA-13?,Will Everton Blair Jr. be the Democratic nominee for GA-13?,5881.256389,2026-05-20T02:09:38Z,25,3.4640000000000004,8.65,52.0,24.0,0.0,2,"[1.0, 4.0]"
2044368,KXNJ07D-26-RBEN,same,0,Elections,Will Rebecca Bennett be the Democratic nominee for NJ-07?,Will Rebecca Bennett be the Democratic nominee for New Jersey's 7th Congressional District?,6371.259752999999,2026-06-03T02:31:30Z,40,3.448749999999997,13.5,65.0,20.0,5.0,7,"[1.0, 1.0, 1.0, 1.0, 3.0, 1.0, 1.0]"
1390380,KXEUROVISIONRANK-26TOP5-ITA,same,0,Entertainment,Will Italy be in the top 5 at Eurovision 2026?,Will Italy be Top 5?,74215.40319099999,2026-05-16T23:22:23Z,8,3.437499999999999,7.000000000000001,75.0,12.5,0.0,0,[]
1390343,KXEUROVISIONRANK-26TOP3-GRE,same,0,Entertainment,Will Greece be in the top 3 at Eurovision 2026?,Will Greece be Top 3?,77597.27913499996,2026-05-16T23:26:22Z,8,3.4374999999999987,9.999999999999998,62.5,25.0,0.0,2,"[1.0, 1.0]"
2729040,KXWCAST-26JUL01USABIH-USACPULIS11-2,same,0,Sports,Christian Pulisic: 2+ assists,Christian Pulisic: 2+ assists?,8859.247050999998,2026-07-02T01:53:20Z,2,3.4250000000000003,6.5,50.0,50.0,0.0,1,[1.0]
643797,KXNBACOY-26-MJOH,same,0,Sports,Will Mitch Johnson win the 2025–2026 NBA Coach of the Year?,Who will win Coach of the Year?,677970.4784140004,2026-05-26T23:59:44Z,194,3.4180412371134024,21.449999999999996,48.45360824742268,21.1340206185567,7.216494845360824,18,"[1.0, 3.0, 2.0, 1.0, 1.0, 3.0, 1.0, 1.0, 1.0, 1.0, 1.0, 2.0, 2.0, 4.0, 4.0, 1.0, 1.0, 1.0]"
788435,KXSENATEKYD-26-JRAN,same,0,Elections,Will Jared Randall be the Democratic nominee for Senate in Kentucky?,Will Jared Randall be the Democratic nominee for the Senate in Kentucky?,5950.231145999999,2026-05-20T02:07:05Z,94,3.4170212765957446,24.999999999999996,38.297872340425535,25.53191489361702,2.127659574468085,4,"[1.0, 2.0, 1.0, 1.0]"
2640493,KXPGATOP5-TRAV26-TFLE,same,0,Sports,Will Tommy Fleetwood finish in the Top 5 at the 2026 Travelers Championship?,Travelers Championship: Will Tommy Fleetwood finish top 5?,1028.77,2026-06-29T14:19:42Z,6,3.416666666666668,8.500000000000002,66.66666666666666,33.33333333333333,0.0,1,[1.0]
2471401,KXPGATOP10-RBBCAN26-HLI,same,0,Sports,Will Hao-Tong Li finish in the Top 10 at the 2026 RBC Canadian Open?,RBC Canadian Open: Will Hao-Tong Li finish top 10?,1110.982303,2026-06-14T23:10:09Z,6,3.4166666666666674,12.5,33.33333333333333,33.33333333333333,16.666666666666664,0,[]
1390349,KXEUROVISIONRANK-26TOP3-MAL,same,0,Entertainment,Will Malta be in the top 3 at Eurovision 2026?,Will Malta be Top 3?,10157.690098,2026-05-16T23:26:22Z,7,3.414285714285714,9.85,57.14285714285714,14.285714285714285,0.0,2,"[2.0, 1.0]"
2236229,KXCHESSNORWAY-26-AFIR,same,0,Sports,Will Alireza Firouzja win Norway Chess 2026?,Will Alireza Firouzja win the 2026 Men's Norway Chess?,30388.588052000006,2026-06-05T19:51:01Z,24,3.4041666666666663,13.749999999999998,58.333333333333336,20.833333333333336,8.333333333333332,5,"[1.0, 1.0, 1.0, 1.0, 1.0]"
695087,KXNY12D-26-EBOT,same,0,Elections,Will Erik Bottcher be the democratic nominee for NY-12?,Will Erik Bottcher be the Democratic nominee for NY-12?,6033.546050000005,2026-06-24T02:09:47Z,134,3.4011194029850746,41.1,50.74626865671642,15.671641791044777,6.7164179104477615,8,"[1.0, 2.0, 1.0, 1.0, 1.0, 2.0, 5.0, 1.0]"
2232048,KXPGATOP20-PGC26-SFIS,same,0,Sports,Will Steven Fisk finish in the Top 20 at the 2026 PGA Championship?,PGA Championship: Will Steven Fisk finish top 20?,1020.004,2026-05-16T00:25:53Z,4,3.3875,7.999999999999999,50.0,25.0,0.0,1,[1.0]
679654,KXSENATEGAR-26-DDOO,same,0,Elections,Will Derek Dooley be the Republican nominee for Senate in Georgia?,Will Derek Dooley be the Republican nominee for the Senate in Georgia?,316674.19965300045,2026-06-17T00:39:00Z,202,3.3759900990099014,36.0,56.930693069306926,20.2970297029703,3.4653465346534658,11,"[1.0, 1.0, 1.0, 1.0, 2.0, 1.0, 2.0, 1.0, 8.0, 1.0, 1.0]"
2231959,KXPGATOP10-PGC26-MGRE,same,0,Sports,Will Max Greyserman finish in the Top 10 at the 2026 PGA Championship?,PGA Championship: Will Max Greyserman finish top 10?,1221.668887,2026-05-18T00:20:51Z,6,3.3499999999999983,10.999999999999998,50.0,16.666666666666664,16.666666666666664,1,[1.0]
2232061,KXPGATOP20-PGC26-EGRI,same,0,Sports,Will Emiliano Grillo finish in the Top 20 at the 2026 PGA Championship?,PGA Championship: Will Emiliano Grillo finish top 20?,1203.270549,2026-05-16T00:25:57Z,4,3.3375000000000004,8.75,50.0,25.0,0.0,1,[1.0]
2231993,KXPGATOP10-PGC26-CKIR,same,0,Sports,Will Chris Kirk finish in the Top 10 at the 2026 PGA Championship?,PGA Championship: Will Chris Kirk finish top 10?,2425.519522,2026-05-18T00:20:52Z,6,3.333333333333334,10.900000000000002,50.0,16.666666666666664,16.666666666666664,1,[1.0]
2703462,KXATPSETWINNER-26JUN29NAVCOB-1-NAV,same,0,Sports,Set 1 Winner: Navone vs Cobolli,Will Mariano Navone win set 1 in the Mariano Navone vs Flavio Cobolli match,1005.8409990000001,2026-06-30T18:13:02Z,3,3.3333333333333326,7.499999999999996,33.33333333333333,33.33333333333333,0.0,1,[1.0]
2553794,KXPGATOP10-USO26-GWOO,same,0,Sports,Will Gary Woodland finish in the Top 10 at the 2026 U.S. Open?,U.S. Open: Will Gary Woodland finish top 10?,1368.0099400000001,2026-06-22T00:19:58Z,6,3.333333333333332,6.499999999999995,66.66666666666666,33.33333333333333,0.0,1,[1.0]
1835894,KXANIMEBVAPE-26-ALE,same,0,Entertainment,Will Alexis Tipton as Reze (Chainsaw Man – The Movie: Reze Arc) win Best Anime Voice Artist Performance (English) at the 2026 Crunchyroll Anime Awards?,2026 Crunchyroll Anime Award for Best Anime Voice Artist Performance (English)?,11058.814179000003,2026-05-23T15:52:49Z,23,3.323913043478261,19.499999999999996,52.17391304347826,13.043478260869565,4.3478260869565215,3,"[1.0, 1.0, 1.0]"
703845,KXNY10D-26-BLAN,same,0,Elections,Will Brad Lander be the Democratic nominee for NY-10?,Will Brad Lander be the Democratic nominee for NY-10?,8636.686862999997,2026-06-24T01:08:53Z,184,3.3173913043478267,25.000000000000007,57.065217391304344,18.478260869565215,5.978260869565218,15,"[3.0, 3.0, 1.0, 1.0, 1.0, 4.0, 6.0, 1.0, 2.0, 1.0, 2.0, 1.0, 1.0, 1.0, 2.0]"
1835644,KXANIMEBAS-26-JAN,same,0,Entertainment,"Will ""JANE DOE"" by Kenshi Yonezu and Hikaru Utada (Chainsaw Man – The Movie: Reze Arc) win Best Anime Song at the 2026 Crunchyroll Anime Awards?",2026 Crunchyroll Anime Award for Best Anime Song?,1565.5621500000002,2026-05-23T15:49:50Z,19,3.315789473684211,16.499999999999996,52.63157894736842,15.789473684210526,10.526315789473683,4,"[1.0, 1.0, 1.0, 2.0]"
1653180,KXGAPRIMARY-13D262-JCLA,same,0,Elections,Will Jasmine Clark be the Democratic nominee for GA-13?,Will Jasmine Clark be the Democratic nominee for GA-13?,7427.320578000001,2026-05-20T02:09:38Z,27,3.3148148148148153,8.499999999999996,66.66666666666666,18.51851851851852,0.0,4,"[8.0, 2.0, 1.0, 1.0]"
1390403,KXEUROVISIONRANK-26TOP10-ALB,same,0,Entertainment,Will Albania be in the top 10 at Eurovision 2026?,Will Albania be Top 10?,63895.07954400004,2026-05-16T23:18:07Z,8,3.3124999999999996,10.0,62.5,12.5,0.0,1,[1.0]
824261,KXGOVNMNOMR-26-SLAN,same,1,Elections,Will Steve Lanier win the 2026 New Mexico Governor Republican primary election?,Will Steve Lanier be the Republican nominee for Governor in New Mexico?,673148.5431349996,2026-06-03T04:03:59Z,167,3.267365269461078,11.5,59.2814371257485,26.34730538922156,0.5988023952095809,5,"[1.0, 17.0, 20.0, 3.0, 2.0]"
2732063,KXPGATOP20-JODC26-DWU,same,0,Sports,Will Dylan Wu finish in the Top 20 at the 2026 John Deere Classic?,John Deere Classic: Will Dylan Wu finish top 20?,1082.848,2026-07-04T01:10:14Z,4,3.2624999999999997,6.05,75.0,25.0,0.0,0,[]
2306035,KXNYPRIMARY-21R26-ACON,same,0,Elections,Will Anthony Constantino be the Republican nominee for NY-21?,Will Anthony Constantino be the Republican nominee for NY-21?,17256.855697000017,2026-06-24T02:31:34Z,32,3.2609374999999976,9.500000000000009,68.75,21.875,0.0,3,"[2.0, 1.0, 1.0]"
1390333,KXEUROVISIONRANK-26TOP3-BUL,same,0,Entertainment,Will Bulgaria be in the top 3 at Eurovision 2026?,Will Bulgaria be Top 3?,59572.07217399997,2026-05-16T23:25:04Z,7,3.257142857142857,5.0,71.42857142857143,0.0,0.0,1,[3.0]
1427288,KXCO03R-26-JHUR,same,0,Elections,Will Jeff Hurd be the Republican nominee for CO-03?,Will Jeff Hurd be the Republican nominee for CO-03?,9097.274418000012,2026-07-01T01:39:01Z,96,3.251041666666667,18.000000000000004,46.875,10.416666666666668,7.291666666666667,6,"[1.0, 1.0, 1.0, 2.0, 1.0, 1.0]"
2727590,KXWCGOAL-26JUL01USABIH-USAFBALOG9-1,same,0,Sports,Folarin Balogun: 1+ goals,Folarin Balogun: 1+ goals,116838.17130499994,2026-07-02T02:07:48Z,2,3.2500000000000027,3.500000000000003,100.0,0.0,0.0,0,[]
2614778,KXWCAST-26JUN22FRAIRQ-FRAODEMBE10-1,same,0,Sports,Ousmane Dembélé: 1+ assists,Ousmane Dembele: 1+ assists?,5231.966681,2026-06-23T00:25:19Z,2,3.2500000000000013,5.500000000000002,50.0,50.0,0.0,1,[1.0]
2231978,KXPGATOP10-PGC26-MAH,same,0,Sports,Will Max Homa finish in the Top 10 at the 2026 PGA Championship?,PGA Championship: Will Max Homa finish top 10?,1192.002,2026-05-16T00:26:17Z,4,3.250000000000001,8.000000000000002,50.0,25.0,0.0,1,[1.0]
2610457,KXWCGOAL-26JUN22FRAIRQ-FRAMOLISE17-2,same,0,Sports,Michael Olise: 2+ goals,Michael Olise: 2+ goals,12127.365218,2026-06-23T00:23:24Z,2,3.250000000000001,6.000000000000001,50.0,50.0,0.0,0,[]
2493687,KXWCGOAL-26JUN17AUTJOR-AUTMSABIT20-1,same,0,Sports,Marcel Sabitzer: 1+ goals,Marcel Sabitzer: 1+ goals,7579.550513000002,2026-06-17T06:20:25Z,2,3.25,6.0,50.0,50.0,0.0,0,[]
2494455,KXWCGOAL-26JUN13BRAMAR-MARBDIAZ21-1,same,0,Sports,Brahim Díaz: 1+ goals,Brahim Diaz: 1+ goals,4772.306943000003,2026-06-13T23:33:25Z,2,3.25,5.000000000000002,50.0,50.0,0.0,1,[1.0]
1390432,KXEUROVISIONRANK-26TOP10-SER,same,0,Entertainment,Will Serbia be in the top 10 at Eurovision 2026?,Will Serbia be Top 10?,149240.42863099996,2026-05-16T23:19:27Z,8,3.25,5.500000000000001,75.0,12.5,0.0,1,[4.0]
2703650,KXATPSETWINNER-26JUN29YIBDJO-2-YIB,same,0,Sports,Set 2 Winner: Wu vs Djokovic,Will Yibing Wu win set 2 in the Yibing Wu vs Novak Djokovic match,3379.0011210000002,2026-06-29T19:53:04Z,2,3.25,4.000000000000001,100.0,0.0,0.0,0,[]
2335200,KXATPSETWINNER-26MAY25JACTRU-1-TRU,inverse,0,Sports,Set 1 Winner: Jacquet vs Trungelliti,Will Marco Trungelliti win set 1 in the Kyrian Jacquet vs Marco Trungelliti match,1114.430355,2026-05-24T11:26:53Z,2,3.25,4.5000000000000036,50.0,0.0,0.0,0,[]
2549935,KXWCAST-26JUN17GHAPAN-GHAASEMEN42-1,same,0,Sports,Antoine Semenyo: 1+ assists,Antoine Semenyo: 1+ assists?,2077.7116109999993,2026-06-18T01:24:48Z,2,3.25,3.4999999999999973,100.0,0.0,0.0,0,[]
2493873,KXWCGOAL-26JUN16FRASEN-SENNJACKS11-1,same,0,Sports,Nicolas Jackson: 1+ goals,Nicolas Jackson: 1+ goals,1332.0346180000004,2026-06-16T20:50:39Z,2,3.2499999999999996,4.5,50.0,0.0,0.0,0,[]
2232014,KXPGATOP10-PGC26-CMOR,same,0,Sports,Will Collin Morikawa finish in the Top 10 at the 2026 PGA Championship?,PGA Championship: Will Collin Morikawa finish top 10?,1294.95848,2026-05-18T00:20:47Z,6,3.2499999999999996,7.5,66.66666666666666,16.666666666666664,0.0,1,[1.0]
2520902,KXWCAST-26JUN15BELEGY-EGYMSALAH11-1,same,0,Sports,Mohamed Salah: 1+ assists,Mohamed Salah: 1+ assists?,1084.881105,2026-06-15T20:40:21Z,2,3.249999999999999,5.499999999999999,50.0,50.0,0.0,0,[]
2494028,KXWCGOAL-26JUN15BELEGY-BELLTROSS19-1,same,0,Sports,Leandro Trossard: 1+ goals,Leandro Trossard: 1+ goals,1447.531044,2026-06-15T22:04:48Z,2,3.2499999999999987,6.499999999999997,50.0,50.0,0.0,1,[1.0]
2329850,KXWTASETWINNER-26MAY25RAKCRI-1-RAK,same,0,Sports,Set 1 Winner: Rakhimova vs Cristian,Will Kamilla Rakhimova win set 1 in the Kamilla Rakhimova vs Jaqueline Cristian match,1482.104638,2026-05-25T16:44:44Z,2,3.2499999999999973,3.4999999999999973,100.0,0.0,0.0,0,[]
1390430,KXEUROVISIONRANK-26TOP10-ROM,same,0,Entertainment,Will Romania be in the top 10 at Eurovision 2026?,Will Romania be Top 10?,159617.2067620002,2026-05-16T23:16:23Z,8,3.2499999999999973,7.000000000000006,50.0,25.0,0.0,2,"[3.0, 1.0]"
1663739,KXGAPRIMARY-09R26-ACLY,same,0,Elections,Will Andrew Clyde be the Republican nominee for GA-09?,Will Andrew Clyde be the Republican nominee for GA-09?,4492.521071999999,2026-05-20T01:12:36Z,50,3.248000000000001,9.850000000000003,62.0,22.0,0.0,8,"[1.0, 1.0, 2.0, 1.0, 4.0, 2.0, 1.0, 1.0]"
1087760,KXFOWOMEN-26-SAB,same,0,Sports,Will Aryna Sabalenka win the 2026 Women’s French Open?,Will Aryna Sabalenka win the French Open?,298450.557539,2026-06-03T14:20:13Z,88,3.2329545454545454,25.5,42.04545454545455,22.727272727272727,4.545454545454546,9,"[1.0, 2.0, 1.0, 3.0, 1.0, 3.0, 2.0, 2.0, 1.0]"
704027,KXCO8D-26-YCAR,same,0,Elections,Will Yadira Caraveo be the Democratic nominee for CO-08?,Will Yadira Caraveo be the Democratic nominee for CO-8?,1378.9176579999998,2026-07-01T01:49:34Z,102,3.232352941176471,48.0,74.50980392156863,11.76470588235294,0.9803921568627451,2,"[1.0, 15.0]"
2758453,KXRT-MIN-80,same,1,Entertainment,"Will ""Minions & Monsters"" score at least 80 on the Rotten Tomatoes Tomatometer?",Minions & Monsters Rotten Tomatoes score?,2609.687546,2026-07-06T14:00:00Z,5,3.2299999999999995,6.999999999999995,40.0,40.0,0.0,1,[1.0]
2045033,KXMDPRIMARY-05D26-QBAR,same,0,Elections,Will Quincy Bareebe be the Democratic nominee for MD-05?,Will Quincy Bareebe be the Democratic nominee for MD-05?,8645.709702999999,2026-06-24T01:34:18Z,48,3.2281250000000004,19.950000000000003,43.75,20.833333333333336,8.333333333333332,6,"[1.0, 2.0, 1.0, 1.0, 1.0, 1.0]"
1830747,KXDFBPOKAL-26-VFB,same,0,Sports,Will VfB Stuttgart win DFB-Pokal?,Will Stuttgart win the DFB Pokal?,19948.387957000003,2026-05-23T20:41:39Z,27,3.2222222222222223,12.499999999999996,55.55555555555556,22.22222222222222,3.7037037037037033,5,"[1.0, 1.0, 1.0, 1.0, 1.0]"
943492,KXSENATEORR-26-DSMI,same,0,Elections,Will David Brock Smith be the Republican nominee for Senate in Oregon?,Will David Brock Smith be the Republican nominee for the Senate in Oregon?,13513.786092999995,2026-05-23T18:52:36Z,26,3.1923076923076934,9.550000000000002,53.84615384615385,23.076923076923077,0.0,4,"[1.0, 1.0, 3.0, 2.0]"
2231818,KXPGATOP5-PGC26-ABHA,same,0,Sports,Will Akshay Bhatia finish in the Top 5 at the 2026 PGA Championship?,PGA Championship: Will Akshay Bhatia finish top 5?,1255.24,2026-05-16T00:26:22Z,4,3.1875000000000004,10.450000000000001,25.0,25.0,25.0,1,[1.0]
1390344,KXEUROVISIONRANK-26TOP3-ISR,same,0,Entertainment,Will Israel be in the top 3 at Eurovision 2026?,Will Israel be Top 3?,56606.41586600006,2026-05-16T23:25:16Z,8,3.1875,6.5,62.5,25.0,0.0,1,[2.0]
1390400,KXEUROVISIONRANK-26TOP5-UKR,same,0,Entertainment,Will Ukraine be in the top 5 at Eurovision 2026?,Will Ukraine be Top 5?,52360.67225400002,2026-05-16T23:24:34Z,8,3.1875,7.500000000000001,50.0,25.0,0.0,2,"[1.0, 1.0]"
973388,KXNYPRIMARY-06D26-GMEN,same,0,Elections,Will Grace Meng be the Democratic Nominee for NY-06?,Will Grace Meng be the Democratic nominee for NY-06?,60398.64021000005,2026-06-24T01:31:21Z,42,3.1857142857142855,9.999999999999998,52.38095238095239,26.190476190476193,0.0,7,"[2.0, 2.0, 1.0, 1.0, 1.0, 1.0, 1.0]"
969679,KXSENATELAR-26-JFLEM,same,0,Elections,Will John Fleming be the republican nominee for Senate in Louisiana?,Will John Fleming be the Republican nominee for the Senate in Louisiana?,205509.01414400036,2026-06-28T02:51:43Z,160,3.1756250000000006,17.000000000000004,55.00000000000001,21.875,1.875,10,"[1.0, 1.0, 2.0, 2.0, 5.0, 2.0, 2.0, 1.0, 1.0, 1.0]"
2231924,KXPGATOP10-PGC26-MBRE,same,0,Sports,Will Michael Brennan finish in the Top 10 at the 2026 PGA Championship?,PGA Championship: Will Michael Brennan finish top 10?,1025.4160010000003,2026-05-18T00:20:43Z,6,3.1750000000000003,9.499999999999998,50.0,16.666666666666664,0.0,1,[1.0]
1348946,KXTXPRIMARY-19R26-AENR,same,0,Elections,Will Abraham Enriquez be the Republican Nominee for TX-19?,Will Abraham Enriquez be the Republican nominee for TX-19?,18093.990848,2026-05-27T01:13:10Z,75,3.173333333333334,52.900000000000006,53.333333333333336,8.0,1.3333333333333335,5,"[1.0, 1.0, 1.0, 2.0, 3.0]"
553856,KXNBA-26-OKC,same,0,Sports,Will the Oklahoma City Thunder win the 2026 NBA Finals?,Will the Oklahoma City win the 2026 Pro Basketball Finals?,15151786.681256065,2026-05-31T02:50:41Z,300,3.1700000000000004,16.500000000000004,63.0,17.333333333333336,2.0,14,"[1.0, 1.0, 11.0, 69.0, 1.0, 6.0, 11.0, 1.0, 1.0, 1.0, 1.0, 1.0, 1.0, 1.0]"
2723663,KXWCGOAL-26JUL01BELSEN-SENISARR7-1,same,0,Sports,Ismaïla Sarr: 1+ goals,Ismaila Sarr: 1+ goals,73886.27849100002,2026-07-01T23:00:11Z,3,3.1666666666666665,4.999999999999999,66.66666666666666,0.0,0.0,0,[]
695084,KXNY12D-26-CKAS,same,0,Elections,Will Cameron Kasky be the democratic nominee for NY-12?,Will Cameron Kasky be the Democratic nominee for NY-12?,7198.474052000006,2026-06-24T02:09:47Z,139,3.1622302158273383,18.25,53.956834532374096,23.741007194244602,6.474820143884892,13,"[1.0, 2.0, 1.0, 1.0, 2.0, 1.0, 1.0, 1.0, 1.0, 3.0, 5.0, 1.0, 1.0]"
1492422,KXSENATENJR-26-VBRA,same,0,Elections,Will Vinnie Brand be the Republican nominee for Senate in New Jersey?,Will Vinnie Brand be the Republican nominee for Senate in New Jersey?,19254.105670999998,2026-06-03T03:27:37Z,38,3.1526315789473682,23.0,34.21052631578947,26.31578947368421,2.631578947368421,2,"[1.0, 2.0]"
1390379,KXEUROVISIONRANK-26TOP5-ISR,same,0,Entertainment,Will Israel be in the top 5 at Eurovision 2026?,Will Israel be Top 5?,178917.66249699987,2026-05-16T23:20:38Z,8,3.125000000000001,7.000000000000001,62.5,25.0,0.0,1,[1.0]
703846,KXNY10D-26-DGOL,same,0,Elections,Will Dan Goldman be the Democratic nominee for NY-10?,Will Dan Goldman be the Democratic nominee for NY-10?,8280.386309999998,2026-06-24T01:08:53Z,184,3.1114130434782608,19.499999999999996,52.17391304347826,19.021739130434785,3.260869565217391,17,"[4.0, 1.0, 1.0, 2.0, 4.0, 2.0, 1.0, 1.0, 2.0, 1.0, 3.0, 2.0, 2.0, 2.0, 1.0, 1.0, 2.0]"
2232094,KXPGATOP20-PGC26-KKIT,same,0,Sports,Will Kurt Kitayama finish in the Top 20 at the 2026 PGA Championship?,PGA Championship: Will Kurt Kitayama finish top 20?,3387.326379,2026-05-18T00:21:06Z,6,3.0916666666666672,10.500000000000002,33.33333333333333,33.33333333333333,16.666666666666664,1,[1.0]
2231843,KXPGATOP5-PGC26-HENG,same,0,Sports,Will Harris English finish in the Top 5 at the 2026 PGA Championship?,PGA Championship: Will Harris English finish top 5?,1339.9869999999999,2026-05-18T00:20:23Z,6,3.091666666666667,12.000000000000002,33.33333333333333,16.666666666666664,16.666666666666664,1,[1.0]
1834620,KXANIMEBAC-26-KAI,same,0,Entertainment,"Will ""Kaiju No. 8 Season 2"" win Best Action Anime at the 2026 Crunchyroll Anime Awards?",2026 Crunchyroll Anime Award for Best Action Anime?,1378.0200499999999,2026-05-23T15:40:06Z,28,3.091071428571429,26.999999999999996,14.285714285714285,10.714285714285714,10.714285714285714,2,"[2.0, 1.0]"
2232009,KXPGATOP10-PGC26-RMCI,same,0,Sports,Will Rory McIlroy finish in the Top 10 at the 2026 PGA Championship?,PGA Championship: Will Rory McIlroy finish top 10?,13044.38916,2026-05-18T00:20:47Z,6,3.083333333333334,6.0,83.33333333333334,16.666666666666664,0.0,1,[1.0]
704289,KXUT1D-26-LMOH,same,0,Elections,Will Liban Mohamed be the Democratic nominee for UT-01?,Will Liban Mohamed be the Democratic nominee for UT-1?,8497.652449000001,2026-06-24T02:26:00Z,6,3.0833333333333335,5.949999999999999,66.66666666666666,16.666666666666664,0.0,0,[]
824241,KXGOVNMNOMD-26-SBRE,same,1,Elections,Will Sam Bregman win the 2026 New Mexico Governor Democratic primary election?,Will Sam Bregman be the Democratic nominee for Governor in New Mexico?,16189.905396999999,2026-06-03T02:34:20Z,172,3.0779069767441865,44.5,48.837209302325576,9.883720930232558,3.488372093023256,13,"[1.0, 1.0, 1.0, 1.0, 3.0, 1.0, 1.0, 1.0, 1.0, 1.0, 3.0, 1.0, 1.0]"
576805,KXBUNDESLIGARELEGATION-26-FCH,same,0,Sports,Will FC Heidenheim be relegated from the Bundesliga after the 2025–26 season?,Will Heidenheim be Relegated from Bundesliga in 2025-26 Season?,35786.81307200003,2026-05-17T02:00:00Z,111,3.075225225225223,21.4,49.549549549549546,15.315315315315313,4.504504504504505,11,"[1.0, 1.0, 1.0, 1.0, 1.0, 1.0, 1.0, 1.0, 1.0, 1.0, 1.0]"
1390412,KXEUROVISIONRANK-26TOP10-DEN,same,0,Entertainment,Will Denmark be in the top 10 at Eurovision 2026?,Will Denmark be Top 10?,163035.53835000002,2026-05-16T23:15:26Z,8,3.0624999999999982,6.999999999999995,62.5,25.0,0.0,2,"[1.0, 1.0]"
643776,KXNBACOY-26-JMAZ,same,0,Sports,Will Joe Mazzulla win the 2025–2026 NBA Coach of the Year?,Who will win Coach of the Year?,577582.0238919999,2026-05-26T23:59:44Z,176,3.0610795454545454,19.95,50.56818181818182,18.75,2.840909090909091,15,"[2.0, 1.0, 3.0, 3.0, 4.0, 1.0, 4.0, 1.0, 4.0, 2.0, 1.0, 3.0, 1.0, 1.0, 1.0]"
703773,KXNY7D-26-JSAL,same,0,Elections,Will Julia Salazar be the Democratic nominee for NY-07?,Will Julia Salazar be the Democratic nominee for NY-07?,8178.412499999999,2026-06-24T01:30:55Z,115,3.058695652173912,54.65,20.869565217391305,7.82608695652174,6.956521739130435,2,"[1.0, 5.0]"
1447713,KXCA04PRIMARY-26-SBRO,same,0,Elections,Will Sharon Brown advance from the CA-04 primary election?,Who will advance from the 2026 CA-04 primary?,5075.158461000001,2026-06-13T01:15:46Z,44,3.0431818181818184,8.200000000000001,68.18181818181817,18.181818181818183,0.0,4,"[3.0, 2.0, 1.0, 1.0]"
2364874,KXCAPRIMARY-2626-JIRW,same,0,Elections,Will Jacqui Irwin advance from the CA-26 primary election?,Will Jacqui Irwin advance in the 2026 CA-26 primary?,2517.4835000000003,2026-06-04T23:21:38Z,7,3.0428571428571405,6.399999999999995,71.42857142857143,14.285714285714285,0.0,1,[1.0]
824262,KXGOVNMNOMR-26-BCIL,same,1,Elections,Will Brian Cillessen win the 2026 New Mexico Governor Republican primary election?,Will Brian Cillessen be the Republican nominee for Governor in New Mexico?,21314.071952,2026-06-03T04:03:59Z,142,3.022183098591549,8.5,50.0,16.19718309859155,0.0,1,[70.0]
1390360,KXEUROVISIONRANK-26TOP3-UKR,same,0,Entertainment,Will Ukraine be in the top 3 at Eurovision 2026?,Will Ukraine be Top 3?,11509.080372999993,2026-05-16T23:27:16Z,8,3.01875,5.499999999999999,87.5,12.5,0.0,1,[6.0]
1448090,KXNJPRIMARY-12D26-EDIX,same,0,Elections,Will Elijah Dixon be the Democratic Nominee for NJ-12?,Will Elijah Dixon be the Democratic nominee for NJ-12?,3819.919627,2026-06-03T02:34:47Z,27,3.0018518518518515,23.950000000000003,14.814814814814813,14.814814814814813,11.11111111111111,2,"[2.0, 1.0]"
2474102,KXATPSETWINNER-26JUN10HUMBON-1-HUM,same,0,Sports,Set 1 Winner: Humbert vs Bonzi,Will Ugo Humbert win set 1 in the Ugo Humbert vs Benjamin Bonzi match,2324.913723,2026-06-11T09:56:08Z,2,3.0000000000000027,5.000000000000004,50.0,50.0,0.0,0,[]
2717480,KXWCAST-26JUN30FRASWE-FRAODEMBE10-2,same,0,Sports,Ousmane Dembélé: 2+ assists,Ousmane Dembele: 2+ assists?,4531.175147,2026-06-30T22:35:17Z,2,3.0000000000000013,6.0,50.0,50.0,0.0,0,[]
2728437,KXWCAST-26JUL01BELSEN-SENSMANE10-1,same,0,Sports,Sadio Mané: 1+ assists,Sadio Mane: 1+ assists?,3878.8918380000014,2026-07-01T22:09:48Z,2,3.000000000000001,4.500000000000001,50.0,0.0,0.0,0,[]
1833826,KXANIMEAOTY-26-MYH,same,0,Entertainment,"Will ""My Hero Academia FINAL SEASON"" win Anime of the Year at the 2026 Crunchyroll Anime Awards?",2026 Crunchyroll Anime Award for Anime of the Year?,25369.58133099998,2026-05-23T15:36:12Z,40,3.000000000000001,20.499999999999996,55.00000000000001,10.0,7.5,3,"[1.0, 1.0, 1.0]"
2158502,KXCS2-AST26-AUR,same,0,Sports,Will Aurora win PGL Astana 2026?,Will Aurora Gaming win PGL Astana?,11283.05541799999,2026-05-16T14:58:19Z,9,3.0000000000000004,12.000000000000002,44.44444444444444,22.22222222222222,11.11111111111111,1,[1.0]
2493810,KXWCGOAL-26JUN16IRQNOR-NORMODEGA8-2,same,0,Sports,Martin Ødegaard: 2+ goals,Martin Odegaard: 2+ goals,1402.8473589999999,2026-06-16T23:43:23Z,2,3.0,3.4999999999999996,100.0,0.0,0.0,0,[]
2231960,KXPGATOP10-PGC26-BGRI,same,0,Sports,Will Ben Griffin finish in the Top 10 at the 2026 PGA Championship?,PGA Championship: Will Ben Griffin finish top 10?,1919.971503,2026-05-18T00:20:45Z,6,3.0,7.000000000000001,66.66666666666666,16.666666666666664,0.0,1,[1.0]
2493876,KXWCGOAL-26JUN16FRASEN-FRAODEMBE10-1,same,0,Sports,Ousmane Dembélé: 1+ goals,Ousmane Dembele: 1+ goals,4674.263595000003,2026-06-16T20:43:20Z,2,3.0,5.499999999999999,50.0,50.0,0.0,1,[1.0]
2717473,KXWCAST-26JUN30FRASWE-FRAKMBAPP10-1,same,0,Sports,Kylian Mbappé: 1+ assists,Kylian Mbappe: 1+ assists?,7614.86107,2026-06-30T22:43:18Z,2,3.0,5.499999999999999,50.0,50.0,0.0,1,[1.0]
2231894,KXPGATOP5-PGC26-BKOE,same,0,Sports,Will Brooks Koepka finish in the Top 5 at the 2026 PGA Championship?,PGA Championship: Will Brooks Koepka finish top 5?,3012.9616250000004,2026-05-18T00:20:26Z,6,3.0,10.500000000000002,33.33333333333333,16.666666666666664,16.666666666666664,1,[1.0]
2676145,KXWCGOAL-26JUN27COLPOR-PORBFERNA8-1,same,0,Sports,Bruno Fernandes: 1+ goals,Bruno Fernandes: 1+ goals,9572.741816999996,2026-06-28T01:40:09Z,2,3.0,4.999999999999999,50.0,0.0,0.0,0,[]
2613333,KXWCGOAL-26JUN22NORSEN-SENISARR7-1,same,0,Sports,Ismaïla Sarr: 1+ goals,Ismaila Sarr: 1+ goals,4801.487789,2026-06-23T02:09:55Z,2,2.999999999999999,4.499999999999998,50.0,0.0,0.0,0,[]
2263055,KXLOLMAP-26MAY190600NSEAKTC-1-NSEA,inverse,0,Sports,LoL: KT Rolster Challengers vs Nongshim Esports Academy - Game 1 Winner,Will Nongshim Esports Academy win map 1 in the Nongshim Esports Academy vs. KT Rolster Challengers match?,38507.776078000024,2026-05-19T10:45:06Z,4,2.9999999999999987,5.999999999999995,50.0,25.0,0.0,1,[1.0]
2719541,KXWCGOAL-26JUN30MEXECU-ECUEVALEN13-1,same,0,Sports,Enner Valencia: 1+ goals,Enner Valencia: 1+ goals,25396.079196000006,2026-07-01T03:21:19Z,2,2.9999999999999982,4.499999999999998,50.0,0.0,0.0,0,[]
2704657,KXWTASETWINNER-26JUN30WILJOI-1-WIL,same,0,Sports,Set 1 Winner: Williams vs Joint,Will Serena Williams win set 1 in the Serena Williams vs Maya Joint match,2376.2802420000003,2026-06-30T19:22:17Z,3,2.999999999999997,3.9999999999999982,66.66666666666666,0.0,0.0,0,[]
801889,KXSENATEIDR-26-JEVA,same,0,Elections,Will Joe Evans be the Republican nominee for Senate in Idaho?,Will Joe Evans be the Republican nominee for the Senate in Idaho?,2607.927752,2026-05-20T14:25:47Z,130,2.998076923076923,10.499999999999998,70.76923076923077,5.384615384615385,0.7692307692307693,3,"[2.0, 1.0, 3.0]"
2640898,KXPGATOP20-TRAV26-ARAI,same,0,Sports,Will Aaron Rai finish in the Top 20 at the 2026 Travelers Championship?,Travelers Championship: Will Aaron Rai finish top 20?,4448.859999999999,2026-06-29T14:20:11Z,7,2.9928571428571438,7.499999999999996,57.14285714285714,28.57142857142857,0.0,2,"[1.0, 1.0]"
960251,KXTXPRIMARY-30R26-SDAN,same,0,Elections,Will Sholdon Daniels be the Republican Nominee for TX-30?,Will Sholdon Daniels be the Republican nominee for TX-30?,14164.263635000014,2026-05-27T12:56:29Z,93,2.986559139784946,24.0,52.68817204301075,12.903225806451612,4.301075268817205,8,"[1.0, 2.0, 2.0, 1.0, 1.0, 1.0, 3.0, 2.0]"
1087512,KXFOMEN-26-ALC,same,0,Sports,Will Carlos Alcaraz win the 2026 Men's French Open?,Will Carlos Alcaraz win the French Open?,587706.6729489999,2026-05-23T14:26:30Z,91,2.976923076923076,23.499999999999993,40.65934065934066,13.186813186813188,7.6923076923076925,5,"[2.0, 1.0, 2.0, 2.0, 2.0]"
973442,KXNY13D-26-TCHI,same,0,Elections,Will Theo Chino-Tavarez be the Democratic Nominee for NY-13?,Will Theo Chino-Tavarez be the Democratic nominee for NY-13?,2357.081333,2026-06-24T02:39:44Z,119,2.9613445378151257,21.3,30.252100840336134,17.647058823529413,11.76470588235294,2,"[1.0, 5.0]"
969727,KXSENATELAD-26-JDAV,same,0,Elections,Will Jamie Davis Jr. be the Democratic nominee for Senate in Louisiana?,Will Jamie Davis be the Democratic nominee for the Senate in Louisiana?,24812.653226000002,2026-06-28T02:52:18Z,99,2.9338383838383826,15.500000000000004,45.45454545454545,19.19191919191919,5.05050505050505,7,"[1.0, 1.0, 1.0, 1.0, 1.0, 1.0, 1.0]"
2231849,KXPGATOP5-PGC26-RFOW,same,0,Sports,Will Rickie Fowler finish in the Top 5 at the 2026 PGA Championship?,PGA Championship: Will Rickie Fowler finish top 5?,2566.327665999999,2026-05-18T00:20:31Z,6,2.9166666666666665,9.0,50.0,16.666666666666664,0.0,1,[1.0]
789542,KXKY4R-26-EGAL,same,0,Elections,Will Ed Gallrein be the Republican nominee for KY-04?,Will Ed Gallrein be the Republican nominee for KY-4?,1559462.7920159984,2026-05-19T23:56:29Z,161,2.912111801242236,26.0,49.06832298136646,16.149068322981368,3.7267080745341614,10,"[3.0, 2.0, 1.0, 2.0, 2.0, 4.0, 1.0, 1.0, 1.0, 1.0]"
973440,KXNY13D-26-JAMA,same,0,Elections,Will Jaleel Amador be the Democratic Nominee for NY-13?,Will Jaliel Amador be the Democratic nominee for NY-13?,1522.731865,2026-06-24T02:39:44Z,112,2.9102678571428564,9.5,51.78571428571429,12.5,0.0,3,"[5.0, 14.0, 3.0]"
1833824,KXANIMEAOTY-26-DAN,same,0,Entertainment,"Will ""DAN DA DAN Season 2"" win Anime of the Year at the 2026 Crunchyroll Anime Awards?",2026 Crunchyroll Anime Award for Anime of the Year?,4396.374588000002,2026-05-23T15:36:12Z,34,2.8970588235294117,13.0,64.70588235294117,8.823529411764707,2.941176470588235,2,"[1.0, 1.0]"
2364873,KXCAPRIMARY-2626-LHER,same,0,Elections,Will Liam Hernandez advance from the CA-26 primary election?,Will Liam Hernandez advance in the 2026 CA-26 primary?,1417.900726,2026-06-04T23:22:10Z,4,2.8874999999999997,5.449999999999999,50.0,25.0,0.0,1,[1.0]
1972383,KXNBAEFINMVP-26-KTOW,same,0,Sports,Will Karl-Anthony Towns win the 2026 Eastern Conference Finals MVP?,Who will win Eastern Conference Finals MVP?,10030.721327000001,2026-05-26T02:50:04Z,32,2.8859375000000003,20.200000000000003,43.75,15.625,3.125,4,"[1.0, 1.0, 2.0, 1.0]"
1237881,KXFACUP-26-CHE,same,0,Sports,Will Chelsea win the 2025-2026 FA Cup?,Will Chelsea win the FA Cup?,150460.59383300014,2026-05-16T16:05:33Z,87,2.8850574712643677,16.0,51.724137931034484,16.091954022988507,3.4482758620689653,9,"[6.0, 1.0, 1.0, 5.0, 3.0, 1.0, 4.0, 2.0, 2.0]"
2305922,KXCS2-ASIA26-FAL,same,0,Sports,Will Team Falcons win CS Asia Championships 2026?,Will Team Falcons win CS Asia Championships?,71216.06193600003,2026-05-24T20:51:26Z,4,2.875,5.499999999999994,75.0,25.0,0.0,1,[1.0]
1390427,KXEUROVISIONRANK-26TOP10-NOR,same,0,Entertainment,Will Norway be in the top 10 at Eurovision 2026?,Will Norway be Top 10?,67843.187494,2026-05-16T23:19:13Z,8,2.875,8.000000000000002,50.0,12.5,0.0,1,[1.0]
703778,KXNY7D-26-LRES,same,0,Elections,Will Lincoln Restler be the Democratic nominee for NY-07?,Will Lincoln Restler be the Democratic nominee for NY-07?,8808.534417,2026-06-24T01:30:55Z,114,2.8736842105263163,44.0,53.50877192982456,11.403508771929824,0.8771929824561403,5,"[1.0, 1.0, 6.0, 1.0, 1.0]"
1447715,KXCA04PRIMARY-26-MGHU,same,0,Elections,Will Mandy Ghusar advance from the CA-04 primary election?,Who will advance from the 2026 CA-04 primary?,4227.89571,2026-06-13T01:15:46Z,22,2.8636363636363638,5.5,59.09090909090909,4.545454545454546,0.0,1,[8.0]
1390428,KXEUROVISIONRANK-26TOP10-POL,same,0,Entertainment,Will Poland be in the top 10 at Eurovision 2026?,Will Poland be Top 10?,77889.70810599998,2026-05-16T23:19:17Z,8,2.8625,11.450000000000001,25.0,12.5,12.5,1,[1.0]
678937,KXSEOULMAYOR-26JUN03-CWON,same,0,Elections,Will Chong Won-oh win the 2026 Seoul Mayoral Election,Will Chong Won-o win the 2026 Seoul mayoral election?,4524553.480972008,2026-06-04T17:50:06Z,154,2.8519480519480522,27.200000000000003,50.0,16.883116883116884,1.948051948051948,16,"[2.0, 1.0, 1.0, 2.0, 4.0, 1.0, 1.0, 1.0, 3.0, 1.0, 1.0, 3.0, 1.0, 1.0, 1.0, 1.0]"
906912,KXGOVSCNOMD-26-JJOH,same,1,Elections,Will Jermaine Johnson win the 2026 South Carolina Governor Democratic primary election?,Will Jermaine Johnson be the Democratic nominee for Governor in South Carolina?,23156.972816999998,2026-06-10T01:14:45Z,56,2.846428571428572,9.499999999999996,55.35714285714286,19.642857142857142,0.0,6,"[1.0, 1.0, 3.0, 2.0, 2.0, 1.0]"
2314462,KXNJPRIMARY-10D26-LPOS,same,0,Elections,Will Lawrence Poster be the Democratic nominee for NJ-10?,Will Lawrence Poster be the Democratic nominee for NJ-10?,2550.9949699999997,2026-06-03T02:26:04Z,13,2.8423076923076924,6.000000000000001,61.53846153846154,15.384615384615385,0.0,1,[3.0]
2231826,KXPGATOP5-PGC26-SBUR,same,0,Sports,Will Sam Burns finish in the Top 5 at the 2026 PGA Championship?,PGA Championship: Will Sam Burns finish top 5?,1331.21471,2026-05-18T00:20:22Z,6,2.841666666666667,10.500000000000002,50.0,16.666666666666664,16.666666666666664,1,[1.0]
2703273,KXATPSETWINNER-26JUN29VIRSHE-1-VIR,same,0,Sports,Set 1 Winner: Virtanen vs Shelton,Will Otto Virtanen win set 1 in the Otto Virtanen vs Ben Shelton match,1257.0843590000002,2026-06-30T12:23:25Z,3,2.8333333333333357,3.0000000000000027,100.0,0.0,0.0,0,[]
1390434,KXEUROVISIONRANK-26TOP10-SWI,same,0,Entertainment,Will Switzerland be in the top 10 at Eurovision 2026?,Will Switzerland be Top 10?,30914.389977999996,2026-05-16T23:19:33Z,6,2.833333333333334,4.500000000000001,83.33333333333334,0.0,0.0,0,[]
2614636,KXWCGOAL-26JUN22JORDZA-JORAOLWAN9-1,same,0,Sports,Ali Olwan: 1+ goals,Ali Iyad Olwan: 1+ goals,3030.041675,2026-06-23T04:53:19Z,3,2.8333333333333335,6.999999999999999,33.33333333333333,33.33333333333333,0.0,1,[1.0]
1492424,KXSENATENJR-26-AHAB,same,0,Elections,Will Alina Habba be the Republican nominee for Senate in New Jersey?,Will Alina Habba be the Republican nominee for Senate in New Jersey?,3215.5558,2026-06-03T03:27:37Z,57,2.8228070175438598,7.249999999999999,66.66666666666666,14.035087719298245,0.0,4,"[2.0, 1.0, 1.0, 3.0]"
2231983,KXPGATOP10-PGC26-STJ,same,0,Sports,Will Stephan Jaeger finish in the Top 10 at the 2026 PGA Championship?,PGA Championship: Will Stephan Jaeger finish top 10?,1227.216811,2026-05-18T00:20:57Z,6,2.8000000000000007,11.400000000000002,16.666666666666664,16.666666666666664,16.666666666666664,1,[1.0]
2640511,KXPGATOP5-TRAV26-BHAR,same,0,Sports,Will Brian Harman finish in the Top 5 at the 2026 Travelers Championship?,Travelers Championship: Will Brian Harman finish top 5?,2333.05,2026-06-29T14:19:44Z,6,2.8000000000000003,4.999999999999999,66.66666666666666,0.0,0.0,0,[]
2045736,KXCAPRIMARY-1326-AGRA,same,0,Elections,Will Adam Gray advance from the CA-13 primary election?,Will Adam Gray advance in the 2026 CA-13 primary?,1507.867485,2026-06-04T15:57:10Z,24,2.8000000000000003,4.999999999999993,66.66666666666666,0.0,0.0,0,[]
704285,KXUT1D-26-EMEN,same,0,Elections,Will Erin Mendenhall be the Democratic nominee for UT-01?,Will Erin Mendenhall be the Democratic nominee for UT-1?,7601.069094000002,2026-06-24T02:26:00Z,109,2.7967889908256884,43.00000000000001,51.37614678899083,2.7522935779816518,0.9174311926605505,2,"[1.0, 9.0]"
1420454,KXGAPRIMARY-05D26-ABEA,same,0,Elections,Will Arnetress Beatty be the Democratic Nominee for GA-05?,Will Arnetress Beatty be the Democratic nominee for GA-05?,1869.4779689999998,2026-05-20T00:09:21Z,23,2.7826086956521747,8.149999999999999,78.26086956521739,4.3478260869565215,0.0,1,[1.0]
973389,KXNYPRIMARY-06D26-CPAR,same,0,Elections,Will Charles Park be the Democratic Nominee for NY-06?,Will Charles Park be the Democratic nominee for NY-06?,48452.439902000006,2026-06-24T01:31:21Z,39,2.7730769230769234,13.450000000000001,46.15384615384615,17.94871794871795,2.564102564102564,6,"[1.0, 1.0, 1.0, 1.0, 1.0, 1.0]"
1448094,KXNJPRIMARY-12D26-AMAP,same,0,Elections,Will Adrian Mapp be the Democratic Nominee for NJ-12?,Will Adrian Mapp be the Democratic nominee for NJ-12?,3713.2507440000004,2026-06-03T02:34:47Z,28,2.7642857142857133,28.499999999999996,10.714285714285714,3.571428571428571,3.571428571428571,1,[1.0]
2543891,KXCFLGAME-26JUN19BCHAM-HAM,inverse,0,Sports,British Columbia Lions vs. Hamilton Tiger-Cats,Will Hamilton Tiger-Cats win the British Columbia Lions vs Hamilton Tiger-Cats football game?,3344.399294,2026-06-20T02:59:58Z,4,2.7500000000000036,7.000000000000006,50.0,25.0,0.0,1,[1.0]
2533297,KXATPSETWINNER-26JUN14MENMAN-1-MEN,same,0,Sports,Set 1 Winner: Mensik vs Mannarino,Will Jakub Mensik win set 1 in the Jakub Mensik vs Adrian Mannarino match,2902.08979,2026-06-16T11:32:12Z,2,2.7500000000000027,4.0000000000000036,50.0,0.0,0.0,0,[]
2704386,KXATPSETWINNER-26JUN29SINKEC-2-SIN,same,0,Sports,Set 2 Winner: Sinner vs Kecmanovic,Will Jannik Sinner win set 2 in the Jannik Sinner vs Miomir Kecmanovic match,1787.9659,2026-06-29T14:04:10Z,2,2.7500000000000027,3.0000000000000027,100.0,0.0,0.0,0,[]
1390410,KXEUROVISIONRANK-26TOP10-CYP,same,0,Entertainment,Will Cyprus be in the top 10 at Eurovision 2026?,Will Cyprus be Top 10?,151725.8717859998,2026-05-16T23:18:24Z,8,2.750000000000001,5.500000000000005,87.5,12.5,0.0,1,[2.0]
2363644,KXVANCEMENTION-26MAY28-AI,same,0,Mentions,"Will Vance say ""AI"" or ""Artificial Intelligence"" during Air Force Academy Address?",What will JD Vance say during Commencement Address at the U.S. Air Force Academy?,2233.728926,2026-05-28T18:21:13Z,2,2.750000000000001,5.500000000000002,50.0,50.0,0.0,1,[1.0]
2599015,KXWCAST-26JUN21ESPKSA-ESPMOYARZ10-1,same,0,Sports,Mikel Oyarzabal: 1+ assists,Mikel Oyarzabal: 1+ assists?,1358.1053860000002,2026-06-21T17:07:21Z,2,2.750000000000001,3.5000000000000004,100.0,0.0,0.0,0,[]
2531878,KXWCAST-26JUN16FRASEN-FRAODEMBE10-1,same,0,Sports,Ousmane Dembélé: 1+ assists,Ousmane Dembele: 1+ assists?,1901.663694,2026-06-16T20:43:20Z,2,2.750000000000001,5.500000000000002,50.0,50.0,0.0,0,[]
2553813,KXPGATOP10-USO26-RFOW,same,0,Sports,Will Rickie Fowler finish in the Top 10 at the 2026 U.S. Open?,U.S. Open: Will Rickie Fowler finish top 10?,1072.155052,2026-06-20T01:11:52Z,4,2.7500000000000004,7.000000000000001,25.0,25.0,0.0,1,[1.0]
2586845,KXWCGOAL-26JUN20GERCIV-GERKHAVER29-2,same,0,Sports,Kai Havertz: 2+ goals,Kai Havertz: 2+ goals,12921.740824000006,2026-06-20T21:47:25Z,2,2.7500000000000004,4.000000000000001,50.0,0.0,0.0,0,[]
2706477,KXWCAST-26JUN29NEDMAR-NEDCGAKPO18-1,same,0,Sports,Cody Gakpo: 1+ assists,Cody Gakpo: 1+ assists?,5333.317939,2026-06-30T03:29:45Z,2,2.7500000000000004,5.500000000000001,50.0,50.0,0.0,0,[]
2703696,KXATPSETWINNER-26JUN29TRUDAM-2-TRU,same,0,Sports,Set 2 Winner: Trungelliti vs Damm,Will Marco Trungelliti win set 2 in the Marco Trungelliti vs Martin Damm Jr match,1955.109844,2026-06-29T12:25:20Z,2,2.75,2.9999999999999973,100.0,0.0,0.0,0,[]
2696238,KXWCGOAL-26JUN29BRAJPN-BRAMCUNHA10-1,same,0,Sports,Matheus Cunha: 1+ goals,Matheus Cunha: 1+ goals,28585.595507999988,2026-06-29T18:27:21Z,2,2.75,3.9999999999999982,50.0,0.0,0.0,0,[]
2231994,KXPGATOP10-PGC26-KKIT,same,0,Sports,Will Kurt Kitayama finish in the Top 10 at the 2026 PGA Championship?,PGA Championship: Will Kurt Kitayama finish top 10?,6559.704915,2026-05-18T00:20:46Z,6,2.75,5.499999999999999,50.0,16.666666666666664,0.0,1,[2.0]
2618808,KXWCAST-26JUN22JORDZA-DZARMAHRE7-1,same,0,Sports,Riyad Mahrez: 1+ assists,Riyad Mahrez: 1+ assists?,1886.478693,2026-06-23T04:39:44Z,2,2.7499999999999996,4.499999999999998,50.0,0.0,0.0,0,[]
2471986,KXATPSETWINNER-26JUN10LANFRI-1-LAN,same,0,Sports,Set 1 Winner: Landaluce vs Fritz,Will Martin Landaluce win set 1 in the Martin Landaluce vs Taylor Fritz match,4815.423150999999,2026-06-11T15:41:08Z,2,2.7499999999999996,4.499999999999998,50.0,0.0,0.0,0,[]
2556493,KXWCGOAL-26JUN18SUIBIH-SUIBEMBOL7-1,same,0,Sports,Breel Embolo: 1+ goals,Breel Embolo: 1+ goals,10459.101551999995,2026-06-18T20:47:24Z,2,2.7499999999999996,3.4999999999999973,100.0,0.0,0.0,0,[]
2466272,KXATPSETWINNER-26JUN09MCCBER-1-MCC,same,0,Sports,Set 1 Winner: McCabe vs Bergs,Will James McCabe win set 1 in the James McCabe vs Zizou Bergs match,1599.089713,2026-06-10T10:11:29Z,2,2.7499999999999996,3.4999999999999973,100.0,0.0,0.0,0,[]
2329021,KXATPSETWINNER-26MAY25FUCBER-1-FUC,same,0,Sports,Set 1 Winner: Fucsovics vs Berrettini,Will Marton Fucsovics win set 1 in the Marton Fucsovics vs Matteo Berrettini match,3386.2771249999996,2026-05-25T10:19:37Z,2,2.749999999999997,3.9999999999999982,50.0,0.0,0.0,0,[]
2363628,KXVANCEMENTION-26MAY28-NUCL,same,0,Mentions,"Will Vance say ""Nuclear"" during Air Force Academy Address?",What will JD Vance say during Commencement Address at the U.S. Air Force Academy?,2377.161237,2026-05-28T18:21:14Z,2,2.749999999999997,3.500000000000003,50.0,0.0,0.0,0,[]
704284,KXUT1D-26-KWES,same,0,Elections,Will Kael Weston be the Democratic nominee for UT-01?,Will Kael Weston be the Democratic nominee for UT-1?,1175.4660329999997,2026-06-24T02:26:00Z,114,2.7473684210526317,41.0,58.77192982456141,3.508771929824561,0.8771929824561403,2,"[1.0, 12.0]"
572847,KXEPLRELEGATION-26-TOT,same,0,Sports,Will Tottenham be relegated from the English Premier League after the 2025–26 season?,Will Tottenham be Relegated from English Premier League in 2025-26 Season?,504400.36135599995,2026-05-24T19:57:03Z,124,2.733064516129032,21.6,51.61290322580645,15.32258064516129,3.225806451612903,6,"[1.0, 3.0, 2.0, 1.0, 1.0, 1.0]"
2305715,KXMD06D-26-DTRO,same,0,Elections,Will David Trone be the Democratic nominee for MD-06?,Will David Trone be the Democratic nominee for MD-06?,25945.70651499999,2026-06-24T03:40:38Z,35,2.7285714285714286,10.0,45.714285714285715,20.0,0.0,5,"[1.0, 1.0, 2.0, 1.0, 1.0]"
2231847,KXPGATOP5-PGC26-MFIT,same,0,Sports,Will Matt Fitzpatrick finish in the Top 5 at the 2026 PGA Championship?,PGA Championship: Will Matt Fitzpatrick finish top 5?,1879.309763,2026-05-18T00:20:24Z,6,2.725,9.0,50.0,16.666666666666664,0.0,1,[1.0]
2158538,KXCS2-IEMATL26-BB,same,0,Sports,Will BetBoom Team win IEM Atlanta 2026?,Will BetBoom Team win IEM Atlanta?,47991.776877,2026-05-17T17:07:18Z,12,2.725,13.15,33.33333333333333,16.666666666666664,8.333333333333332,2,"[1.0, 1.0]"
1390339,KXEUROVISIONRANK-26TOP3-FIN,same,0,Entertainment,Will Finland be in the top 3 at Eurovision 2026?,Will Finland be Top 3?,124372.40265399998,2026-05-16T23:26:22Z,7,2.7142857142857166,6.000000000000005,57.14285714285714,28.57142857142857,0.0,1,[1.0]
1193259,KXSURVIVOR-26DEC31-AUB,same,0,Entertainment,Will Aubry Bracco win Survivor Season 50?,Will Aubry Bracco win Survivor Season 50?,444544.94242400007,2026-05-21T03:07:48Z,98,2.7137755102040817,10.499999999999998,57.14285714285714,17.346938775510203,1.0204081632653061,10,"[1.0, 1.0, 1.0, 3.0, 4.0, 1.0, 1.0, 1.0, 1.0, 2.0]"
1390386,KXEUROVISIONRANK-26TOP5-MAL,same,0,Entertainment,Will Malta be in the top 5 at Eurovision 2026?,Will Malta be Top 5?,18264.10627399999,2026-05-16T23:23:14Z,8,2.7125000000000004,5.5,50.0,12.5,0.0,1,[1.0]
1447717,KXCA04PRIMARY-26-LMAC,same,0,Elections,Will Laurie MacKenzie advance from the CA-04 primary election?,Who will advance from the 2026 CA-04 primary?,1083.73814,2026-06-13T01:15:46Z,26,2.7076923076923074,8.1,53.84615384615385,15.384615384615385,0.0,2,"[4.0, 1.0]"
2305866,KXMDPRIMARY-07D26-KMFU,same,0,Elections,Will Kweisi Mfume be the Democratic nominee for MD-07?,Will Kweisi Mfume be the Democratic nominee for MD-07?,8720.278480999998,2026-06-24T00:35:49Z,27,2.703703703703704,22.499999999999996,48.148148148148145,7.4074074074074066,3.7037037037037033,1,[1.0]
1390423,KXEUROVISIONRANK-26TOP10-LUX,same,0,Entertainment,Will Luxembourg be in the top 10 at Eurovision 2026?,Will Luxembourg be Top 10?,32790.985265,2026-05-16T23:19:02Z,6,2.6999999999999997,3.5000000000000004,83.33333333333334,0.0,0.0,0,[]
2045035,KXMDPRIMARY-05D26-RBAK,same,0,Elections,Will Rushern Baker III be the Democratic nominee for MD-05?,Will Rushern Baker III be the Democratic nominee for MD-05?,7110.224362999999,2026-06-24T01:34:18Z,55,2.6972727272727273,11.899999999999999,58.18181818181818,12.727272727272727,3.6363636363636362,4,"[1.0, 2.0, 1.0, 1.0]"
2231855,KXPGATOP5-PGC26-CGOT,same,0,Sports,Will Chris Gotterup finish in the Top 5 at the 2026 PGA Championship?,PGA Championship: Will Chris Gotterup finish top 5?,4221.2344650000005,2026-05-18T00:20:24Z,6,2.6916666666666664,9.5,33.33333333333333,16.666666666666664,0.0,1,[1.0]
1390424,KXEUROVISIONRANK-26TOP10-MAL,same,0,Entertainment,Will Malta be in the top 10 at Eurovision 2026?,Will Malta be Top 10?,109589.73895999983,2026-05-16T23:19:06Z,8,2.6875,5.499999999999999,50.0,12.5,0.0,1,[1.0]
2231837,KXPGATOP5-PGC26-BDEC,same,0,Sports,Will Bryson DeChambeau finish in the Top 5 at the 2026 PGA Championship?,PGA Championship: Will Bryson DeChambeau finish top 5?,2419.8082910000003,2026-05-16T00:26:23Z,4,2.6875,6.0,50.0,25.0,0.0,1,[1.0]
1448355,KXPAPRIMARY-10D26-JDOU,same,0,Elections,Will Justin Douglas be the Democratic Nominee for PA-10?,Will Justin Douglas be the Democratic nominee for PA-10?,2670.705117,2026-05-20T01:14:24Z,22,2.686363636363636,6.8500000000000005,59.09090909090909,9.090909090909092,0.0,2,"[1.0, 1.0]"
1510492,KXSENATEOKR-26-KHER,same,0,Elections,Will Kevin Hern be the Republican nominee for Senate in Oklahoma?,Will Kevin Hern be the Republican nominee for the Senate in Oklahoma?,16728.78627700001,2026-06-17T01:56:40Z,81,2.6746913580246914,26.5,44.44444444444444,11.11111111111111,2.4691358024691357,7,"[1.0, 1.0, 1.0, 1.0, 1.0, 2.0, 1.0]"
2415424,KXWCROUND-26RO16-CAN,same,0,Sports,Will Canada reach the Round of 16 at the 2026 FIFA World Cup?,Will Canada qualify for FIFA World Cup Round of 16?,117607.50214899996,2026-06-28T21:30:18Z,26,2.673076923076923,21.499999999999996,42.30769230769231,3.8461538461538463,3.8461538461538463,1,[1.0]
2723669,KXWCGOAL-26JUL01BELSEN-BELLTROSS19-1,same,0,Sports,Leandro Trossard: 1+ goals,Leandro Trossard: 1+ goals,29964.742683000004,2026-07-01T22:27:24Z,3,2.666666666666668,3.0000000000000013,100.0,0.0,0.0,0,[]
2231909,KXPGATOP5-PGC26-MMCN,same,0,Sports,Will Maverick McNealy finish in the Top 5 at the 2026 PGA Championship?,PGA Championship: Will Maverick McNealy finish top 5?,1315.105778,2026-05-18T00:20:34Z,6,2.6666666666666674,10.999999999999998,33.33333333333333,16.666666666666664,16.666666666666664,1,[1.0]
2734775,KXWCGOAL-26JUL02ESPAUT-AUTMSABIT20-1,same,0,Sports,Marcel Sabitzer: 1+ goals,Marcel Sabitzer: 1+ goals,27563.305025999984,2026-07-02T21:09:50Z,3,2.6666666666666674,4.5,66.66666666666666,0.0,0.0,0,[]
2734773,KXWCGOAL-26JUL02ESPAUT-ESPLYAMAL10-2,same,0,Sports,Lamine Yamal: 2+ goals,Lamine Yamal: 2+ goals,108756.88311899989,2026-07-02T20:47:24Z,3,2.6666666666666674,4.500000000000001,66.66666666666666,0.0,0.0,0,[]
2231902,KXPGATOP5-PGC26-HMAT,same,0,Sports,Will Hideki Matsuyama finish in the Top 5 at the 2026 PGA Championship?,PGA Championship: Will Hideki Matsuyama finish top 5?,2399.489885,2026-05-18T00:20:33Z,6,2.6666666666666656,11.5,33.33333333333333,16.666666666666664,16.666666666666664,1,[1.0]
2329805,KXWTASETWINNER-26MAY25JONSWI-1-SWI,inverse,0,Sports,Set 1 Winner: Jones vs Swiatek,Will Iga Swiatek win set 1 in the Emerson Jones vs Iga Swiatek match,5545.6662559999995,2026-05-25T10:50:13Z,3,2.666666666666664,4.9999999999999964,33.33333333333333,0.0,0.0,0,[]
679398,KXSENATEIAR-26-JCAR,same,0,Elections,Will Jim Carlin be the Republican nominee for Senate in Iowa?,Will Jim Carlin be the Republican nominee for the Senate in Iowa?,3396.0079370000003,2026-06-03T02:33:17Z,162,2.6509259259259257,42.5,45.06172839506173,6.172839506172839,1.8518518518518516,7,"[2.0, 1.0, 7.0, 1.0, 10.0, 1.0, 1.0]"
943490,KXSENATEORR-26-JPER,same,0,Elections,Will Jo Rae Perkins be the Republican nominee for Senate in Oregon?,Will Jo Rae Perkins be the Republican nominee for the Senate in Oregon?,22973.98276800001,2026-05-23T18:52:36Z,25,2.637999999999999,6.5,56.00000000000001,16.0,0.0,3,"[2.0, 1.0, 1.0]"
839431,KXWCGROUPWIN-26E-CIV,same,0,Sports,Will Ivory Coast win Group E in the 2026 FIFA World Cup?,Will Ivory Coast finish first in World Cup Group E?,403973.56302399735,2026-06-21T13:41:42Z,151,2.637417218543046,13.25,56.95364238410596,4.635761589403973,0.6622516556291391,4,"[3.0, 15.0, 6.0, 1.0]"
1087759,KXFOWOMEN-26-SWI,same,0,Sports,Will Iga Świątek win the 2026 Women’s French Open?,Will Iga Swiatek win the French Open?,173188.95483899998,2026-05-31T13:50:19Z,86,2.627906976744186,11.5,48.837209302325576,15.11627906976744,2.3255813953488373,9,"[1.0, 3.0, 1.0, 2.0, 1.0, 4.0, 1.0, 1.0, 1.0]"
2231923,KXPGATOP10-PGC26-KBRA,same,0,Sports,Will Keegan Bradley finish in the Top 10 at the 2026 PGA Championship?,PGA Championship: Will Keegan Bradley finish top 10?,1265.62365,2026-05-16T00:26:07Z,4,2.625,5.000000000000002,50.0,25.0,0.0,1,[1.0]
2231940,KXPGATOP10-PGC26-THD,same,0,Sports,Will Thomas Detry finish in the Top 10 at the 2026 PGA Championship?,PGA Championship: Will Thomas Detry finish top 10?,1519.823562,2026-05-16T00:26:15Z,4,2.625,7.499999999999998,50.0,25.0,0.0,1,[1.0]
2045032,KXMDPRIMARY-05D26-NWIL,same,0,Elections,Will Nicole Williams be the Democratic nominee for MD-05?,Will Nicole Williams be the Democratic nominee for MD-05?,2159.131967,2026-06-24T01:34:18Z,43,2.624418604651163,26.849999999999994,25.581395348837212,9.30232558139535,4.651162790697675,1,[1.0]
1427289,KXCO03R-26-HSCH,same,0,Elections,Will Hope Scheppelman be the Republican nominee for CO-03?,Will Hope Scheppelman be the Republican nominee for CO-03?,8312.030031000004,2026-07-01T01:39:01Z,87,2.620114942528736,20.0,47.12643678160919,10.344827586206897,3.4482758620689653,5,"[1.0, 1.0, 1.0, 1.0, 1.0]"
2305863,KXMDPRIMARY-07D26-MCON,same,0,Elections,Will Mark Conway be the Democratic nominee for MD-07?,Will Mark Conway be the Democratic nominee for MD-07?,2377.528728,2026-06-24T00:35:49Z,25,2.616,7.55,56.00000000000001,8.0,0.0,2,"[1.0, 1.0]"
2415440,KXWCROUND-26RO16-PAR,same,0,Sports,Will Paraguay reach the Round of 16 at the 2026 FIFA World Cup?,Will Paraguay qualify for FIFA World Cup Round of 16?,67784.57711799997,2026-06-29T23:49:55Z,27,2.611111111111111,13.999999999999998,48.148148148148145,11.11111111111111,3.7037037037037033,3,"[1.0, 1.0, 1.0]"
703849,KXNY10D-26-YNIO,same,0,Elections,Will Yuh-Line Niou be the Democratic nominee for NY-10?,Will Yuh-Line Niou be the Democratic nominee for NY-10?,2468.900924,2026-06-24T01:08:53Z,108,2.605555555555556,47.0,37.96296296296296,12.037037037037036,0.9259259259259258,5,"[1.0, 2.0, 3.0, 5.0, 2.0]"
1390369,KXEUROVISIONRANK-26TOP5-CRO,same,0,Entertainment,Will Croatia be in the top 5 at Eurovision 2026?,Will Croatia be Top 5?,23476.415171999994,2026-05-16T23:23:15Z,8,2.6,5.0,50.0,0.0,0.0,1,[3.0]
2045025,KXMDPRIMARY-05D26-HLUP,same,0,Elections,Will Heather Luper be the Democratic nominee for MD-05?,Will Heather Luper be the Democratic nominee for MD-05?,1108.732682,2026-06-24T01:34:18Z,33,2.592424242424242,20.75,12.121212121212121,9.090909090909092,3.0303030303030303,2,"[2.0, 1.0]"
704287,KXUT1D-26-BKIN,same,0,Elections,Will Brian King be the Democratic nominee for UT-01?,Will Brian King be the Democratic nominee for UT-1?,1794.5456289999997,2026-06-24T02:26:00Z,110,2.5895454545454553,41.0,49.09090909090909,0.9090909090909091,0.9090909090909091,1,[1.0]
2232046,KXPGATOP20-PGC26-HENG,same,0,Sports,Will Harris English finish in the Top 20 at the 2026 PGA Championship?,PGA Championship: Will Harris English finish top 20?,1122.0945510000001,2026-05-18T00:21:03Z,6,2.5833333333333344,8.000000000000002,66.66666666666666,16.666666666666664,0.0,1,[1.0]
2415437,KXWCUSAOPPONENT-26R16-NO,inverse,0,Sports,Will USA reach the Round of 16 at the 2026 FIFA World Cup?,Will the USA not make the Round of 16 in the 2026 Men's FIFA World Cup?,313924.72087000066,2026-07-02T03:56:17Z,6,2.583333333333334,5.000000000000004,50.0,16.666666666666664,0.0,1,[2.0]
787524,KXNYPRIMARY-04D26-LGIL,same,0,Elections,Will Laura Gillen be the Democratic nominee for NY-04?,Will Laura Gillen be the Democratic nominee for NY-04?,15512.300909000016,2026-06-22T21:04:52Z,36,2.573611111111111,6.500000000000005,52.77777777777778,19.444444444444446,0.0,2,"[6.0, 2.0]"
703848,KXNY10D-26-CKAS,same,0,Elections,Will Cameron Kasky be the Democratic nominee for NY-10?,Will Cameron Kasky be the Democratic nominee for NY-10?,2434.7380070000004,2026-06-24T01:08:53Z,112,2.5723214285714286,42.5,67.85714285714286,0.8928571428571428,0.8928571428571428,1,[1.0]
824243,KXGOVNMNOMD-26-KMIY,same,1,Elections,Will Ken Miyagishima win the 2026 New Mexico Governor Democratic primary election?,Will Ken Miyagishima be the Democratic nominee for Governor in New Mexico?,3459.476005,2026-06-03T02:34:20Z,99,2.5681818181818183,6.5,41.41414141414141,16.161616161616163,0.0,1,[30.0]
695086,KXNY12D-26-LKHA,same,0,Elections,Will Lina Khan be the democratic nominee for NY-12?,Will Lina Khan be the Democratic nominee for NY-12?,42435.60883199999,2026-06-24T02:09:47Z,138,2.5644927536231883,25.8,51.449275362318836,5.072463768115942,1.4492753623188406,1,[1.0]
703847,KXNY10D-26-AAVI,same,0,Elections,Will Alexa Avilés be the Democratic nominee for NY-10?,Will Alexa Avilés be the Democratic nominee for NY-10?,2289.9312900000004,2026-06-24T01:08:53Z,98,2.563265306122449,47.0,44.89795918367347,7.142857142857142,3.061224489795918,3,"[1.0, 1.0, 1.0]"
1390415,KXEUROVISIONRANK-26TOP10-FRA,same,0,Entertainment,Will France be in the top 10 at Eurovision 2026?,Will France be Top 10?,153983.37312500007,2026-05-16T23:18:40Z,8,2.5624999999999996,4.0000000000000036,87.5,0.0,0.0,0,[]
2731778,KXPGATOP5-JODC26-KNAK,same,0,Sports,Will Keita Nakajima finish in the Top 5 at the 2026 John Deere Classic?,John Deere Classic: Will Keita Nakajima finish top 5?,2329.9500000000003,2026-07-05T22:59:53Z,6,2.5583333333333336,6.9,33.33333333333333,33.33333333333333,0.0,1,[1.0]
2183563,KXTOPSONG-26MAY16-DOO,same,0,Entertainment,"Will ""Doors - Noah Kahan"" be the Billboard Hot 100 #1 song for the week of May 16?","Will Doors be #1 on the Billboard Hot 100 during the week of May 16, 2026",1689.221833,2026-05-11T03:59:00Z,2,2.55,5.0,50.0,0.0,0.0,1,[1.0]
2640713,KXPGATOP10-TRAV26-THOG,same,0,Sports,Will Tom Hoge finish in the Top 10 at the 2026 Travelers Championship?,Travelers Championship: Will Tom Hoge finish top 10?,1461.03317,2026-06-29T14:19:56Z,6,2.541666666666667,6.4,50.0,16.666666666666664,0.0,1,[1.0]
2231890,KXPGATOP5-PGC26-WKIM,same,0,Sports,Will Si Woo Kim finish in the Top 5 at the 2026 PGA Championship?,PGA Championship: Will Si Woo Kim finish top 5?,2110.5827390000004,2026-05-18T00:20:26Z,6,2.5333333333333337,9.5,33.33333333333333,16.666666666666664,0.0,1,[1.0]
1390421,KXEUROVISIONRANK-26TOP10-LAT,same,0,Entertainment,Will Latvia be in the top 10 at Eurovision 2026?,Will Latvia be Top 10?,6910.128253999999,2026-05-16T23:18:53Z,6,2.516666666666667,4.000000000000001,83.33333333333334,0.0,0.0,0,[]
2329076,KXATPSETWINNER-26MAY25SPITIA-1-TIA,inverse,0,Sports,Set 1 Winner: Spizzirri vs Tiafoe,Will Frances Tiafoe win set 1 in the Eliot Spizzirri vs Frances Tiafoe match,2112.236023,2026-05-25T11:39:25Z,3,2.500000000000005,4.000000000000006,66.66666666666666,0.0,0.0,0,[]
2335371,KXVALORANTMAP-26MAY230400NSGE-2-NS,inverse,0,Sports,Valorant: Global Esports vs Nongshim RedForce - Map 2 Winner,Will Nongshim RedForce win map 2 in the Nongshim RedForce vs. Global Esports match?,13039.336903999996,2026-05-24T10:01:26Z,2,2.500000000000002,3.500000000000003,50.0,0.0,0.0,0,[]
2732723,KXATPSETWINNER-26JUL01JODCAR-1-JOD,same,0,Sports,Set 1 Winner: Jodar vs Busta,Will Rafael Jodar win set 1 in the Rafael Jodar vs Pablo Carreno Busta match,4592.937836,2026-07-01T18:26:40Z,2,2.5000000000000018,4.5000000000000036,50.0,0.0,0.0,0,[]
2703814,KXATPSETWINNER-26JUN29RUBSAF-2-SAF,inverse,0,Sports,Set 2 Winner: Rublev vs Safiullin,Will Roman Safiullin win set 2 in the Andrey Rublev vs Roman Safiullin match,2821.321235,2026-06-29T12:14:09Z,2,2.5000000000000018,4.999999999999993,50.0,0.0,0.0,0,[]
2613319,KXWCGOAL-26JUN22NORSEN-NORANUSA7-1,same,0,Sports,Antonio Nusa: 1+ goals,Antonio Nusa: 1+ goals,2641.8139769999993,2026-06-23T01:29:55Z,2,2.5000000000000018,3.0000000000000027,100.0,0.0,0.0,0,[]
2610445,KXWCGOAL-26JUN22FRAIRQ-FRAKMBAPP10-1,same,0,Sports,Kylian Mbappé: 1+ goals,Kylian Mbappe: 1+ goals,275513.3420899999,2026-06-22T21:36:44Z,2,2.5000000000000018,4.5000000000000036,50.0,0.0,0.0,0,[]
2494495,KXWCGOAL-26JUN13QATSUI-SUIGXHAKA34-1,same,0,Sports,Granit Xhaka: 1+ goals,Granit Xhaka: 1+ goals,6541.633892999999,2026-06-13T21:14:52Z,2,2.500000000000001,4.000000000000001,50.0,0.0,0.0,0,[]
2294260,KXPGATOUR-THCCBN26-SSCH,same,0,Sports,Will Scottie Scheffler win the 2026 THE CJ CUP Byron Nelson?,Will Scottie Scheffler win the THE CJ CUP Byron Nelson?,135977.18788999988,2026-05-24T23:51:25Z,6,2.5000000000000004,10.0,16.666666666666664,16.666666666666664,0.0,1,[1.0]
2493882,KXWCGOAL-26JUN16FRASEN-SENSMANE10-1,same,0,Sports,Sadio Mané: 1+ goals,Sadio Mane: 1+ goals,4327.276873000001,2026-06-16T21:15:09Z,2,2.5,5.0,50.0,0.0,0.0,0,[]
2494162,KXWCGOAL-26JUN14CIVECU-CIVADIALL16-1,same,0,Sports,Amad Diallo: 1+ goals,Amad Diallo: 1+ goals,3720.5707639999996,2026-06-15T01:20:40Z,2,2.5,3.0000000000000013,50.0,0.0,0.0,0,[]
2232085,KXPGATOP20-PGC26-DUJ,same,0,Sports,Will Dustin Johnson finish in the Top 20 at the 2026 PGA Championship?,PGA Championship: Will Dustin Johnson finish top 20?,1364.493666,2026-05-18T00:21:18Z,6,2.5,4.5,66.66666666666666,0.0,0.0,0,[]
2586839,KXWCGOAL-26JUN20GERCIV-GERFWIRTZ7-2,same,0,Sports,Florian Wirtz: 2+ goals,Florian Wirtz: 2+ goals,1606.7925,2026-06-20T22:04:49Z,2,2.5,5.0,50.0,0.0,0.0,0,[]
2493596,KXWCGOAL-26JUN17PORCOD-CODCBAKAM11-1,same,0,Sports,Cédric Bakambu: 1+ goals,Cedric Bakambu: 1+ goals,1449.899832,2026-06-17T18:50:32Z,2,2.5,3.5000000000000004,50.0,0.0,0.0,0,[]
2493593,KXWCGOAL-26JUN17PORCOD-PORBFERNA8-3,same,0,Sports,Bruno Fernandes: 3+ goals,Bruno Fernandes: 3+ goals,1176.08811,2026-06-17T19:25:55Z,2,2.5,3.05,50.0,0.0,0.0,0,[]
2565234,KXWCAST-26JUN18CZERSA-CZEPSCHIC14-1,same,0,Sports,Patrik Schick: 1+ assists,Patrik Schick: 1+ assists?,1715.2769999999998,2026-06-18T18:04:46Z,2,2.5,3.0,100.0,0.0,0.0,0,[]
2232004,KXPGATOP10-PGC26-HMAT,same,0,Sports,Will Hideki Matsuyama finish in the Top 10 at the 2026 PGA Championship?,PGA Championship: Will Hideki Matsuyama finish top 10?,4620.965025000004,2026-05-18T00:20:53Z,6,2.4999999999999996,4.999999999999999,50.0,0.0,0.0,0,[]
2520890,KXWCAST-26JUN15BELEGY-BELJDOKU11-1,same,0,Sports,Jeremy Doku: 1+ assists,Jeremy Doku: 1+ assists?,2973.6577710000006,2026-06-15T20:47:21Z,2,2.4999999999999996,3.0,50.0,0.0,0.0,0,[]
2415460,KXWCROUND-26RO16-EGY,same,0,Sports,Will Egypt reach the Round of 16 at the 2026 FIFA World Cup?,Will Egypt qualify for FIFA World Cup Round of 16?,129108.184636,2026-07-03T21:09:47Z,31,2.499999999999999,6.5,54.83870967741935,12.903225806451612,0.0,3,"[1.0, 2.0, 2.0]"
2494036,KXWCGOAL-26JUN15BELEGY-EGYMSALAH11-1,same,0,Sports,Mohamed Salah: 1+ goals,Mohamed Salah: 1+ goals,9934.4704,2026-06-15T20:40:21Z,2,2.4999999999999982,3.9999999999999982,50.0,0.0,0.0,0,[]
2329697,KXWTASETWINNER-26MAY25SVIBON-1-SVI,same,0,Sports,Set 1 Winner: Svitolina vs Bondar,Will Elina Svitolina win set 1 in the Elina Svitolina vs Anna Bondar match,2029.579795,2026-05-25T12:50:39Z,3,2.4999999999999982,2.500000000000002,100.0,0.0,0.0,0,[]
2262799,KXLARSENR1-26MAY16-JLET,same,0,Elections,Will Julia Letlow finish first in the first round of the Louisiana Republican Senate primary?,Will Julia Letlow win the first round of the 2026 Louisiana Senate Republican primary?,17427.406518999996,2026-05-17T13:10:36Z,2,2.4999999999999964,3.399999999999992,50.0,0.0,0.0,0,[]
2736341,KXATPSETWINNER-26JUL01RINDAM-1-RIN,same,0,Sports,Set 1 Winner: Rinderknech vs Damm,Will Arthur Rinderknech win set 1 in the Arthur Rinderknech vs Martin Damm Jr match,2560.2089650000003,2026-07-01T14:02:19Z,2,2.4999999999999964,3.500000000000003,50.0,0.0,0.0,0,[]
824265,KXGOVNMNOMR-26-MMUR,same,1,Elections,Will Mark Murphy win the 2026 New Mexico Governor Republican primary election?,Will Mark Murphy be the Republican nominee for Governor in New Mexico?,17912.078295,2026-06-03T04:03:59Z,95,2.4978947368421056,6.5,67.36842105263158,1.0526315789473684,0.0,2,"[1.0, 4.0]"
678929,KXSEOULMAYOR-26JUN03-OSEH,same,0,Elections,Will Oh Se-hoon win the 2026 Seoul Mayoral Election,Will Oh Se-hoon win the 2026 Seoul mayoral election?,7267637.774252003,2026-06-04T17:50:06Z,158,2.4952531645569627,28.4,53.16455696202531,7.59493670886076,1.2658227848101267,8,"[1.0, 4.0, 1.0, 1.0, 4.0, 1.0, 1.0, 1.0]"
1343558,KXNHLDRAFTPICK-26-1-KVER,same,0,Sports,Will Keaton Verhoeff be drafted 1st overall in the 2026 NHL Draft?,Will Keaton Verhoeff be picked 1st in the NHL Draft?,38736.09870999999,2026-06-26T23:28:10Z,29,2.4948275862068967,7.95,55.172413793103445,3.4482758620689653,0.0,1,[1.0]
959245,KXKYPRIMARY-06R26-RDOT,same,0,Elections,Will Ryan Dotson be the Republican Nominee for KY-06?,Will Ryan Dotson be the Republican nominee for KY-06?,10927.743121999996,2026-05-20T01:13:05Z,20,2.48,5.699999999999999,60.0,5.0,0.0,1,[1.0]
1835808,KXANIMEBVAPJ-26-CHIA,same,0,Entertainment,Will Chiaki Kobayashi as Yoshiki Tsujinaka (The Summer Hikaru Died) win Best Anime Voice Artist Performance (Japanese) at the 2026 Crunchyroll Anime Awards?,2026 Crunchyroll Anime Award for Best Anime Voice Artist Performance (Japanese)?,7236.781850000001,2026-05-23T15:51:42Z,22,2.4750000000000005,5.35,81.81818181818183,4.545454545454546,0.0,1,[1.0]
2471305,KXPGATOP5-RBBCAN26-APUT,same,0,Sports,Will Andrew Putnam finish in the Top 5 at the 2026 RBC Canadian Open?,RBC Canadian Open: Will Andrew Putnam finish top 5?,1138.83,2026-06-13T00:10:43Z,4,2.475,8.0,25.0,25.0,0.0,0,[]
1419989,KXIAPRIMARY-02D26-CTWE,same,0,Elections,Will Clint Twedt-Ball be the Democratic Nominee for IA-02?,Will Clint Twedt-Ball be the Democratic nominee for IA-02?,2434.462775,2026-06-03T02:36:42Z,8,2.4625000000000004,6.5,50.0,25.0,0.0,0,[]
959244,KXKYPRIMARY-06R26-RALV,same,0,Elections,Will Ralph Alvarado be the Republican Nominee for KY-06?,Will Ralph Alvarado be the Republican nominee for KY-06?,11653.970126000007,2026-05-20T01:13:05Z,33,2.4590909090909094,11.000000000000004,51.515151515151516,15.151515151515152,3.0303030303030303,3,"[3.0, 1.0, 1.0]"
2044370,KXNJ07D-26-TSHA,same,0,Elections,Will Tina Shah be the Democratic nominee for NJ-07?,Will Tina Shah be the Democratic nominee for New Jersey's 7th Congressional District?,1106.819327,2026-06-03T02:31:30Z,40,2.4575000000000005,7.799999999999999,42.5,10.0,0.0,1,[5.0]
2314461,KXNJPRIMARY-10D26-LMCI,same,0,Elections,Will LaMonica McIver be the Democratic nominee for NJ-10?,Will LaMonica McIver be the Democratic nominee for NJ-10?,3828.5104860000024,2026-06-03T02:26:04Z,13,2.450000000000003,6.000000000000005,38.46153846153847,23.076923076923077,0.0,2,"[1.0, 2.0]"
1066080,KXNBADRAFT1-26-CBOO,same,0,Sports,Will Cameron Boozer be the first pick in the 2026 NBA draft?,Who will be picked first in the Pro Men's Basketball Draft?,187833.3795820001,2026-06-24T00:11:14Z,165,2.4454545454545453,14.500000000000002,39.39393939393939,11.515151515151516,4.242424242424243,6,"[5.0, 1.0, 1.0, 1.0, 1.0, 2.0]"
2236230,KXCHESSNORWAY-26-PRAM,same,0,Sports,Will Praggnanandhaa Rameshbabu win Norway Chess 2026?,Will Praggnanandhaa Rameshbabu win the 2026 Men's Norway Chess?,41907.66634599999,2026-06-05T19:51:01Z,24,2.4375,5.6499999999999995,62.5,4.166666666666666,0.0,1,[1.0]
1390371,KXEUROVISIONRANK-26TOP5-CZE,same,0,Entertainment,Will Czechia be in the top 5 at Eurovision 2026?,Will Czechia be Top 5?,5989.3809500000025,2026-05-16T23:23:16Z,8,2.425,4.5,62.5,0.0,0.0,0,[]
678930,KXSEOULMAYOR-26JUN03-NKYU,same,0,Elections,Will Na Kyung-won win the 2026 Seoul Mayoral Election,Will Na Kyung-won win the 2026 Seoul mayoral election?,3553451.484501993,2026-06-04T17:50:06Z,138,2.419565217391304,91.05,31.15942028985507,2.898550724637681,0.7246376811594203,2,"[3.0, 1.0]"
2231927,KXPGATOP10-PGC26-SBUR,same,0,Sports,Will Sam Burns finish in the Top 10 at the 2026 PGA Championship?,PGA Championship: Will Sam Burns finish top 10?,1422.324377,2026-05-18T00:20:43Z,6,2.4166666666666665,4.5,66.66666666666666,0.0,0.0,0,[]
1390336,KXEUROVISIONRANK-26TOP3-CZE,same,0,Entertainment,Will Czechia be in the top 3 at Eurovision 2026?,Will Czechia be Top 3?,1489.499737,2026-05-16T23:26:22Z,6,2.4166666666666665,5.85,50.0,16.666666666666664,0.0,0,[]
1087513,KXFOMEN-26-SIN,same,0,Sports,Will Jannik Sinner win the 2026 Men's French Open?,Will Jannik Sinner win the French Open?,1261923.7268979964,2026-05-28T13:48:45Z,80,2.4,22.500000000000004,35.0,6.25,6.25,1,[5.0]
2231815,KXPGATOP5-PGC26-DEB,same,0,Sports,Will Derek Berg finish in the Top 5 at the 2026 PGA Championship?,PGA Championship: Will Derek Berg finish top 5?,2094.609251,2026-05-16T00:26:29Z,4,2.4,9.049999999999999,25.0,25.0,0.0,1,[1.0]
1420495,KXIAPRIMARY-01D26-CBOH,same,0,Elections,Will Christina Bohannan be the Democratic Nominee for IA-01?,Will Christina Bohannan be the Democratic nominee for IA-01?,17167.448783000018,2026-06-03T02:35:35Z,36,2.3888888888888866,7.899999999999996,58.333333333333336,5.555555555555555,0.0,1,[1.0]
2732059,KXPGATOP20-JODC26-BCAM,same,0,Sports,Will Brian Campbell finish in the Top 20 at the 2026 John Deere Classic?,John Deere Classic: Will Brian Campbell finish top 20?,1185.2079999999999,2026-07-04T01:10:06Z,4,2.3875000000000006,4.000000000000001,50.0,0.0,0.0,0,[]
824242,KXGOVNMNOMD-26-DHAA,same,1,Elections,Will Deb Haaland win the 2026 New Mexico Governor Democratic primary election?,Will Deb Haaland be the Democratic nominee for Governor in New Mexico?,29955.66786399999,2026-06-03T02:34:20Z,151,2.3850993377483443,12.5,54.3046357615894,5.960264900662252,0.6622516556291391,4,"[1.0, 8.0, 1.0, 3.0]"
1833967,KXANIMEBOA-26-DIG,same,0,Entertainment,"Will ""DIGIMON BEATBREAK"" win Best Original Anime at the 2026 Crunchyroll Anime Awards?",2026 Crunchyroll Anime Award for Best Original Anime?,5197.508005999999,2026-05-23T15:37:07Z,31,2.379032258064516,6.499999999999999,58.06451612903226,3.225806451612903,0.0,1,[1.0]
1390372,KXEUROVISIONRANK-26TOP5-DEN,same,0,Entertainment,Will Denmark be in the top 5 at Eurovision 2026?,Will Denmark be Top 5?,129568.54477399995,2026-05-16T23:23:14Z,8,2.375000000000001,8.999999999999996,25.0,12.5,0.0,1,[1.0]
2693025,KXWCGOAL-26JUN27JORARG-ARGLMESSI10-3,same,0,Sports,Lionel Messi: 3+ goals,Lionel Messi: 3+ goals,30406.934220000006,2026-06-28T04:14:47Z,2,2.375,4.25,50.0,0.0,0.0,0,[]
1390419,KXEUROVISIONRANK-26TOP10-ISR,same,0,Entertainment,Will Israel be in the top 10 at Eurovision 2026?,Will Israel be Top 10?,113526.09860799983,2026-05-16T23:16:11Z,8,2.374999999999999,5.999999999999995,62.5,12.5,0.0,1,[2.0]
1892309,KXCS2-IEMCOL26-FAL,same,0,Sports,Will Falcons win IEM Cologne Major 2026?,Will Team Falcons win IEM Cologne?,1705204.3942230009,2026-06-21T18:10:39Z,21,2.366666666666667,4.5,71.42857142857143,0.0,0.0,0,[]
2723670,KXWCGOAL-26JUL01BELSEN-BELLTROSS19-2,same,0,Sports,Leandro Trossard: 2+ goals,Leandro Trossard: 2+ goals,8469.617599,2026-07-01T22:27:24Z,3,2.3666666666666667,5.5,33.33333333333333,33.33333333333333,0.0,1,[1.0]
1419986,KXIAPRIMARY-02D26-LJAM,same,0,Elections,Will Lindsay James be the Democratic Nominee for IA-02?,Will Lindsay James be the Democratic nominee for IA-02?,6279.410164999999,2026-06-03T02:36:42Z,31,2.3532258064516083,9.999999999999998,41.935483870967744,6.451612903225806,0.0,2,"[1.0, 1.0]"
704455,KXNE2R-26-DFRE,same,0,Elections,Will Dan Frei be the Republican nominee for NE-02?,Will Dan Frei be the Republican nominee for NE-2?,10574.355537000009,2026-05-13T02:39:42Z,135,2.351481481481482,11.0,53.333333333333336,9.62962962962963,1.4814814814814816,5,"[1.0, 2.0, 1.0, 4.0, 5.0]"
695100,KXNY12D-26-GCON,same,0,Elections,Will George Conway be the democratic nominee for NY-12?,Will George Conway be the Democratic nominee for NY-12?,16030.098139000007,2026-06-24T02:09:47Z,142,2.340845070422535,14.75,38.028169014084504,10.56338028169014,3.5211267605633805,7,"[3.0, 2.0, 1.0, 1.0, 1.0, 1.0, 1.0]"
2236232,KXCHESSNORWAY-26-MCAR,same,0,Sports,Will Magnus Carlsen win Norway Chess 2026?,Will Magnus Carlsen win the 2026 Men's Norway Chess?,84984.27194200006,2026-06-05T19:51:01Z,23,2.3391304347826063,6.999999999999995,52.17391304347826,13.043478260869565,0.0,2,"[2.0, 2.0]"
703950,KXME02D-26-PLOU,same,0,Elections,Will Paige Loud be the Democratic nominee for ME-02?,Will Paige Loud be the Democratic nominee for ME-02?,2542.8967480000006,2026-06-19T12:33:39Z,30,2.3366666666666664,15.6,30.0,10.0,3.3333333333333335,3,"[1.0, 1.0, 1.0]"
2162791,KXEPLBTTS-26MAY17AVLLFC,same,0,Sports,Aston Villa FC vs. Liverpool FC: Both Teams to Score,Liverpool at Aston Villa: Both Teams to Score,243613.0264829999,2026-05-15T21:01:14Z,9,2.3333333333333366,8.000000000000007,33.33333333333333,22.22222222222222,0.0,1,[2.0]
2455362,KXATPSETWINNER-26JUN08VIRMAJ-1-VIR,same,0,Sports,Set 1 Winner: Virtanen vs Majchrzak,Will Otto Virtanen win set 1 in the Otto Virtanen vs Kamil Majchrzak match,16944.419324,2026-06-10T10:05:47Z,3,2.3333333333333353,4.5000000000000036,33.33333333333333,0.0,0.0,0,[]
2231975,KXPGATOP10-PGC26-NHOJ,same,0,Sports,Will Nicolai Hojgaard finish in the Top 10 at the 2026 PGA Championship?,PGA Championship: Will Nicolai Hojgaard finish top 10?,1126.3405870000001,2026-05-18T00:20:52Z,6,2.3333333333333326,6.999999999999999,16.666666666666664,16.666666666666664,0.0,1,[1.0]
2329263,KXATPSETWINNER-26MAY25WALMED-1-WAL,same,0,Sports,Set 1 Winner: Walton vs Medvedev,Will Adam Walton win set 1 in the Adam Walton vs Daniil Medvedev match,3110.5224580000004,2026-05-26T09:50:22Z,3,2.3333333333333326,3.0,66.66666666666666,0.0,0.0,0,[]
1892306,KXCS2-IEMCOL26-NAVI,same,0,Sports,Will Natus Vincere win IEM Cologne Major 2026?,Will Natus Vincere win IEM Cologne?,950686.3981649973,2026-06-16T00:32:23Z,14,2.3214285714285716,4.45,71.42857142857143,0.0,0.0,0,[]
1554094,KXNEWARKMAYOR-26-RBAR,same,0,Elections,Will Ras Baraka win the Newark mayoral election?,Who will win the 2026 Newark mayoral election (including any runoffs)?,5893.611960000004,2026-05-13T14:46:27Z,33,2.31969696969697,9.499999999999996,45.45454545454545,9.090909090909092,0.0,2,"[2.0, 2.0]"
564161,KXNBAMVP-26-NJOK,same,0,Sports,Will Nikola Jokic win the 2025–2026 NBA MVP?,Who will win MVP?,5006819.631420108,2026-05-17T23:50:57Z,279,2.319175627240144,37.0,45.878136200716845,7.885304659498208,0.7168458781362007,13,"[1.0, 5.0, 2.0, 1.0, 7.0, 1.0, 1.0, 1.0, 3.0, 1.0, 1.0, 1.0, 1.0]"
2236231,KXCHESSNORWAY-26-GDOM,same,0,Sports,Will Gukesh Dommaraju win Norway Chess 2026?,Will Gukesh Dommaraju win the 2026 Men's Norway Chess?,12770.482793,2026-06-05T19:51:01Z,23,2.315217391304348,7.000000000000001,39.130434782608695,17.391304347826086,0.0,2,"[2.0, 1.0]"
1343556,KXNHLDRAFTPICK-26-1-GMCK,same,0,Sports,Will Gavin McKenna be drafted 1st overall in the 2026 NHL Draft?,Will Gavin McKenna be picked 1st in the NHL Draft?,73715.64972799997,2026-06-26T23:28:10Z,52,2.30576923076923,10.499999999999998,50.0,9.615384615384617,1.9230769230769231,3,"[1.0, 3.0, 1.0]"
2493952,KXWCGOAL-26JUN15KSAURU-URUDNUNEZ7-3,same,0,Sports,Darwin Núñez: 3+ goals,Darwin Nunez: 3+ goals,5250.767613,2026-06-15T23:10:11Z,2,2.3,3.15,50.0,0.0,0.0,0,[]
706235,KXSENATEORD-26-JRYA,same,0,Elections,Will Jacob Ryan be the Democratic nominee for Senate in Oregon?,Will Jacob Ryan be the Democratic nominee for the Senate in Oregon?,13360.130199000001,2026-05-20T03:06:00Z,139,2.2931654676258995,40.0,31.654676258992804,10.071942446043165,0.7194244604316548,2,"[1.0, 10.0]"
2306036,KXNYPRIMARY-21R26-RSMU,same,0,Elections,Will Robert Smullen be the Republican nominee for NY-21?,Will Robert Smullen be the Republican nominee for NY-21?,12651.566826000002,2026-06-24T02:31:34Z,33,2.287878787878788,7.000000000000001,42.42424242424242,9.090909090909092,0.0,1,[1.0]
906913,KXGOVSCNOMD-26-MMCL,same,1,Elections,Will Mullins McLeod win the 2026 South Carolina Governor Democratic primary election?,Will Mullins McLeod be the Democratic nominee for Governor in South Carolina?,10260.604597999998,2026-06-10T01:14:45Z,61,2.287704918032787,5.2,52.459016393442624,1.639344262295082,0.0,1,[1.0]
1390422,KXEUROVISIONRANK-26TOP10-LIT,same,0,Entertainment,Will Lithuania be in the top 10 at Eurovision 2026?,Will Lithuania be Top 10?,74735.95129400001,2026-05-16T23:18:58Z,8,2.2812500000000004,6.000000000000001,37.5,12.5,0.0,1,[1.0]
703894,KXNY17D-26-JSUL,same,0,Elections,Will John Sullivan be the Democratic nominee for NY-17?,Will John Sullivan be the Democratic nominee for NY-17?,2434.648333,2026-06-24T01:48:45Z,114,2.2811403508771932,49.0,49.122807017543856,8.771929824561402,0.8771929824561403,2,"[1.0, 9.0]"
2232108,KXPGATOP20-PGC26-MMCG,same,0,Sports,Will Max McGreevy finish in the Top 20 at the 2026 PGA Championship?,PGA Championship: Will Max McGreevy finish top 20?,1510.6745,2026-05-16T00:25:58Z,4,2.2749999999999995,6.0,25.0,25.0,0.0,1,[1.0]
1087761,KXFOWOMEN-26-GAU,same,0,Sports,Will Coco Gauff win the 2026 Women’s French Open?,Will Coco Gauff win the French Open?,79861.706645,2026-05-30T21:11:14Z,83,2.2650602409638556,9.000000000000002,46.98795180722892,7.228915662650602,0.0,4,"[1.0, 1.0, 1.0, 1.0]"
2553641,KXPGATOP5-USO26-KREI,same,0,Sports,Will Kristoffer Reitan finish in the Top 5 at the 2026 U.S. Open?,U.S. Open: Will Kristoffer Reitan finish top 5?,2371.1530449999996,2026-06-20T01:12:11Z,4,2.2625,6.0,25.0,25.0,0.0,0,[]
1390436,KXEUROVISIONRANK-26TOP10-UNI,same,0,Entertainment,Will United Kingdom be in the top 10 at Eurovision 2026?,Will United Kingdom be Top 10?,43624.367688000006,2026-05-16T23:19:47Z,8,2.25625,4.0,62.5,0.0,0.0,0,[]
1349000,KXTXPRIMARY-38R26-SDEZ,same,0,Elections,Will Shelly deZevallos be the Republican Nominee for TX-38?,Will Shelly DeZevallos be the Republican nominee for TX-38?,4186.320199999998,2026-05-27T01:14:09Z,77,2.255844155844156,10.500000000000002,42.857142857142854,9.090909090909092,2.5974025974025974,5,"[2.0, 4.0, 1.0, 3.0, 1.0]"
2455317,KXATPSETWINNER-26JUN08ALTTIA-1-TIA,inverse,0,Sports,Set 1 Winner: Altmaier vs Tiafoe,Will Frances Tiafoe win set 1 in the Daniel Altmaier vs Frances Tiafoe match,2794.715251,2026-06-09T15:52:44Z,2,2.250000000000002,2.500000000000008,50.0,0.0,0.0,0,[]
2704384,KXATPSETWINNER-26JUN29SINKEC-1-SIN,same,0,Sports,Set 1 Winner: Sinner vs Kecmanovic,Will Jannik Sinner win set 1 in the Jannik Sinner vs Miomir Kecmanovic match,5932.973651000001,2026-06-29T13:24:27Z,2,2.2500000000000018,3.500000000000003,50.0,0.0,0.0,0,[]
2351471,KXWTASETWINNER-26MAY27SNISTE-1-STE,inverse,0,Sports,Set 1 Winner: Snigur vs Stearns,Will Peyton Stearns win set 1 in the Daria Snigur vs Peyton Stearns match,9182.356583,2026-05-27T11:59:13Z,2,2.2500000000000018,2.500000000000002,100.0,0.0,0.0,0,[]
2704142,KXATPSETWINNER-26JUN29KWONLAN-1-LAN,inverse,0,Sports,Set 1 Winner: Kwon vs Landaluce,Will Martin Landaluce win set 1 in the Soonwoo Kwon vs Martin Landaluce match,6972.950804999999,2026-06-29T15:29:52Z,2,2.2500000000000018,3.4999999999999973,50.0,0.0,0.0,0,[]
2696226,KXWCGOAL-26JUN29BRAJPN-JPNAUEDA9-1,same,0,Sports,Ayase Ueda: 1+ goals,Ayase Ueda: 1+ goals,18977.729433000004,2026-06-29T19:10:00Z,2,2.250000000000001,3.0,50.0,0.0,0.0,0,[]
2696282,KXWCAST-26JUN29BRAJPN-BRAMCUNHA10-1,same,0,Sports,Matheus Cunha: 1+ assists,Matheus Cunha: 1+ assists?,1522.6143660000002,2026-06-29T18:27:21Z,2,2.250000000000001,3.5000000000000004,50.0,0.0,0.0,0,[]
2657714,KXWCGOAL-26JUN26NORFRA-FRAMOLISE17-1,same,0,Sports,Michael Olise: 1+ goals,Michael Olise: 1+ goals,26318.73013900001,2026-06-26T20:29:59Z,2,2.250000000000001,4.000000000000001,50.0,0.0,0.0,0,[]
2494302,KXWCGOAL-26JUN14GERCUW-GERJKIMMI6-1,same,0,Sports,Joshua Kimmich: 1+ goals,Joshua Kimmich: 1+ goals,8672.672949000003,2026-06-14T18:47:20Z,2,2.250000000000001,4.000000000000001,50.0,0.0,0.0,0,[]
2594414,KXWCAST-26JUN20NEDSWE-SWEAISAK9-1,same,0,Sports,Alexander Isak: 1+ assists,Alexander Isak: 1+ assists?,1571.2148780000002,2026-06-20T19:15:01Z,2,2.25,2.4999999999999996,100.0,0.0,0.0,0,[]
2493929,KXWCGOAL-26JUN15IRINZL-IRIMTAREM99-3,same,0,Sports,Mehdi Taremi: 3+ goals,Mehdi Taremi: 3+ goals,7264.50064,2026-06-16T02:47:22Z,2,2.25,3.4000000000000004,50.0,0.0,0.0,0,[]
2582462,KXWCAST-26JUN19SCOMAR-MARBDIAZ21-1,same,0,Sports,Brahim Díaz: 1+ assists,Brahim Diaz: 1+ assists?,2418.3979640000007,2026-06-19T23:47:06Z,2,2.25,3.0,50.0,0.0,0.0,0,[]
2703809,KXATPSETWINNER-26JUN29RUBSAF-1-SAF,inverse,0,Sports,Set 1 Winner: Rublev vs Safiullin,Will Roman Safiullin win set 1 in the Andrey Rublev vs Roman Safiullin match,4492.541865,2026-06-29T11:05:46Z,2,2.2499999999999964,3.9999999999999925,50.0,0.0,0.0,0,[]
2705126,KXWTASETWINNER-26JUN29ANDZHA-2-ZHA,inverse,0,Sports,Set 2 Winner: Andreescu vs Zhang,Will Shuai Zhang win set 2 in the Bianca Andreescu vs Shuai Zhang match,1364.488028,2026-06-29T15:13:45Z,2,2.249999999999991,2.499999999999991,50.0,0.0,0.0,0,[]
2361409,KXRT-BAC-80,same,1,Entertainment,"Will ""Backrooms"" score at least 80 on the Rotten Tomatoes Tomatometer?",Backrooms Rotten Tomatoes score?,1963.753232,2026-06-01T14:00:00Z,6,2.2416666666666676,6.499999999999995,33.33333333333333,16.666666666666664,0.0,1,[2.0]
2731791,KXPGATOP5-JODC26-PADL,same,0,Sports,Will Patrick Rodgers finish in the Top 5 at the 2026 John Deere Classic?,John Deere Classic: Will Patrick Adler finish top 5?,1123.78,2026-07-04T01:10:33Z,2,2.225,3.0500000000000003,50.0,0.0,0.0,0,[]
2411566,KXPGATOP5-THMTPBW26-ASMA,same,0,Sports,Will Alex Smalley finish in the Top 5 at the 2026 the Memorial Tournament presented by Workday?,The Memorial Tournament: Will Alex Smalley finish top 5?,1049.024,2026-06-05T22:40:42Z,4,2.225,3.9999999999999996,50.0,0.0,0.0,0,[]
2493855,KXWCGOAL-26JUN16FRASEN-SENISARR7-2,same,0,Sports,Ismaïla Sarr: 2+ goals,Ismaila Sarr: 2+ goals,2866.249909,2026-06-16T20:40:42Z,2,2.2249999999999996,2.5,50.0,0.0,0.0,0,[]
703779,KXNY7D-26-TCAB,same,0,Elections,Will Tiffany Cabán be the Democratic nominee for NY-07?,Will Tiffany Cabán be the Democratic nominee for NY-07?,10078.498730000001,2026-06-24T01:30:55Z,102,2.2215686274509805,44.5,27.450980392156865,10.784313725490197,0.9803921568627451,3,"[1.0, 2.0, 4.0]"
1427210,KXSENATESDR-26-MROU,same,0,Elections,Will Mike Rounds be the Republican nominee for Senate in South Dakota?,Will Mike Rounds be the Republican nominee for the Senate in South Dakota?,9739.235395999996,2026-06-03T02:32:26Z,72,2.1944444444444446,12.0,41.66666666666667,12.5,1.3888888888888888,3,"[4.0, 3.0, 2.0]"
1833828,KXANIMEAOTY-26-TAK,same,0,Entertainment,"Will ""Takopi's Original Sin"" win Anime of the Year at the 2026 Crunchyroll Anime Awards?",2026 Crunchyroll Anime Award for Anime of the Year?,3347.788122,2026-05-23T15:36:12Z,34,2.189705882352942,12.000000000000002,41.17647058823529,11.76470588235294,2.941176470588235,3,"[1.0, 1.0, 1.0]"
2471207,KXPGATOUR-RBBCAN26-SRYD,same,0,Sports,Will Sam Ryder win the 2026 RBC Canadian Open?,Will Sam Ryder win the RBC Canadian Open?,16302.002,2026-06-14T23:09:44Z,6,2.1750000000000003,12.6,16.666666666666664,16.666666666666664,16.666666666666664,1,[1.0]
1510488,KXSENATEOKR-26-RMEI,same,0,Elections,Will Ron Meinhardt be the Republican nominee for Senate in Oklahoma?,Will Ron Meinhardt be the Republican nominee for the Senate in Oklahoma?,2937.606948,2026-06-17T01:56:40Z,42,2.1714285714285717,35.50000000000001,14.285714285714285,7.142857142857142,7.142857142857142,1,[2.0]
2734816,KXWCAST-26JUL02ESPAUT-AUTMSABIT20-1,same,0,Sports,Marcel Sabitzer: 1+ assists,Marcel Sabitzer: 1+ assists?,2584.2119890000004,2026-07-02T21:14:37Z,3,2.1666666666666674,2.500000000000001,100.0,0.0,0.0,0,[]
2337726,KXWTASETWINNER-26MAY24PRIOLI-1-PRI,same,0,Sports,Set 1 Winner: Pridankina vs Oliynykova,Will Elena Pridankina win set 1 in the Elena Pridankina vs Oleksandra Oliynykova match,4108.0552339999995,2026-05-26T17:30:08Z,3,2.1666666666666665,4.999999999999999,33.33333333333333,0.0,0.0,0,[]
2062836,KXDAEGUMAYOR-26JUN03-CKYU,same,0,Elections,Will Choo Kyung-ho win the 2026 Daegu mayoral election?,Will Choo Kyung-ho win the 2026 Daegu mayoral election?,971905.9706210031,2026-06-04T17:50:28Z,14,2.164285714285713,6.500000000000005,28.57142857142857,14.285714285714285,0.0,2,"[1.0, 1.0]"
2415428,KXWCROUND-26RO16-BRA,same,0,Sports,Will Brazil reach the Round of 16 at the 2026 FIFA World Cup?,Will Brazil qualify for FIFA World Cup Round of 16?,203331.47414699994,2026-06-29T19:49:25Z,27,2.1481481481481475,6.999999999999995,51.85185185185185,7.4074074074074066,0.0,2,"[1.0, 2.0]"
695089,KXNY12D-26-CMAL,same,0,Elections,Will Carolyn Maloney be the democratic nominee for NY-12?,Will Carolyn Maloney be the Democratic nominee for NY-12?,6202.855124000006,2026-06-24T02:09:47Z,136,2.1437500000000003,33.45,30.14705882352941,6.61764705882353,1.4705882352941175,3,"[1.0, 2.0, 1.0]"
695096,KXNY12D-26-LKRU,same,0,Elections,Will Liz Krueger be the democratic nominee for NY-12?,Will Liz Krueger be the Democratic nominee for NY-12?,63050.824005999995,2026-06-24T02:09:47Z,134,2.142537313432836,5.050000000000001,52.23880597014925,0.7462686567164178,0.0,1,[16.0]
943493,KXSENATEORR-26-BBAR,same,0,Elections,Will Brent Barker be the Republican nominee for Senate in Oregon?,Will Brent Barker be the Republican nominee for the Senate in Oregon?,7159.886734999999,2026-05-23T18:52:36Z,26,2.138461538461539,10.15,34.61538461538461,7.6923076923076925,3.8461538461538463,2,"[1.0, 1.0]"
1087763,KXFOWOMEN-26-RYB,same,0,Sports,Will Elena Rybakina win the 2026 Women’s French Open?,Will Elena Rybakina win the French Open?,305827.1743020004,2026-05-28T20:00:45Z,102,2.1372549019607843,39.699999999999996,28.431372549019606,4.901960784313726,2.941176470588235,5,"[1.0, 1.0, 1.0, 1.0, 1.0]"
2471169,KXPGATOUR-RBBCAN26-BHOR,same,0,Sports,Will Billy Horschel win the 2026 RBC Canadian Open?,Will Billy Horschel win the RBC Canadian Open?,8161.854147,2026-06-14T23:09:44Z,6,2.1333333333333333,11.549999999999999,16.666666666666664,16.666666666666664,16.666666666666664,1,[1.0]
2232078,KXPGATOP20-PGC26-MAH,same,0,Sports,Will Max Homa finish in the Top 20 at the 2026 PGA Championship?,PGA Championship: Will Max Homa finish top 20?,1283.113733,2026-05-16T00:26:01Z,4,2.1250000000000004,4.000000000000001,75.0,0.0,0.0,0,[]
2231879,KXPGATOP5-PGC26-AUH,same,0,Sports,Will Austin Hurt finish in the Top 5 at the 2026 PGA Championship?,PGA Championship: Will Austin Hurt finish top 5?,1400.756632,2026-05-16T00:26:32Z,4,2.125,7.85,25.0,25.0,0.0,1,[1.0]
703774,KXNY7D-26-KGON,same,0,Elections,Will Kristen Gonzalez be the Democratic nominee for NY-07?,Will Kristen Gonzalez be the Democratic nominee for NY-07?,27789.697636999997,2026-06-24T01:30:55Z,116,2.125,23.5,26.72413793103448,12.068965517241379,3.4482758620689653,4,"[2.0, 1.0, 1.0, 1.0]"
2415425,KXWCROUND-26RO16-SUI,same,0,Sports,Will Switzerland reach the Round of 16 at the 2026 FIFA World Cup?,Will Switzerland qualify for FIFA World Cup Round of 16?,110660.06240999994,2026-07-03T05:09:52Z,31,2.1129032258064506,16.499999999999993,35.483870967741936,3.225806451612903,3.225806451612903,0,[]
822005,KXGOVALNOMR-26-TTUB,same,1,Elections,Will Tommy Tuberville win the 2026 Alabama Governor Republican primary election?,Will Tommy Tuberville be the Republican nominee for Governor in Alabama?,24837.310272000006,2026-05-20T01:25:14Z,151,2.11158940397351,17.500000000000004,42.384105960264904,4.635761589403973,0.6622516556291391,5,"[1.0, 13.0, 1.0, 3.0, 1.0]"
821614,KXGOVALNOMD-26-CMAR,same,1,Elections,Will Chad Chig Martin win the 2026 Alabama Governor Democratic primary election?,Will Chad Chig Martin be the Democratic nominee for Governor in Alabama?,5016.351349999998,2026-05-20T02:06:18Z,42,2.1107142857142858,27.949999999999996,28.57142857142857,2.380952380952381,2.380952380952381,1,[1.0]
1833847,KXANIMEBF-26-MON,same,0,Entertainment,"Will ""Mononoke the Movie: Chapter II — The Ashes of Rage"" win Film of the Year at the 2026 Crunchyroll Anime Awards?",2026 Crunchyroll Anime Award for Film of the Year?,1039.473589,2026-05-23T15:36:42Z,24,2.1,21.5,16.666666666666664,8.333333333333332,4.166666666666666,2,"[1.0, 1.0]"
2728971,KXWCAST-26JUL01ENGCOD-ENGJBELLI5-2,same,0,Sports,Jude Bellingham: 2+ assists,Jude Bellingham: 2+ assists?,4506.463793999999,2026-07-01T18:20:00Z,2,2.0999999999999996,2.6999999999999997,50.0,0.0,0.0,0,[]
1390417,KXEUROVISIONRANK-26TOP10-GER,same,0,Entertainment,Will Germany be in the top 10 at Eurovision 2026?,Will Germany be Top 10?,49526.09311299999,2026-05-16T23:18:49Z,8,2.08125,3.4999999999999996,50.0,0.0,0.0,0,[]
1390363,KXEUROVISIONRANK-26TOP5-ALB,same,0,Entertainment,Will Albania be in the top 5 at Eurovision 2026?,Will Albania be Top 5?,33160.65253400003,2026-05-16T23:23:14Z,7,2.0785714285714283,6.7,28.57142857142857,14.285714285714285,0.0,1,[1.0]
1530735,KXEPLBTTS-26MAY13MCICRY,same,0,Sports,Manchester City FC vs. Crystal Palace FC: Both Teams to Score,Crystal Palace at Manchester City: Both Teams to Score,132626.785653,2026-05-13T20:55:34Z,7,2.0714285714285703,2.9999999999999973,57.14285714285714,0.0,0.0,0,[]
2045039,KXMDPRIMARY-05D26-WBLE,same,0,Elections,Will Wala Blegay be the Democratic nominee for MD-05?,Will Wala Blegay be the Democratic nominee for MD-05?,2501.047118,2026-06-24T01:34:18Z,38,2.06578947368421,16.25,28.947368421052634,5.263157894736842,2.631578947368421,2,"[1.0, 1.0]"
1390404,KXEUROVISIONRANK-26TOP10-AUS,same,0,Entertainment,Will Australia be in the top 10 at Eurovision 2026?,Will Australia be Top 10?,139935.08385999993,2026-05-16T23:15:16Z,8,2.0625000000000018,5.500000000000005,50.0,12.5,0.0,1,[1.0]
1390425,KXEUROVISIONRANK-26TOP10-MOL,same,0,Entertainment,Will Moldova be in the top 10 at Eurovision 2026?,Will Moldova be Top 10?,118070.2975390001,2026-05-16T23:16:59Z,8,2.0624999999999982,5.499999999999999,25.0,12.5,0.0,1,[1.0]
1663558,KXGAPRIMARY-01R26-KTAY,same,0,Elections,Will Kandiss Taylor be the Republican nominee for GA-01?,Will Kandiss Taylor be the Republican nominee for GA-01?,4640.8355219999985,2026-05-20T14:28:28Z,35,2.061428571428572,33.0,20.0,5.714285714285714,2.857142857142857,2,"[1.0, 1.0]"
1390393,KXEUROVISIONRANK-26TOP5-POL,same,0,Entertainment,Will Poland be in the top 5 at Eurovision 2026?,Will Poland be Top 5?,17556.979702999997,2026-05-16T23:24:16Z,8,2.05625,3.8,37.5,0.0,0.0,0,[]
2262327,KXLAMAYOR1R-26-NRAM,same,0,Elections,Will Nithya Raman win the first round of the 2026 Los Angeles Mayoral Election?,Who will win the first round of the Los Angeles mayoral election?,22371.566463,2026-06-27T15:14:15Z,43,2.054651162790698,44.0,11.627906976744185,2.3255813953488373,2.3255813953488373,1,[1.0]
1237892,KXFACUP-26-MCI,same,0,Sports,Will Manchester City win the 2025-2026 FA Cup?,Will Manchester City win the FA Cup?,134073.54872300013,2026-05-16T16:05:33Z,94,2.0531914893617014,8.500000000000002,40.42553191489361,10.638297872340425,0.0,5,"[4.0, 1.0, 1.0, 1.0, 2.0]"
2610458,KXWCGOAL-26JUN22FRAIRQ-FRAMOLISE17-3,same,0,Sports,Michael Olise: 3+ goals,Michael Olise: 3+ goals,7760.70129,2026-06-23T00:23:24Z,2,2.05,2.8,50.0,0.0,0.0,0,[]
801861,KXSENATESCD-26-CFLE,same,0,Elections,Will Catherine Fleming Bruce be the Democratic nominee for Senate in North Carolina?,Will Catherine Fleming Bruce be the Democratic nominee for the Senate in South Carolina?,2643.435986,2026-06-10T00:36:43Z,150,2.049,6.45,40.666666666666664,2.666666666666667,0.0,3,"[1.0, 25.0, 1.0]"
821612,KXGOVALNOMD-26-YFLO,same,1,Elections,Will Yolanda Flowers win the 2026 Alabama Governor Democratic primary election?,Will Yolanda Flowers be the Democratic nominee for Governor in Alabama?,10110.206662,2026-05-20T02:06:18Z,33,2.0484848484848484,6.5,42.42424242424242,3.0303030303030303,0.0,2,"[1.0, 9.0]"
787526,KXNYPRIMARY-04D26-NSCI,same,0,Elections,Will Nicholas Sciretta be the Democratic nominee for NY-04?,Will Nick Sciretta be the Democratic nominee for NY-04?,13342.753003000027,2026-06-22T21:04:52Z,28,2.0375,5.850000000000001,50.0,3.571428571428571,0.0,1,[1.0]
2236233,KXCHESSNORWAY-26-WSO,same,0,Sports,Will Wesley So win Norway Chess 2026?,Will Wesley So win the 2026 Men's Norway Chess?,39431.681396,2026-06-05T19:51:01Z,24,2.029166666666667,4.200000000000004,54.166666666666664,0.0,0.0,0,[]
1343557,KXNHLDRAFTPICK-26-1-ISTE,same,0,Sports,Will Ivar Stenberg be drafted 1st overall in the 2026 NHL Draft?,Will Ivar Stenberg be picked 1st in the NHL Draft?,26546.014210000012,2026-06-26T23:28:10Z,51,2.0274509803921568,7.3,43.13725490196079,1.9607843137254901,0.0,2,"[1.0, 1.0]"
1833906,KXANIMEBNS-26-SUM,same,0,Entertainment,"Will ""The Summer Hikaru Died"" win Best New Series at the 2026 Crunchyroll Anime Awards?",2026 Crunchyroll Anime Award for Best New Series?,2713.080534,2026-05-23T15:38:20Z,26,2.0230769230769234,22.400000000000002,23.076923076923077,3.8461538461538463,3.8461538461538463,0,[]
1390382,KXEUROVISIONRANK-26TOP5-LIT,same,0,Entertainment,Will Lithuania be in the top 5 at Eurovision 2026?,Will Lithuania be Top 5?,6133.328193000001,2026-05-16T23:23:14Z,8,2.01875,7.9,12.5,12.5,0.0,1,[1.0]
1390331,KXEUROVISIONRANK-26TOP3-AZE,same,0,Entertainment,Will Azerbaijan be in the top 3 at Eurovision 2026?,Will Azerbaijan be Top 3?,2688.693854,2026-05-16T23:26:22Z,5,2.0100000000000002,2.3,80.0,0.0,0.0,0,[]
564162,KXNBAMVP-26-SGIL,same,0,Sports,Will Shai Gilgeous-Alexander win the 2025–2026 NBA MVP?,Who will win MVP?,4481675.943853785,2026-05-17T23:50:57Z,281,2.009608540925268,30.499999999999993,35.231316725978644,7.473309608540925,1.0676156583629894,11,"[2.0, 2.0, 1.0, 1.0, 2.0, 1.0, 1.0, 2.0, 1.0, 1.0, 1.0]"
704191,KXPA3D-26-RTOL,same,0,Elections,Will Robin Toldens be the Democratic nominee for PA-03?,Will Robin Toldens be the Democratic nominee for PA-3?,4698.5965529999985,2026-05-20T02:58:08Z,117,2.001709401709402,42.5,23.931623931623932,5.982905982905983,3.418803418803419,4,"[1.0, 1.0, 3.0, 1.0]"
2704260,KXATPSETWINNER-26JUN29SHACAR-1-SHA,same,0,Sports,Set 1 Winner: Shapovalov vs Busta,Will Denis Shapovalov win set 1 in the Denis Shapovalov vs Pablo Carreno Busta match,3056.054339,2026-06-29T11:05:44Z,2,2.0000000000000018,3.0000000000000027,50.0,0.0,0.0,0,[]
2380423,KXWTASETWINNER-26MAY30JOVOSA-1-OSA,inverse,0,Sports,Set 1 Winner: Jovic vs Osaka,Will Naomi Osaka win set 1 in the Iva Jovic vs Naomi Osaka match,2838.1268729999997,2026-05-30T10:26:14Z,2,2.0000000000000018,3.0000000000000027,50.0,0.0,0.0,0,[]
2380412,KXATPSETWINNER-26MAY30CERSVA-1-SVA,inverse,0,Sports,Set 1 Winner: Cerundolo vs Svajda,Will Zachary Svajda win set 1 in the Francisco Cerundolo vs Zachary Svajda match,2114.5837739999997,2026-05-30T09:47:22Z,2,2.0000000000000018,2.0000000000000018,100.0,0.0,0.0,0,[]
2711129,KXWCGOAL-26JUN30CIVNOR-NOREHAALA9-1,same,0,Sports,Erling Haaland: 1+ goals,Erling Haaland: 1+ goals,266381.71819399926,2026-06-30T19:09:49Z,2,2.0000000000000018,3.500000000000003,50.0,0.0,0.0,0,[]
2705088,KXWTASETWINNER-26JUN29SINZHE-1-ZHE,inverse,0,Sports,Set 1 Winner: Siniakova vs Zheng,Will Qinwen Zheng win set 1 in the Katerina Siniakova vs Qinwen Zheng match,1645.1816019999999,2026-06-29T18:28:13Z,2,2.0000000000000018,2.500000000000002,50.0,0.0,0.0,0,[]
2337761,KXWTASETWINNER-26MAY24CHWZHE-1-ZHE,inverse,0,Sports,Set 1 Winner: Chwalinska vs Zheng,Will Qinwen Zheng win set 1 in the Maja Chwalinska vs Qinwen Zheng match,3601.8102760000006,2026-05-25T10:06:26Z,2,2.0000000000000018,2.9999999999999973,50.0,0.0,0.0,0,[]
2703528,KXATPSETWINNER-26JUN29KHAHAR-1-KHA,same,0,Sports,Set 1 Winner: Khachanov vs Harris,Will Karen Khachanov win set 1 in the Karen Khachanov vs Billy Harris match,1816.171541,2026-06-30T14:32:54Z,3,2.0000000000000018,3.0000000000000027,66.66666666666666,0.0,0.0,0,[]
2705101,KXWTASETWINNER-26JUN29SAWCHW-1-SAW,same,0,Sports,Set 1 Winner: Sawangkaew vs Chwalinska,Will Mananchaya Sawangkaew win set 1 in the Mananchaya Sawangkaew vs Maja Chwalinska match,2230.694884,2026-06-29T11:16:09Z,2,2.0000000000000018,2.0000000000000018,100.0,0.0,0.0,0,[]
2387254,KXATPSETWINNER-26MAY31JODCAR-1-JOD,same,0,Sports,Set 1 Winner: Jodar vs Busta,Will Rafael Jodar win set 1 in the Rafael Jodar vs Pablo Carreno Busta match,13214.467531000006,2026-05-31T12:32:15Z,2,2.0000000000000018,3.500000000000003,50.0,0.0,0.0,0,[]
2723675,KXWCGOAL-26JUL01BELSEN-SENNJACKS11-1,same,0,Sports,Nicolas Jackson: 1+ goals,Nicolas Jackson: 1+ goals,3902.9098190000004,2026-07-01T23:00:11Z,3,2.000000000000001,3.5000000000000004,33.33333333333333,0.0,0.0,0,[]
2728431,KXWCAST-26JUL01BELSEN-BELJDOKU11-1,same,0,Sports,Jeremy Doku: 1+ assists,Jeremy Doku: 1+ assists?,6903.0658509999985,2026-07-01T21:19:44Z,2,2.0000000000000004,3.5000000000000004,50.0,0.0,0.0,0,[]
2728425,KXWCAST-26JUL01BELSEN-BELCDEKE17-1,same,0,Sports,Charles De Ketelaere: 1+ assists,Charles De Ketelaere: 1+ assists?,1013.51852,2026-07-01T21:07:20Z,2,2.0000000000000004,4.000000000000001,50.0,0.0,0.0,0,[]
2711130,KXWCGOAL-26JUN30CIVNOR-NOREHAALA9-2,same,0,Sports,Erling Haaland: 2+ goals,Erling Haaland: 2+ goals,68437.244217,2026-06-30T19:09:49Z,2,2.0000000000000004,2.500000000000002,50.0,0.0,0.0,0,[]
2494263,KXWCGOAL-26JUN14NEDJPN-JPNTKUBO14-1,same,0,Sports,Takefusa Kubo: 1+ goals,Takefusa Kubo: 1+ goals,1463.9823329999997,2026-06-14T21:33:21Z,2,2.0000000000000004,3.0,50.0,0.0,0.0,0,[]
2543494,KXWCAST-26JUN16FRASEN-SENSMANE10-1,same,0,Sports,Sadio Mané: 1+ assists,Sadio Mane: 1+ assists?,7119.581572,2026-06-16T21:20:25Z,2,2.0,2.5,50.0,0.0,0.0,0,[]
1390437,KXEUROVISIONRANK-26TOP10-ARM,same,0,Entertainment,Will Armenia be in the top 10 at Eurovision 2026?,Will Armenia be Top 10?,19758.314761999995,2026-05-16T23:18:11Z,6,2.0,3.0000000000000004,33.33333333333333,0.0,0.0,0,[]
2329041,KXATPSETWINNER-26MAY25OFNDAR-1-OFN,same,0,Sports,Set 1 Winner: Ofner vs Darderi,Will Sebastian Ofner win set 1 in the Sebastian Ofner vs Luciano Darderi match,5215.931057000002,2026-05-26T17:19:09Z,3,2.0,2.4999999999999964,66.66666666666666,0.0,0.0,0,[]
2520624,KXWCGOAL-26JUN17ENGCRO-CROAKRAMA27-1,same,0,Sports,Andrej Kramarić: 1+ goals,Andrej Kramaric: 1+ goals,1105.46465,2026-06-17T22:20:30Z,2,1.9999999999999998,3.499999999999999,50.0,0.0,0.0,0,[]
2493854,KXWCGOAL-26JUN16FRASEN-SENISARR7-1,same,0,Sports,Ismaïla Sarr: 1+ goals,Ismaila Sarr: 1+ goals,3267.953438000001,2026-06-16T20:40:42Z,2,1.9999999999999998,2.4999999999999996,50.0,0.0,0.0,0,[]
2667203,KXWCGOAL-26JUN26URUESP-ESPRODR16-1,same,0,Sports,Rodri: 1+ goals,Rodri: 1+ goals,2343.2912939999997,2026-06-27T02:14:52Z,2,1.9999999999999998,2.0000000000000004,50.0,0.0,0.0,0,[]
1390433,KXEUROVISIONRANK-26TOP10-SWE,same,0,Entertainment,Will Sweden be in the top 10 at Eurovision 2026?,Will Sweden be Top 10?,94757.43135200004,2026-05-16T23:19:30Z,8,1.9999999999999996,5.499999999999999,37.5,25.0,0.0,2,"[1.0, 1.0]"
2734820,KXWCAST-26JUL02ESPAUT-ESPMOYARZ10-1,same,0,Sports,Mikel Oyarzabal: 1+ assists,Mikel Oyarzabal: 1+ assists?,4603.9872000000005,2026-07-02T21:14:36Z,2,1.9999999999999991,2.4999999999999996,50.0,0.0,0.0,0,[]
1530727,KXEPLTOTAL-26MAY13MCICRY-3,same,0,Sports,Manchester City FC vs. Crystal Palace FC: O/U 3.5,Crystal Palace at Manchester City: Totals,620465.9699400007,2026-05-13T20:56:29Z,10,1.9999999999999978,4.0000000000000036,40.0,0.0,0.0,0,[]
2619726,KXATPSETWINNER-26JUN22BURFER-2-FER,inverse,0,Sports,Set 2 Winner: Burruchaga vs Fery,Will Arthur Fery win set 2 in the Roman Andres Burruchaga vs Arthur Fery match,3501.671582,2026-06-23T15:14:04Z,2,1.9999999999999964,2.9999999999999973,50.0,0.0,0.0,0,[]
2619809,KXATPSETWINNER-26JUN22TSIBUS-1-TSI,same,0,Sports,Set 1 Winner: Tsitsipas vs Buse,Will Stefanos Tsitsipas win set 1 in the Stefanos Tsitsipas vs Ignacio Buse match,3624.3253139999997,2026-06-23T14:38:01Z,2,1.9999999999999962,2.500000000000002,50.0,0.0,0.0,0,[]
2703742,KXATPSETWINNER-26JUN29BAUFON-1-FON,inverse,0,Sports,Set 1 Winner: Agut vs Fonseca,Will Joao Fonseca win set 1 in the Roberto Bautista Agut vs Joao Fonseca match,4827.9186899999995,2026-06-29T14:24:07Z,2,1.9999999999999962,1.9999999999999962,0.0,0.0,0.0,0,[]
2704328,KXATPSETWINNER-26JUN29VUKJBRO-1-VUK,same,0,Sports,Set 1 Winner: Vukic vs Brooksby,Will Aleksandar Vukic win set 1 in the Aleksandar Vukic vs Jenson Brooksby match,2565.832892,2026-06-29T11:15:16Z,2,1.999999999999996,2.4999999999999964,50.0,0.0,0.0,0,[]
1554103,KXNEWARKMAYOR-26-JYOU,same,0,Elections,Will Jhamar Youngblood win the Newark mayoral election?,Who will win the 2026 Newark mayoral election (including any runoffs)?,3726.910716,2026-05-13T14:46:27Z,18,1.997222222222222,8.8,27.77777777777778,16.666666666666664,0.0,1,[2.0]
2062827,KXDAEGUMAYOR-26JUN03-KBOO,same,0,Elections,Will Kim Boo-kyum win the 2026 Daegu mayoral election?,Will Kim Boo-kyum win the 2026 Daegu mayoral election?,1322083.9873840015,2026-06-04T17:50:28Z,14,1.9857142857142858,3.8,42.857142857142854,0.0,0.0,0,[]
2610461,KXWCGOAL-26JUN22FRAIRQ-FRAODEMBE10-3,same,0,Sports,Ousmane Dembélé: 3+ goals,Ousmane Dembele: 3+ goals,2510.944062,2026-06-23T00:25:19Z,2,1.975,3.15,50.0,0.0,0.0,0,[]
2471052,KXPGATOUR-RBBCAN26-JBRI,same,0,Sports,Will Jacob Bridgeman win the 2026 RBC Canadian Open?,Will Jacob Bridgeman win the RBC Canadian Open?,2640.206666,2026-06-14T23:09:44Z,6,1.9500000000000002,10.35,16.666666666666664,16.666666666666664,16.666666666666664,1,[1.0]
1492419,KXSENATENJR-26-RTAB,same,0,Elections,Will Richard Tabor be the Republican nominee for Senate in New Jersey?,Will Richard Tabor be the Republican nominee for the Senate in New Jersey?,14227.524270999991,2026-06-03T03:27:37Z,62,1.9354838709677422,9.500000000000004,37.096774193548384,11.29032258064516,0.0,6,"[1.0, 1.0, 2.0, 1.0, 1.0, 1.0]"
2640717,KXPGATOP10-TRAV26-MHUB,same,0,Sports,Will Mark Hubbard finish in the Top 10 at the 2026 Travelers Championship?,Travelers Championship: Will Mark Hubbard finish top 10?,1496.73,2026-06-29T14:19:56Z,6,1.9333333333333333,7.5,33.33333333333333,16.666666666666664,0.0,1,[1.0]
2415468,KXWCROUND-26RO16-NOR,same,0,Sports,Will Norway reach the Round of 16 at the 2026 FIFA World Cup?,Will Norway qualify for FIFA World Cup Round of 16?,128620.92206399977,2026-06-30T19:19:51Z,28,1.928571428571427,12.5,28.57142857142857,10.714285714285714,3.571428571428571,2,"[1.0, 1.0]"
2493660,KXWCGOAL-26JUN17PORCOD-CODYWISSA9-2,same,0,Sports,Yoane Wissa: 2+ goals,Yoane Wissa: 2+ goals,2245.776888,2026-06-17T19:25:57Z,2,1.9249999999999998,2.0999999999999996,50.0,0.0,0.0,0,[]
2717448,KXWCGOAL-26JUN30FRASWE-FRAMOLISE17-3,same,0,Sports,Michael Olise: 3+ goals,Michael Olise: 3+ goals,8530.913815000007,2026-06-30T22:43:19Z,2,1.9249999999999998,2.9499999999999997,50.0,0.0,0.0,0,[]
2256147,KXLAMAYOR1R-26-RHUN,same,0,Elections,Will Rae Huang finish first in the first round of the 2026 Los Angeles mayoral election?,Who will win the first round of the Los Angeles mayoral election?,3405.75794,2026-06-09T00:06:46Z,17,1.9235294117647062,20.5,5.88235294117647,5.88235294117647,5.88235294117647,1,[1.0]
1972379,KXNBAEFINMVP-26-EMOB,same,0,Sports,Will Evan Mobley win the 2026 Eastern Conference Finals MVP?,Who will win Eastern Conference Finals MVP?,1698.040698,2026-05-26T02:50:04Z,30,1.9216666666666666,3.5000000000000004,43.333333333333336,0.0,0.0,0,[]
1892297,KXCS2-IEMCOL26-TS,same,0,Sports,Will Team Spirit win IEM Cologne Major 2026?,Will Spirit win IEM Cologne?,1683529.5268429907,2026-06-20T20:47:28Z,19,1.9184210526315795,4.499999999999998,47.368421052631575,0.0,0.0,0,[]
704283,KXUT1D-26-CGLE,same,0,Elections,Will Caroline Gleich be the Democratic nominee for UT-01?,Will Caroline Gleich be the Democratic nominee for UT-1?,1490.8390329999997,2026-06-24T02:26:00Z,118,1.9182203389830508,39.0,28.8135593220339,1.694915254237288,0.847457627118644,1,[1.0]
553866,KXNBA-26-SAS,same,0,Sports,Will the San Antonio Spurs win the 2026 NBA Finals?,Will the San Antonio win the 2026 Pro Basketball Finals?,42740007.48347176,2026-06-14T03:32:24Z,316,1.9120253164556964,37.05,28.48101265822785,4.113924050632911,3.481012658227848,13,"[1.0, 1.0, 1.0, 1.0, 1.0, 1.0, 1.0, 1.0, 1.0, 1.0, 1.0, 1.0, 1.0]"
2045023,KXMDPRIMARY-05D26-HJAR,same,0,Elections,Will Harry Jarin be the Democratic nominee for MD-05?,Will Harry Jarin be the Democratic nominee for MD-05?,2220.810894,2026-06-24T01:34:18Z,14,1.9,8.0,14.285714285714285,14.285714285714285,0.0,1,[2.0]
2734821,KXWCAST-26JUL02ESPAUT-ESPMOYARZ10-2,same,0,Sports,Mikel Oyarzabal: 2+ assists,Mikel Oyarzabal: 2+ assists?,8137.665903000001,2026-07-02T21:14:36Z,3,1.8999999999999997,3.0,33.33333333333333,0.0,0.0,0,[]
1343560,KXNHLDRAFTPICK-26-1-CREI,same,0,Sports,Will Chase Reid be drafted 1st overall in the 2026 NHL Draft?,Will Chase Reid be picked 1st in the NHL Draft?,18565.978424000008,2026-06-26T23:28:10Z,48,1.8875000000000002,6.3,41.66666666666667,4.166666666666666,0.0,2,"[2.0, 1.0]"
1419985,KXIAPRIMARY-02D26-KDOL,same,0,Elections,Will Kathy Dolter be the Democratic Nominee for IA-02?,Will Kathy Dolter be the Democratic nominee for IA-02?,2191.6949200000004,2026-06-03T02:36:42Z,6,1.8833333333333335,7.600000000000001,16.666666666666664,16.666666666666664,0.0,1,[1.0]
1833827,KXANIMEAOTY-26-SUM,same,0,Entertainment,"Will ""The Summer Hikaru Died"" win Anime of the Year at the 2026 Crunchyroll Anime Awards?",2026 Crunchyroll Anime Award for Anime of the Year?,5393.617408999999,2026-05-23T15:36:12Z,36,1.8666666666666667,12.200000000000001,27.77777777777778,8.333333333333332,5.555555555555555,2,"[1.0, 2.0]"
1653292,KXPA07D-26-LMCC,same,0,Elections,Will Lamont McClure be the Democratic nominee for PA-07?,Will Lamont McClure be the Democratic nominee for PA-07?,8341.717394999998,2026-05-20T02:07:53Z,38,1.8618421052631586,21.000000000000004,21.052631578947366,5.263157894736842,2.631578947368421,2,"[1.0, 1.0]"
1833825,KXANIMEAOTY-26-GAC,same,0,Entertainment,"Will ""Gachiakuta"" win Anime of the Year at the 2026 Crunchyroll Anime Awards?",2026 Crunchyroll Anime Award for Anime of the Year?,12012.76742099999,2026-05-23T15:36:12Z,35,1.8571428571428572,6.000000000000001,40.0,5.714285714285714,0.0,2,"[1.0, 1.0]"
1193264,KXSURVIVOR-26DEC31-CIR,same,0,Entertainment,Will Cirie Fields win Survivor Season 50?,Will Cirie Fields win Survivor Season 50?,95052.68018100006,2026-05-21T03:07:48Z,101,1.856435643564356,5.0,42.57425742574257,0.0,0.0,1,[1.0]
973390,KXNYPRIMARY-06D26-YXIO,same,0,Elections,Will Yan Xiong be the Democratic Nominee for NY-06?,Will Yan Xiong be the Democratic nominee for NY-06?,1783.2971159999997,2026-06-24T01:31:21Z,34,1.8558823529411768,10.100000000000001,32.35294117647059,2.941176470588235,2.941176470588235,1,[1.0]
1059735,KXCAPRIMARY-1726-RKHA,same,0,Elections,Will Ro Khanna advance from the CA-17 primary?,Will Ro Khanna advance in the 2026 CA-17 primary?,15246.201119999998,2026-06-08T14:35:28Z,35,1.8528571428571432,9.949999999999992,34.285714285714285,8.571428571428571,0.0,3,"[1.0, 1.0, 1.0]"
2734813,KXWCAST-26JUL02ESPAUT-ESPDOLMO20-2,same,0,Sports,Dani Olmo: 2+ assists,Dani Olmo: 2+ assists?,2185.040917,2026-07-02T20:33:19Z,3,1.8500000000000003,3.0,33.33333333333333,0.0,0.0,0,[]
2723676,KXWCGOAL-26JUL01BELSEN-SENNJACKS11-2,same,0,Sports,Nicolas Jackson: 2+ goals,Nicolas Jackson: 2+ goals,2020.92697,2026-07-01T23:00:11Z,3,1.8500000000000003,3.5000000000000004,33.33333333333333,0.0,0.0,0,[]
2329598,KXWTASETWINNER-26MAY24GAUTOW-1-TOW,inverse,0,Sports,Set 1 Winner: Gauff vs Townsend,Will Taylor Townsend win set 1 in the Coco Gauff vs Taylor Townsend match,9060.668643,2026-05-26T14:32:13Z,3,1.833333333333335,2.0000000000000018,66.66666666666666,0.0,0.0,0,[]
2337751,KXWTASETWINNER-26MAY24LIUUCH-1-UCH,inverse,0,Sports,Set 1 Winner: Liu vs Uchijima,Will Moyuka Uchijima win set 1 in the Claire Liu vs Moyuka Uchijima match,2116.86036,2026-05-26T10:06:44Z,3,1.833333333333335,3.500000000000003,33.33333333333333,0.0,0.0,0,[]
2231952,KXPGATOP10-PGC26-RFOW,same,0,Sports,Will Rickie Fowler finish in the Top 10 at the 2026 PGA Championship?,PGA Championship: Will Rickie Fowler finish top 10?,2896.172897000001,2026-05-18T00:20:51Z,6,1.8333333333333333,3.5000000000000004,33.33333333333333,0.0,0.0,0,[]
2329010,KXATPSETWINNER-26MAY25KOPMOU-1-MOU,inverse,0,Sports,Set 1 Winner: Kopriva vs Moutet,Will Corentin Moutet win set 1 in the Vit Kopriva vs Corentin Moutet match,1030.495639,2026-05-26T13:05:40Z,3,1.8333333333333295,2.9999999999999973,33.33333333333333,0.0,0.0,0,[]
1653181,KXGAPRIMARY-13D262-JFAU,same,0,Elections,Will Jeffree Fauntleroy Sr. be the Democratic nominee for GA-13?,Will Jeffree Fauntleroy Sr. be the Democratic nominee for GA-13?,1849.7909220000004,2026-05-20T02:09:38Z,19,1.821052631578947,4.300000000000001,15.789473684210526,0.0,0.0,0,[]
2262800,KXLARSENR1-26MAY16-JFLE,same,0,Elections,Will John Fleming finish first in the first round of the Louisiana Republican Senate primary?,Will John Fleming win the first round of the 2026 Louisiana Senate Republican primary?,21872.431338999995,2026-05-17T13:10:36Z,2,1.8000000000000003,2.2500000000000004,50.0,0.0,0.0,0,[]
2415478,KXWCROUND-26RO16-ENG,same,0,Sports,Will England reach the Round of 16 at the 2026 FIFA World Cup?,Will England qualify for FIFA World Cup Round of 16?,452244.9378320003,2026-07-01T18:19:58Z,29,1.775862068965518,10.499999999999998,34.48275862068966,3.4482758620689653,3.4482758620689653,1,[1.0]
2302488,KXTOPALBUM-26MAY30-BRO,same,0,Entertainment,"Will ""BROWN - Chris Brown"" be the Billboard 200 #1 album for the week of May 30?","Will BROWN be #1 on the Billboard 200 during the week of May 30, 2026",1083.384575,2026-05-25T03:59:00Z,2,1.7749999999999997,2.5499999999999994,50.0,0.0,0.0,0,[]
2415475,KXWCROUND-26RO16-COL,same,0,Sports,Will Colombia reach the Round of 16 at the 2026 FIFA World Cup?,Will Colombia qualify for FIFA World Cup Round of 16?,128554.22382600003,2026-07-04T03:50:03Z,31,1.7741935483870979,7.000000000000006,35.483870967741936,3.225806451612903,0.0,1,[1.0]
678938,KXSEOULMAYOR-26JUN03-SYOU,same,0,Elections,Will Seo Young-kyo win the 2026 Seoul Mayoral Election,Will Seo Young-kyo win the 2026 Seoul mayoral election?,3871908.821817004,2026-06-04T17:50:06Z,142,1.7721830985915497,5.8,26.056338028169012,0.7042253521126761,0.0,1,[1.0]
1390357,KXEUROVISIONRANK-26TOP3-SER,same,0,Entertainment,Will Serbia be in the top 3 at Eurovision 2026?,Will Serbia be Top 3?,2266.918521,2026-05-16T23:27:01Z,7,1.7571428571428573,4.2,42.857142857142854,0.0,0.0,0,[]
1448356,KXPAPRIMARY-10D26-JSTE,same,0,Elections,Will Janelle Stelson be the Democratic Nominee for PA-10?,Will Janelle Stelson be the Democratic nominee for PA-10?,10987.785395000006,2026-05-20T01:14:24Z,32,1.7531249999999994,8.399999999999997,28.125,3.125,0.0,1,[1.0]
2412635,KXWTASETWINNER-26JUN03KALCHW-1-KAL,same,0,Sports,Set 1 Winner: Kalinskaya vs Chwalinska,Will Anna Kalinskaya win set 1 in the Anna Kalinskaya vs Maja Chwalinska match,32916.77228099999,2026-06-03T10:31:13Z,2,1.7500000000000016,3.500000000000003,50.0,0.0,0.0,0,[]
2704211,KXATPSETWINNER-26JUN29QUIDAR-1-QUI,same,0,Sports,Set 1 Winner: Quinn vs Darderi,Will Ethan Quinn win set 1 in the Ethan Quinn vs Luciano Darderi match,3327.070337,2026-06-29T15:13:16Z,2,1.7500000000000016,3.500000000000003,50.0,0.0,0.0,0,[]
2703838,KXATPSETWINNER-26JUN29SVRTIE-2-TIE,inverse,0,Sports,Set 2 Winner: Svrcina vs Tien,Will Learner Tien win set 2 in the Dalibor Svrcina vs Learner Tien match,1473.7629460000003,2026-06-29T11:35:32Z,2,1.7500000000000016,2.0000000000000018,50.0,0.0,0.0,0,[]
2705006,KXWTASETWINNER-26JUN29YASITO-2-YAS,same,0,Sports,Set 2 Winner: Yastremska vs Ito,Will Dayana Yastremska win set 2 in the Dayana Yastremska vs Aoi Ito match,3919.534297,2026-06-29T18:43:38Z,2,1.7500000000000016,2.0000000000000018,50.0,0.0,0.0,0,[]
2337658,KXATPSETWINNER-26MAY25DESAM-1-SAM,inverse,0,Sports,Set 1 Winner: Minaur vs Samuel,Will Toby Samuel win set 1 in the Alex de Minaur vs Toby Samuel match,2199.398395,2026-05-25T09:55:27Z,2,1.7500000000000016,2.0000000000000018,50.0,0.0,0.0,0,[]
2703834,KXATPSETWINNER-26JUN29SVRTIE-1-TIE,inverse,0,Sports,Set 1 Winner: Svrcina vs Tien,Will Learner Tien win set 1 in the Dalibor Svrcina vs Learner Tien match,2340.632034,2026-06-29T10:53:54Z,2,1.7500000000000016,2.0000000000000018,50.0,0.0,0.0,0,[]
2565805,KXWCAST-26JUN18SUIBIH-SUIBEMBOL7-1,same,0,Sports,Breel Embolo: 1+ assists,Breel Embolo: 1+ assists?,1276.522515,2026-06-18T20:47:24Z,2,1.7500000000000002,3.5000000000000004,50.0,0.0,0.0,0,[]
2583028,KXWCGOAL-26JUN19SCOMAR-SCOCADAMS19-1,same,0,Sports,Ché Adams: 1+ goals,Che Adams: 1+ goals,1780.586,2026-06-19T23:33:21Z,2,1.7500000000000002,2.500000000000001,50.0,0.0,0.0,0,[]
2493791,KXWCGOAL-26JUN16IRQNOR-NOREHAALA9-3,same,0,Sports,Erling Haaland: 3+ goals,Erling Haaland: 3+ goals,38260.096897999996,2026-06-17T00:15:16Z,2,1.7500000000000002,3.0,50.0,0.0,0.0,0,[]
2734812,KXWCAST-26JUL02ESPAUT-ESPDOLMO20-1,same,0,Sports,Dani Olmo: 1+ assists,Dani Olmo: 1+ assists?,3254.2596379999995,2026-07-02T20:33:19Z,2,1.7500000000000002,2.4999999999999996,50.0,0.0,0.0,0,[]
2729041,KXWCAST-26JUL01USABIH-USAFBALOG9-1,same,0,Sports,Folarin Balogun: 1+ assists,Folarin Balogun: 1+ assists?,3485.487999,2026-07-02T02:14:41Z,2,1.7500000000000002,2.4999999999999996,50.0,0.0,0.0,0,[]
2620377,KXWCGOAL-26JUN23PORUZB-PORCRIS7-3,same,0,Sports,Cristiano Ronaldo: 3+ goals,Cristiano Ronaldo: 3+ goals,169534.3910060003,2026-06-23T19:04:50Z,2,1.7500000000000002,2.0000000000000004,50.0,0.0,0.0,0,[]
2493636,KXWCGOAL-26JUN17PORCOD-PORJNEVES87-2,same,0,Sports,João Neves: 2+ goals,Joao Neves: 2+ goals,3387.88,2026-06-17T19:25:56Z,2,1.75,1.9999999999999998,0.0,0.0,0.0,0,[]
2719543,KXWCGOAL-26JUN30MEXECU-ECUEVALEN13-2,same,0,Sports,Enner Valencia: 2+ goals,Enner Valencia: 2+ goals,3730.391706,2026-07-01T03:21:19Z,2,1.7499999999999998,2.4499999999999997,50.0,0.0,0.0,0,[]
2415474,KXWCROUND-26RO16-POR,same,0,Sports,Will Portugal reach the Round of 16 at the 2026 FIFA World Cup?,Will Portugal qualify for FIFA World Cup Round of 16?,280276.37992599997,2026-07-03T01:29:55Z,30,1.7499999999999996,8.499999999999996,33.33333333333333,6.666666666666667,0.0,2,"[1.0, 1.0]"
2717440,KXWCGOAL-26JUN30FRASWE-FRAKMBAPP10-2,same,0,Sports,Kylian Mbappé: 2+ goals,Kylian Mbappe: 2+ goals,169115.23507999931,2026-06-30T22:43:18Z,2,1.749999999999999,2.4999999999999996,50.0,0.0,0.0,0,[]
2493859,KXWCGOAL-26JUN16FRASEN-FRAKMBAPP10-1,same,0,Sports,Kylian Mbappé: 1+ goals,Kylian Mbappe: 1+ goals,56106.59872700006,2026-06-16T21:15:08Z,2,1.7499999999999987,1.9999999999999962,0.0,0.0,0.0,0,[]
2382219,KXATPSETWINNER-26MAY30ARNCOL-1-COL,inverse,0,Sports,Set 1 Winner: Arnaldi vs Collignon,Will Raphael Collignon win set 1 in the Matteo Arnaldi vs Raphael Collignon match,1344.9070709999999,2026-05-30T15:46:27Z,2,1.749999999999996,2.9999999999999973,50.0,0.0,0.0,0,[]
1653293,KXPA07D-26-COBA,same,0,Elections,Will Carol Obando-Derstine be the Democratic nominee for PA-07?,Will Carol Obando-Derstine be the Democratic nominee for PA-07?,6816.691705999996,2026-05-20T02:07:53Z,43,1.7453488372093027,24.000000000000004,20.930232558139537,4.651162790697675,2.3255813953488373,2,"[1.0, 1.0]"
1087514,KXFOMEN-26-ZVE,same,0,Sports,Will Alexander Zverev win the 2026 Men's French Open?,Will Alexander Zverev win the French Open?,2784260.3084760155,2026-06-07T17:45:15Z,95,1.7389473684210528,12.2,20.0,7.368421052631578,2.1052631578947367,2,"[6.0, 1.0]"
1653185,KXGAPRIMARY-13D262-PWHA,same,0,Elections,Will Pierre Whatley be the Democratic nominee for GA-13?,Will Pierre Whatley be the Democratic nominee for GA-13?,2379.3470990000005,2026-05-20T02:09:38Z,19,1.7342105263157896,3.75,5.263157894736842,0.0,0.0,0,[]
789541,KXKY4R-26-NLEE,same,0,Elections,Will Nicole Lee Ethington be the Republican nominee for KY-04?,Will Nicole Lee Ethington be the Republican nominee for KY-4?,61078.45766400001,2026-05-19T23:56:29Z,133,1.7342105263157892,40.0,33.83458646616541,0.7518796992481203,0.7518796992481203,1,[1.0]
2722025,KXWCGOAL-26JUL01ENGCOD-ENGJBELLI5-2,same,0,Sports,Jude Bellingham: 2+ goals,Jude Bellingham: 2+ goals,16324.304642999998,2026-07-01T18:20:06Z,3,1.7333333333333334,2.2,33.33333333333333,0.0,0.0,0,[]
1390335,KXEUROVISIONRANK-26TOP3-CYP,same,0,Entertainment,Will Cyprus be in the top 3 at Eurovision 2026?,Will Cyprus be Top 3?,2531.439353,2026-05-16T23:26:22Z,8,1.7312500000000002,5.1499999999999995,25.0,12.5,0.0,0,[]
2158499,KXCS2-AST26-G2,same,0,Sports,Will G2 win PGL Astana 2026?,Will G2 win PGL Astana?,15746.889929999994,2026-05-16T14:58:19Z,9,1.7277777777777779,5.5,33.33333333333333,11.11111111111111,0.0,1,[1.0]
1554096,KXNEWARKMAYOR-26-DDAV,same,0,Elections,Will Douglas Davis win the Newark mayoral election?,Who will win the 2026 Newark mayoral election (including any runoffs)?,1799.3013609999998,2026-05-13T14:46:27Z,12,1.7249999999999999,4.199999999999999,41.66666666666667,0.0,0.0,0,[]
1510490,KXSENATEOKR-26-SBIC,same,0,Elections,Will Stephanie Bice be the Republican nominee for Senate in Oklahoma?,Will Stephanie Bice be the Republican nominee for the Senate in Oklahoma?,4289.61539,2026-06-17T01:56:40Z,56,1.7160714285714285,37.5,12.5,7.142857142857142,3.571428571428571,1,[1.0]
678934,KXSEOULMAYOR-26JUN03-PJUM,same,0,Elections,Will Park Ju-min win the 2026 Seoul Mayoral Election,Will Park Ju-min win the 2026 Seoul mayoral election?,2730190.4180639875,2026-06-04T17:50:06Z,124,1.7084677419354841,6.35,35.483870967741936,1.6129032258064515,0.0,3,"[1.0, 1.0, 1.0]"
1833823,KXANIMEAOTY-26-APO,same,0,Entertainment,"Will ""The Apothecary Diaries Season 2"" win Anime of the Year at the 2026 Crunchyroll Anime Awards?",2026 Crunchyroll Anime Award for Anime of the Year?,3742.7850209999997,2026-05-23T15:36:12Z,33,1.7060606060606063,5.850000000000001,27.27272727272727,6.0606060606060606,0.0,2,"[2.0, 1.0]"
695088,KXNY12D-26-JMEN,same,0,Elections,Will Julie Menin be the democratic nominee for NY-12?,Will Julie Menin be the Democratic nominee for NY-12?,26994.038075000022,2026-06-24T02:09:47Z,132,1.7049242424242426,7.000000000000001,50.75757575757576,1.5151515151515151,0.0,1,[2.0]
2640466,KXPGATOP5-TRAV26-BCAM,same,0,Sports,Will Brian Campbell finish in the Top 5 at the 2026 Travelers Championship?,Travelers Championship: Will Brian Campbell finish top 5?,1165.383,2026-06-29T14:19:41Z,6,1.7,5.05,33.33333333333333,16.666666666666664,0.0,1,[1.0]
1390418,KXEUROVISIONRANK-26TOP10-GRE,same,0,Entertainment,Will Greece be in the top 10 at Eurovision 2026?,Will Greece be Top 10?,211046.29025600004,2026-05-16T23:17:23Z,8,1.6875000000000002,4.5000000000000036,25.0,0.0,0.0,0,[]
825531,KXGOVORNOMR-26-DBET,same,1,Elections,Will Danielle Bethell win the 2026 Oregon Governor Republican primary election?,Will Danielle Bethell be the Republican nominee for Governor in Oregon?,10300.535165000005,2026-05-20T04:04:38Z,114,1.6846491228070177,8.5,29.82456140350877,9.649122807017543,0.0,2,"[2.0, 2.0]"
2674144,KXCOPRIMARY-05D26-JKIL,same,0,Elections,Will Jessica Killin be the Democratic nominee for CO-05?,Will Jessica Killin be the Democratic nominee for CO-05?,22907.723013,2026-07-01T01:57:26Z,6,1.6833333333333294,6.000000000000005,16.666666666666664,16.666666666666664,0.0,1,[1.0]
1427211,KXSENATESDR-26-KNOE,same,0,Elections,Will Kristi Noem be the Republican nominee for Senate in South Dakota?,Will Kristi Noem be the Republican nominee for the Senate in South Dakota?,8860.83277,2026-06-03T02:32:26Z,47,1.6670212765957446,9.0,34.04255319148936,2.127659574468085,0.0,1,[2.0]
2329557,KXWTASETWINNER-26MAY24MBOBAR-1-MBO,same,0,Sports,Set 1 Winner: Mboko vs Bartunkova,Will Victoria Mboko win set 1 in the Victoria Mboko vs Nikola Bartunkova match,1187.1520099999998,2026-05-26T18:39:17Z,3,1.6666666666666716,4.5000000000000036,33.33333333333333,0.0,0.0,0,[]
2232059,KXPGATOP20-PGC26-MGRE,same,0,Sports,Will Max Greyserman finish in the Top 20 at the 2026 PGA Championship?,PGA Championship: Will Max Greyserman finish top 20?,3488.0917430000004,2026-05-18T00:21:11Z,6,1.666666666666667,3.500000000000003,33.33333333333333,0.0,0.0,0,[]
2734786,KXWCGOAL-26JUL02ESPAUT-ESPPEDR8-1,same,0,Sports,Pedri: 1+ goals,Pedri: 1+ goals,19604.227253,2026-07-02T20:55:27Z,3,1.6666666666666667,3.0,33.33333333333333,0.0,0.0,0,[]
1087515,KXFOMEN-26-DJO,same,0,Sports,Will Novak Djokovic win the 2026 Men's French Open?,Will Novak Djokovic win the French Open?,1343112.8678940006,2026-05-29T19:22:05Z,87,1.6614942528735637,9.500000000000002,34.48275862068966,2.2988505747126435,0.0,2,"[1.0, 1.0]"
679584,KXSENATECOD-26-KBRE,same,0,Elections,Will Karen Breslin be the Democratic nominee for Senate in Colorado?,Will Karen Breslin be the Democratic nominee for the Senate in Colorado?,5752.101506,2026-07-01T01:39:27Z,149,1.6593959731543624,42.5,26.174496644295303,2.684563758389262,1.342281879194631,3,"[2.0, 1.0, 1.0]"
2470999,KXPGATOUR-RBBCAN26-SBUR,same,0,Sports,Will Sam Burns win the 2026 RBC Canadian Open?,Will Sam Burns win the RBC Canadian Open?,16280.945751000003,2026-06-14T23:09:44Z,6,1.6499999999999997,7.55,16.666666666666664,16.666666666666664,0.0,1,[1.0]
564166,KXNBAMVP-26-VWEM,same,0,Sports,Will Victor Wembanyama win the 2025–2026 NBA MVP?,Who will win MVP?,5514111.4917549845,2026-05-17T23:50:57Z,299,1.644816053511706,16.550000000000004,27.424749163879596,4.013377926421405,1.0033444816053512,7,"[2.0, 4.0, 1.0, 2.0, 1.0, 1.0, 1.0]"
1972796,KXNBAFINMVP-26-DFOX,same,0,Sports,Will De'Aaron Fox win the 2026 NBA Finals MVP?,Who will win Finals MVP?,89703.12449300002,2026-06-14T04:21:39Z,50,1.633,6.049999999999999,32.0,4.0,0.0,1,[2.0]
1390378,KXEUROVISIONRANK-26TOP5-GRE,same,0,Entertainment,Will Greece be in the top 5 at Eurovision 2026?,Will Greece be Top 5?,136244.7831240001,2026-05-16T23:23:16Z,8,1.6249999999999973,2.9999999999999916,37.5,0.0,0.0,0,[]
2734770,KXWCGOAL-26JUL02ESPAUT-ESPDOLMO20-2,same,0,Sports,Dani Olmo: 2+ goals,Dani Olmo: 2+ goals,3753.2251450000003,2026-07-02T20:33:19Z,3,1.6166666666666671,2.500000000000001,33.33333333333333,0.0,0.0,0,[]
1390347,KXEUROVISIONRANK-26TOP3-LIT,same,0,Entertainment,Will Lithuania be in the top 3 at Eurovision 2026?,Will Lithuania be Top 3?,21495.495769,2026-05-16T23:26:22Z,7,1.6142857142857143,3.75,28.57142857142857,0.0,0.0,0,[]
1663741,KXGAPRIMARY-09R26-GPOO,same,0,Elections,Will Gregg Poole be the Republican nominee for GA-09?,Will Gregg Poole be the Republican nominee for GA-09?,8698.729027000001,2026-05-20T01:12:36Z,31,1.6000000000000003,6.65,32.25806451612903,3.225806451612903,0.0,1,[1.0]
2162743,KXEPLBTTS-26MAY17WOLFUL,same,0,Sports,Wolverhampton Wanderers FC vs. Fulham FC: Both Teams to Score,Fulham at Wolverhampton: Both Teams to Score,28632.566398999996,2026-05-17T15:55:49Z,10,1.5999999999999992,5.000000000000004,10.0,10.0,0.0,1,[1.0]
553858,KXNBA-26-NYK,same,0,Sports,Will the New York Knicks win the 2026 NBA Finals?,Will the New York win the 2026 Pro Basketball Finals?,30553323.311588034,2026-06-14T03:32:24Z,313,1.5878594249201279,27.65000000000001,18.53035143769968,1.9169329073482428,1.2779552715654952,6,"[1.0, 1.0, 1.0, 1.0, 1.0, 1.0]"
1651910,KXEUROVISIONTELEV-26-EST,same,0,Entertainment,Will Estonia win the televote for Eurovision 2026?,Who will win the Televote in Eurovision 2026?,242484.77657999998,2026-05-17T00:23:19Z,33,1.5863636363636364,3.5500000000000003,33.33333333333333,0.0,0.0,0,[]
2045018,KXMDPRIMARY-05D26-AELL,same,0,Elections,Will Arthur Ellis be the Democratic nominee for MD-05?,Will Arthur Ellis be the Democratic nominee for MD-05?,1885.6274640000001,2026-06-24T01:34:18Z,22,1.5863636363636362,5.05,13.636363636363635,4.545454545454546,0.0,1,[2.0]
2045403,KXCOPRIMARY-01D26-WJAM,same,0,Elections,Will Wanda James be the Democratic nominee for CO-01?,Will Wanda James be the Democratic nominee for CO-01?,1950.457676,2026-07-01T06:53:27Z,53,1.5858490566037735,2.9499999999999997,45.28301886792453,0.0,0.0,0,[]
2168920,KXATTENDTRUMPCHINA-27JAN-MRUB,same,0,Politics,Will Marco Rubio attend Trump’s Xi summit?,Will Marco Rubio attend any part of Donald Trump’s first visit to China after Issuance?,27367.00386600001,2026-05-13T14:22:43Z,2,1.5750000000000042,2.500000000000002,50.0,0.0,0.0,0,[]
2305933,KXCS2-ASIA26-MIBR,same,0,Sports,Will MIBR win CS Asia Championships 2026?,Will MIBR win CS Asia Championships?,18648.400027,2026-05-24T20:51:26Z,2,1.5750000000000004,2.35,50.0,0.0,0.0,0,[]
2168923,KXATTENDTRUMPCHINA-27JAN-EMUS,same,0,Politics,Will Elon Musk attend Trump’s Xi summit?,Will Elon Musk attend any part of Donald Trump’s first visit to China after Issuance?,37929.09404099999,2026-05-13T14:22:53Z,2,1.574999999999993,1.9999999999999907,0.0,0.0,0.0,0,[]
1012320,KXIPL-26-SRH,same,0,Sports,Will Sunrisers Hyderabad win the 2026 Indian Premier League?,Will Sunrisers Hyderabad win the IPL?,212645.09088200005,2026-05-27T18:07:32Z,68,1.5683823529411764,6.999999999999999,27.941176470588236,2.941176470588235,0.0,2,"[1.0, 1.0]"
2045019,KXMDPRIMARY-05D26-DSUN,same,0,Elections,Will Dave Sundberg be the Democratic nominee for MD-05?,Will Dave Sundberg be the Democratic nominee for MD-05?,1382.192583,2026-06-24T01:34:18Z,8,1.5562500000000001,6.6000000000000005,12.5,12.5,0.0,1,[1.0]
1892305,KXCS2-IEMCOL26-VIT,same,0,Sports,Will Vitality win IEM Cologne Major 2026?,Will Vitality win IEM Cologne?,2361364.365531999,2026-06-19T23:18:21Z,18,1.555555555555555,3.4999999999999973,33.33333333333333,0.0,0.0,0,[]
2262801,KXLARSENR1-26MAY16-BCAS,same,0,Elections,Will Bill Cassidy finish first in the first round of the Louisiana Republican Senate primary?,Will Bill Cassidy win the first round of the 2026 Louisiana Senate Republican primary?,13968.225159000001,2026-05-17T13:10:36Z,2,1.5500000000000005,1.850000000000001,0.0,0.0,0.0,0,[]
2162616,KXEPLBTTS-26MAY18ARSBUR,same,0,Sports,Arsenal FC vs. Burnley FC: Both Teams to Score,Burnley at Arsenal: Both Teams to Score,82847.39273299991,2026-05-18T21:01:00Z,11,1.545454545454546,3.500000000000003,27.27272727272727,0.0,0.0,0,[]
1390407,KXEUROVISIONRANK-26TOP10-BEL,same,0,Entertainment,Will Belgium be in the top 10 at Eurovision 2026?,Will Belgium be Top 10?,46242.84964299999,2026-05-16T23:18:20Z,8,1.5374999999999999,5.549999999999999,12.5,12.5,0.0,1,[1.0]
706234,KXSENATEORD-26-JMER,same,0,Elections,Will Jeff Merkley be the Democratic nominee for Senate in Oregon?,Will Jeff Merkley be the Democratic nominee for the Senate in Oregon?,12321.827444000008,2026-05-20T03:06:00Z,141,1.5255319148936168,39.5,19.858156028368796,1.4184397163120568,0.7092198581560284,2,"[1.0, 3.0]"
824266,KXGOVNMNOMR-26-JNAK,same,1,Elections,Will Judith Nakamura win the 2026 New Mexico Governor Republican primary election?,Will Judith Nakamura be the Republican nominee for Governor in New Mexico?,26484.196430000007,2026-06-03T04:03:59Z,101,1.5232673267326737,4.500000000000001,45.54455445544555,0.0,0.0,0,[]
2183558,KXTOPSONG-26MAY16-CHO,same,0,Entertainment,"Will ""Choosin' Texas - Ella Langley"" be the Billboard Hot 100 #1 song for the week of May 16?","Will Choosin' Texas be #1 on the Billboard Hot 100 during the week of May 16, 2026",10515.678884999998,2026-05-11T03:59:00Z,3,1.51666666666667,2.2499999999999964,33.33333333333333,0.0,0.0,0,[]
2329618,KXWTASETWINNER-26MAY24JOIPOT-1-POT,inverse,0,Sports,Set 1 Winner: Joint vs Potapova,Will Anastasia Potapova win set 1 in the Maya Joint vs Anastasia Potapova match,2122.395282,2026-05-25T13:19:30Z,3,1.5000000000000029,2.4999999999999964,66.66666666666666,0.0,0.0,0,[]
2371249,KXWTASETWINNER-26MAY29KOSGOL-1-KOS,same,0,Sports,Set 1 Winner: Kostyuk vs Golubic,Will Marta Kostyuk win set 1 in the Marta Kostyuk vs Viktorija Golubic match,1220.703555,2026-05-29T10:16:52Z,2,1.5000000000000013,3.0000000000000027,50.0,0.0,0.0,0,[]
2455345,KXATPSETWINNER-26JUN08HANKOV-1-KOV,inverse,0,Sports,Set 1 Winner: Hanfmann vs Kovacevic,Will Aleksandar Kovacevic win set 1 in the Yannick Hanfmann vs Aleksandar Kovacevic match,3503.9167790000006,2026-06-09T10:16:29Z,2,1.5000000000000013,2.500000000000002,50.0,0.0,0.0,0,[]
2717438,KXWCGOAL-26JUN30FRASWE-FRAKMBAPP10-1,same,0,Sports,Kylian Mbappé: 1+ goals,Kylian Mbappe: 1+ goals,441910.3330370024,2026-06-30T22:19:34Z,2,1.5000000000000013,2.500000000000002,50.0,0.0,0.0,0,[]
2704890,KXWTASETWINNER-26JUN29FREKAL-1-KAL,inverse,0,Sports,Set 1 Winner: Frech vs Kalinskaya,Will Anna Kalinskaya win set 1 in the Magdalena Frech vs Anna Kalinskaya match,1260.758961,2026-06-29T17:54:50Z,2,1.5000000000000013,2.500000000000002,50.0,0.0,0.0,0,[]
2704351,KXATPSETWINNER-26JUN29BORBOY-1-BOY,inverse,0,Sports,Set 1 Winner: Borges vs Boyer,Will Tristan Boyer win set 1 in the Nuno Borges vs Tristan Boyer match,2804.905469,2026-06-29T13:55:14Z,2,1.5000000000000013,1.5000000000000013,0.0,0.0,0.0,0,[]
2389602,KXATPSETWINNER-26MAY31RUUFON-1-RUU,same,0,Sports,Set 1 Winner: Ruud vs Fonseca,Will Casper Ruud win set 1 in the Casper Ruud vs Joao Fonseca match,20308.119582,2026-05-31T19:31:39Z,2,1.5000000000000013,2.9999999999999916,50.0,0.0,0.0,0,[]
2705049,KXWTASETWINNER-26JUN29LINAND-1-LIN,same,0,Sports,Set 1 Winner: Linette vs Andreeva,Will Magda Linette win set 1 in the Magda Linette vs Mirra Andreeva match,5252.460235,2026-06-29T18:23:37Z,2,1.5000000000000013,2.500000000000002,50.0,0.0,0.0,0,[]
2704904,KXWTASETWINNER-26JUN29JONPAR-1-PAR,inverse,0,Sports,Set 1 Winner: Jones vs Parry,Will Diane Parry win set 1 in the Francesca Jones vs Diane Parry match,1643.97039,2026-06-29T19:13:34Z,2,1.5000000000000013,1.9999999999999962,0.0,0.0,0.0,0,[]
2329407,KXATPSETWINNER-26MAY24DAVDZU-1-DZU,inverse,0,Sports,Set 1 Winner: Fokina vs Dzumhur,Will Damir Dzumhur win set 1 in the Alejandro Davidovich Fokina vs Damir Dzumhur match,4056.737826,2026-05-24T10:11:37Z,2,1.5000000000000013,2.500000000000002,50.0,0.0,0.0,0,[]
2546954,KXWCAST-26JUN17PORCOD-PORBFERNA8-1,same,0,Sports,Bruno Fernandes: 1+ assists,Bruno Fernandes: 1+ assists?,27592.791428000044,2026-06-17T19:25:50Z,2,1.5000000000000013,2.500000000000002,50.0,0.0,0.0,0,[]
2398483,KXWTASETWINNER-26JUN01KEYSHN-1-SHN,inverse,0,Sports,Set 1 Winner: Keys vs Shnaider,Will Diana Shnaider win set 1 in the Madison Keys vs Diana Shnaider match,7290.680719000001,2026-06-01T13:15:47Z,2,1.5000000000000013,2.0000000000000018,50.0,0.0,0.0,0,[]
2611979,KXWTASETWINNER-26JUN20EALMER-1-MER,inverse,0,Sports,Set 1 Winner: Eala vs Mertens,Will Elise Mertens win set 1 in the Alexandra Eala vs Elise Mertens match,1407.296588,2026-06-22T19:00:24Z,2,1.5000000000000013,2.0000000000000018,50.0,0.0,0.0,0,[]
2329830,KXWTASETWINNER-26MAY25SAMTEI-1-TEI,inverse,0,Sports,Set 1 Winner: Samsonova vs Teichmann,Will Jil Teichmann win set 1 in the Liudmila Samsonova vs Jil Teichmann match,1986.525835,2026-05-25T09:55:43Z,2,1.5000000000000013,1.5000000000000013,0.0,0.0,0.0,0,[]
2703766,KXATPSETWINNER-26JUN29DEJHIJ-1-HIJ,inverse,0,Sports,Set 1 Winner: Jong vs Hijikata,Will Rinky Hijikata win set 1 in the Jesper De Jong vs Rinky Hijikata match,5922.435413999999,2026-06-29T18:38:10Z,2,1.5000000000000013,1.5000000000000013,0.0,0.0,0.0,0,[]
2705216,KXWTASETWINNER-26JUN29OSTDAR-1-OST,same,0,Sports,Set 1 Winner: Ostapenko vs Dart,Will Jelena Ostapenko win set 1 in the Jelena Ostapenko vs Harriet Dart match,2416.3727329999997,2026-06-29T13:05:28Z,2,1.5000000000000013,1.5000000000000013,0.0,0.0,0.0,0,[]
2703390,KXATPSETWINNER-26JUN29WAWBER-2-WAW,same,0,Sports,Set 2 Winner: Wawrinka vs Berrettini,Will Stan Wawrinka win set 2 in the Stan Wawrinka vs Matteo Berrettini match,6575.26393,2026-06-30T19:12:46Z,3,1.500000000000001,1.5000000000000013,0.0,0.0,0.0,0,[]
2703391,KXATPSETWINNER-26JUN29WAWBER-1-WAW,same,0,Sports,Set 1 Winner: Wawrinka vs Berrettini,Will Stan Wawrinka win set 1 in the Stan Wawrinka vs Matteo Berrettini match,11939.892563000001,2026-06-30T17:37:01Z,3,1.500000000000001,2.0000000000000018,33.33333333333333,0.0,0.0,0,[]
2455371,KXATPSETWINNER-26JUN08BOOYIB-1-YIB,inverse,0,Sports,Set 1 Winner: Boogaard vs Wu,Will Yibing Wu win set 1 in the Thijs Boogaard vs Yibing Wu match,3332.3581599999998,2026-06-10T10:01:53Z,3,1.500000000000001,3.4999999999999973,33.33333333333333,0.0,0.0,0,[]
2692720,KXWCAST-26JUN28RSACAN-CANJDAVID30-1,same,0,Sports,Jonathan David: 1+ assists,Jonathan David: 1+ assists?,1603.168419,2026-06-28T21:19:45Z,2,1.5000000000000007,2.500000000000001,50.0,0.0,0.0,0,[]
2734790,KXWCGOAL-26JUL02ESPAUT-ESPRODR16-1,same,0,Sports,Rodri: 1+ goals,Rodri: 1+ goals,2475.7398860000003,2026-07-02T21:09:49Z,3,1.5000000000000007,2.500000000000001,33.33333333333333,0.0,0.0,0,[]
2493861,KXWCGOAL-26JUN16FRASEN-FRAKMBAPP10-3,same,0,Sports,Kylian Mbappé: 3+ goals,Kylian Mbappe: 3+ goals,2170.6765739999996,2026-06-16T21:15:08Z,2,1.5,2.5,50.0,0.0,0.0,0,[]
2355743,KXATPSETWINNER-26MAY27ROYDJO-1-ROY,same,0,Sports,Set 1 Winner: Royer vs Djokovic,Will Valentin Royer win set 1 in the Valentin Royer vs Novak Djokovic match,7711.050509,2026-05-27T14:34:58Z,2,1.5,3.0,50.0,0.0,0.0,0,[]
2493883,KXWCGOAL-26JUN16FRASEN-SENSMANE10-2,same,0,Sports,Sadio Mané: 2+ goals,Sadio Mane: 2+ goals,4672.9484,2026-06-16T21:15:09Z,2,1.5,2.5,50.0,0.0,0.0,0,[]
2717450,KXWCGOAL-26JUN30FRASWE-FRAODEMBE10-2,same,0,Sports,Ousmane Dembélé: 2+ goals,Ousmane Dembele: 2+ goals,39050.66116399997,2026-06-30T22:35:17Z,2,1.5,2.4999999999999996,50.0,0.0,0.0,0,[]
2717483,KXWCAST-26JUN30FRASWE-SWEVGYOKE14-1,same,0,Sports,Viktor Gyökeres: 1+ assists,Viktor Gyokeres: 1+ assists?,2265.9522030000003,2026-06-30T23:09:51Z,2,1.5,3.0,50.0,0.0,0.0,0,[]
2231951,KXPGATOP10-PGC26-TFLE,same,0,Sports,Will Tommy Fleetwood finish in the Top 10 at the 2026 PGA Championship?,PGA Championship: Will Tommy Fleetwood finish top 10?,2103.282916,2026-05-16T00:26:09Z,4,1.5,3.0,50.0,0.0,0.0,0,[]
2728435,KXWCAST-26JUL01BELSEN-BELLTROSS19-1,same,0,Sports,Leandro Trossard: 1+ assists,Leandro Trossard: 1+ assists?,9556.917071999997,2026-07-01T22:27:24Z,2,1.5,2.4999999999999996,50.0,0.0,0.0,0,[]
2668154,KXWCAST-26JUN26EGYIRI-EGYOMARMO7-1,same,0,Sports,Omar Marmoush: 1+ assists,Omar Marmoush: 1+ assists?,2128.8777739999996,2026-06-27T05:09:49Z,3,1.5,3.0,33.33333333333333,0.0,0.0,0,[]
2703416,KXATPSETWINNER-26JUN29SWEDIM-1-SWE,same,0,Sports,Set 1 Winner: Sweeny vs Dimitrov,Will Dane Sweeny win set 1 in the Dane Sweeny vs Grigor Dimitrov match,4352.924148000001,2026-06-30T17:56:59Z,3,1.4999999999999993,2.9999999999999973,33.33333333333333,0.0,0.0,0,[]
2703457,KXATPSETWINNER-26JUN29NAVCOB-2-NAV,same,0,Sports,Set 2 Winner: Navone vs Cobolli,Will Mariano Navone win set 2 in the Mariano Navone vs Flavio Cobolli match,4580.212947,2026-06-30T19:16:55Z,3,1.4999999999999993,3.4999999999999973,33.33333333333333,0.0,0.0,0,[]
2493790,KXWCGOAL-26JUN16IRQNOR-NOREHAALA9-2,same,0,Sports,Erling Haaland: 2+ goals,Erling Haaland: 2+ goals,35958.86888600003,2026-06-17T00:15:15Z,2,1.4999999999999987,1.5000000000000013,0.0,0.0,0.0,0,[]
2448512,KXATPSETWINNER-26JUN07COBZVE-1-ZVE,inverse,0,Sports,Set 1 Winner: Cobolli vs Zverev,Will Alexander Zverev win set 1 in the Flavio Cobolli vs Alexander Zverev match,47688.855396999985,2026-06-07T14:12:11Z,2,1.4999999999999987,1.5000000000000013,0.0,0.0,0.0,0,[]
2329189,KXATPSETWINNER-26MAY25CILKOU-1-KOU,inverse,0,Sports,Set 1 Winner: Cilic vs Kouame,Will Moise Kouame win set 1 in the Marin Cilic vs Moise Kouame match,3055.2204060000004,2026-05-26T10:30:33Z,3,1.4999999999999976,2.500000000000002,33.33333333333333,0.0,0.0,0,[]
2705191,KXWTASETWINNER-26JUN29FERTJE-2-TJE,inverse,0,Sports,Set 2 Winner: Fernandez vs Tjen,Will Janice Tjen win set 2 in the Leylah Annie Fernandez vs Janice Tjen match,1717.6286419999997,2026-06-29T17:36:46Z,2,1.4999999999999958,2.500000000000002,50.0,0.0,0.0,0,[]
1651923,KXEUROVISIONTELEV-26-MON,same,0,Entertainment,Will Montenegro win the televote for Eurovision 2026?,Who will win the Televote in Eurovision 2026?,45493.99612700003,2026-05-17T00:23:19Z,28,1.4982142857142864,2.8499999999999996,21.428571428571427,0.0,0.0,0,[]
1420496,KXIAPRIMARY-01D26-TTER,same,0,Elections,Will Travis Terrell be the Democratic Nominee for IA-01?,Will Travis Terrell be the Democratic nominee for IA-01?,4686.539141999998,2026-06-03T02:35:35Z,24,1.491666666666667,6.4,33.33333333333333,4.166666666666666,0.0,1,[1.0]
1193261,KXSURVIVOR-26DEC31-JOE,same,0,Entertainment,Will Joe Hunter win Survivor Season 50?,Will Joe Hunter win Survivor Season 50?,117393.44945699998,2026-05-21T03:07:48Z,108,1.4916666666666667,5.650000000000001,25.925925925925924,1.8518518518518516,0.0,1,[1.0]
1012317,KXIPL-26-PBKS,same,0,Sports,Will Punjab Kings win the 2026 Indian Premier League?,Will Punjab Kings win the IPL?,229037.406975,2026-05-24T16:09:12Z,63,1.4896825396825397,7.999999999999999,25.396825396825395,3.1746031746031744,0.0,1,[1.0]
1492418,KXSENATENJR-26-JMUR,same,0,Elections,Will Justin Murphy be the Republican nominee for Senate in New Jersey?,Will Justin Murphy be the Republican nominee for Senate in New Jersey?,18819.559821000003,2026-06-03T03:27:37Z,40,1.48375,4.6000000000000005,17.5,0.0,0.0,0,[]
1892288,KXCS2-IEMCOL26-NRG,same,0,Sports,Will NRG win IEM Cologne Major 2026?,Will NRG win IEM Cologne?,461792.3952329998,2026-06-06T23:28:29Z,5,1.48,5.35,20.0,20.0,0.0,1,[1.0]
2717416,KXWCGOAL-26JUN30FRASWE-SWEAISAK9-2,same,0,Sports,Alexander Isak: 2+ goals,Alexander Isak: 2+ goals,2506.424717,2026-06-30T22:47:23Z,2,1.475,1.9500000000000004,0.0,0.0,0.0,0,[]
1087762,KXFOWOMEN-26-AND,same,0,Sports,Will Mirra Andreeva win the 2026 Women’s French Open?,Will Mirra Andreeva win the French Open?,530244.418464,2026-06-06T14:50:10Z,80,1.4737500000000001,11.600000000000001,20.0,3.75,1.25,1,[3.0]
1390392,KXEUROVISIONRANK-26TOP5-NOR,same,0,Entertainment,Will Norway be in the top 5 at Eurovision 2026?,Will Norway be Top 5?,10633.783938999995,2026-05-16T23:24:13Z,8,1.46875,3.0500000000000007,25.0,0.0,0.0,0,[]
2256150,KXLAMAYOR1R-26-AMIL,same,0,Elections,Will Adam Miller finish first in the first round of the 2026 Los Angeles mayoral election?,Who will win the first round of the Los Angeles mayoral election?,1562.271578,2026-06-09T00:06:54Z,20,1.4649999999999999,20.5,5.0,5.0,5.0,1,[1.0]
1651928,KXEUROVISIONTELEV-26-SAN,same,0,Entertainment,Will San Marino win the televote for Eurovision 2026?,Who will win the Televote in Eurovision 2026?,73703.216915,2026-05-17T00:23:19Z,26,1.4634615384615386,2.8499999999999996,19.230769230769234,0.0,0.0,0,[]
1651926,KXEUROVISIONTELEV-26-POR,same,0,Entertainment,Will Portugal win the televote for Eurovision 2026?,Who will win the Televote in Eurovision 2026?,47524.74668700004,2026-05-17T00:23:19Z,27,1.4611111111111115,2.8499999999999996,25.925925925925924,0.0,0.0,0,[]
695093,KXNY12D-26-BHOY,same,0,Elections,Will Brad Hoylman-Sigal be the democratic nominee for NY-12?,Will Brad Hoylman-Sigal be the Democratic nominee for NY-12?,8869.920299999985,2026-06-24T02:09:47Z,128,1.4484375000000003,6.0,32.03125,0.78125,0.0,1,[2.0]
1420451,KXGAPRIMARY-05D26-NWIL,same,0,Elections,Will Nikema Williams be the Democratic Nominee for GA-05?,Will Nikema Williams be the Democratic nominee for GA-05?,5377.323956000001,2026-05-20T00:09:21Z,22,1.447727272727274,5.6499999999999995,18.181818181818183,4.545454545454546,0.0,1,[1.0]
1651913,KXEUROVISIONTELEV-26-GEO,same,0,Entertainment,Will Georgia win the televote for Eurovision 2026?,Who will win the Televote in Eurovision 2026?,53078.446771000024,2026-05-17T00:23:19Z,27,1.4425925925925929,3.85,14.814814814814813,0.0,0.0,0,[]
553863,KXNBA-26-LAL,same,0,Sports,Will the Los Angeles Lakers win the 2026 NBA Finals?,Will the Los Angeles L win the 2026 Pro Basketball Finals?,24030698.566587575,2026-05-12T05:34:06Z,287,1.4355400696864111,5.0,25.78397212543554,0.0,0.0,1,[2.0]
1343562,KXNHLDRAFTPICK-26-1-CCAR,same,0,Sports,Will Carson Carels be drafted 1st overall in the 2026 NHL Draft?,Will Carson Carels be picked 1st in the NHL Draft?,9448.314279999999,2026-06-26T23:28:10Z,36,1.429166666666667,4.8500000000000005,33.33333333333333,0.0,0.0,0,[]
1390414,KXEUROVISIONRANK-26TOP10-FIN,same,0,Entertainment,Will Finland be in the top 10 at Eurovision 2026?,Will Finland be Top 10?,324204.21650099976,2026-05-16T23:16:44Z,9,1.4222222222222234,4.5000000000000036,33.33333333333333,0.0,0.0,0,[]
959246,KXKYPRIMARY-06R26-GPLU,same,0,Elections,Will Greg Plucinski be the Republican Nominee for KY-06?,Will Greg Plucinski be the Republican nominee for KY-06?,1078.923165,2026-05-20T01:13:05Z,27,1.3925925925925926,2.9499999999999997,11.11111111111111,0.0,0.0,0,[]
959247,KXKYPRIMARY-06R26-AARQ,same,0,Elections,Will Adam Perez Arquette be the Republican Nominee for KY-06?,Will Adam Perez Arquette be the Republican nominee for KY-06?,3689.331362,2026-05-20T01:13:05Z,29,1.386206896551724,4.949999999999999,24.137931034482758,0.0,0.0,0,[]
2723664,KXWCGOAL-26JUL01BELSEN-SENISARR7-2,same,0,Sports,Ismaïla Sarr: 2+ goals,Ismaila Sarr: 2+ goals,45971.109706000025,2026-07-01T23:00:11Z,3,1.3833333333333335,2.0000000000000004,33.33333333333333,0.0,0.0,0,[]
2734815,KXWCAST-26JUL02ESPAUT-ESPLYAMAL10-2,same,0,Sports,Lamine Yamal: 2+ assists,Lamine Yamal: 2+ assists?,16562.113424000003,2026-07-02T20:47:24Z,2,1.3500000000000005,2.3500000000000005,50.0,0.0,0.0,0,[]
1390353,KXEUROVISIONRANK-26TOP3-POL,same,0,Entertainment,Will Poland be in the top 3 at Eurovision 2026?,Will Poland be Top 3?,14257.234952999996,2026-05-16T23:26:48Z,7,1.35,3.5000000000000004,14.285714285714285,0.0,0.0,0,[]
1653184,KXGAPRIMARY-13D262-JLES,same,0,Elections,Will Joe Lester be the Democratic nominee for GA-13?,Will Joe Lester be the Democratic nominee for GA-13?,3430.806518000001,2026-05-20T02:09:38Z,14,1.3499999999999999,2.25,7.142857142857142,0.0,0.0,0,[]
2674145,KXCOPRIMARY-05D26-JREA,same,0,Elections,Will Joe Reagan be the Democratic nominee for CO-05?,Will Joe Reagan be the Democratic nominee for CO-05?,22343.770163999998,2026-07-01T01:57:26Z,6,1.341666666666667,3.5000000000000004,33.33333333333333,0.0,0.0,0,[]
2703366,KXATPSETWINNER-26JUN29COLFIL-1-FIL,inverse,0,Sports,Set 1 Winner: Collignon vs Fils,Will Arthur Fils win set 1 in the Raphael Collignon vs Arthur Fils match,2919.885032,2026-06-30T16:03:19Z,3,1.3333333333333364,2.0000000000000018,33.33333333333333,0.0,0.0,0,[]
2703069,KXATPSETWINNER-26JUN29LEHPOP-1-POP,inverse,0,Sports,Set 1 Winner: Lehecka vs Popyrin,Will Alexei Popyrin win set 1 in the Jiri Lehecka vs Alexei Popyrin match,1300.772532,2026-06-30T17:57:01Z,3,1.3333333333333346,2.500000000000002,33.33333333333333,0.0,0.0,0,[]
1390350,KXEUROVISIONRANK-26TOP3-MOL,same,0,Entertainment,Will Moldova be in the top 3 at Eurovision 2026?,Will Moldova be Top 3?,4118.334177,2026-05-16T23:26:42Z,6,1.3333333333333337,2.95,33.33333333333333,0.0,0.0,0,[]
2415462,KXWCROUND-26RO16-ESP,same,0,Sports,Will Spain reach the Round of 16 at the 2026 FIFA World Cup?,Will Spain qualify for FIFA World Cup Round of 16?,231413.3356729997,2026-07-02T21:19:50Z,30,1.3333333333333333,3.500000000000003,30.0,0.0,0.0,0,[]
2415470,KXWCROUND-26RO16-ARG,same,0,Sports,Will Argentina reach the Round of 16 at the 2026 FIFA World Cup?,Will Argentina qualify for FIFA World Cup Round of 16?,394097.5462430005,2026-07-04T01:00:13Z,31,1.3225806451612885,4.5000000000000036,12.903225806451612,0.0,0.0,0,[]
2305865,KXMDPRIMARY-07D26-TGIL,same,0,Elections,Will Theo Gillespie be the Democratic nominee for MD-07?,Will Theo Gillespie be the Democratic nominee for MD-07?,2636.1638669999998,2026-06-24T00:35:49Z,18,1.3222222222222222,3.15,5.555555555555555,0.0,0.0,0,[]
1390399,KXEUROVISIONRANK-26TOP5-SWI,same,0,Entertainment,Will Switzerland be in the top 5 at Eurovision 2026?,Will Switzerland be Top 5?,5114.45334,2026-05-16T23:24:30Z,6,1.3166666666666667,2.45,33.33333333333333,0.0,0.0,0,[]
1087765,KXFOWOMEN-26-KEY,same,0,Sports,Will Madison Keys win the 2026 Women’s French Open?,Will Madison Keys win the French Open?,206267.46587200006,2026-06-01T15:11:12Z,76,1.3138157894736844,6.25,22.36842105263158,1.3157894736842104,0.0,1,[2.0]
789543,KXKY4R-26-RWEL,same,0,Elections,Will Robert Wells Jr. be the Republican nominee for KY-04?,Will Robert Wells be the Republican nominee for KY-4?,66818.699874,2026-05-19T23:56:29Z,117,1.3106837606837614,9.35,17.094017094017094,11.11111111111111,0.0,2,"[12.0, 2.0]"
2045038,KXMDPRIMARY-05D26-WKIR,same,0,Elections,Will Walter Kirkland be the Democratic nominee for MD-05?,Will Walter Kirkland be the Democratic nominee for MD-05?,1169.1595,2026-06-24T01:34:18Z,10,1.31,3.2,10.0,0.0,0.0,0,[]
943489,KXSENATEORR-26-RMCA,same,0,Elections,Will Russell McAlmond be the Republican nominee for Senate in Oregon?,Will Russ McAlmond be the Republican nominee for the Senate in Oregon?,16056.670449000005,2026-05-23T18:52:36Z,23,1.3043478260869563,4.3,21.73913043478261,0.0,0.0,0,[]
2722020,KXWCGOAL-26JUL01ENGCOD-ENGHKANE9-3,same,0,Sports,Harry Kane: 3+ goals,Harry Kane: 3+ goals,14134.767116000003,2026-07-01T18:20:06Z,3,1.3,1.7999999999999996,0.0,0.0,0.0,0,[]
2494067,KXWCGOAL-26JUN15ESPCPV-ESPDOLMO20-3,same,0,Sports,Dani Olmo: 3+ goals,Dani Olmo: 3+ goals,6681.1,2026-06-15T18:50:18Z,2,1.2999999999999998,2.05,50.0,0.0,0.0,0,[]
1193262,KXSURVIVOR-26DEC31-JON,same,0,Entertainment,Will Jonathan Young win Survivor Season 50?,Will Jonathan Young win Survivor Season 50?,110070.31803800003,2026-05-21T03:07:48Z,103,1.291747572815534,4.6499999999999995,17.475728155339805,0.0,0.0,0,[]
2415466,KXWCROUND-26RO16-FRA,same,0,Sports,Will France reach the Round of 16 at the 2026 FIFA World Cup?,Will France qualify for FIFA World Cup Round of 16?,554702.4256209992,2026-06-30T23:09:51Z,28,1.2857142857142858,3.9999999999999925,25.0,0.0,0.0,0,[]
1390402,KXEUROVISIONRANK-26TOP5-ARM,same,0,Entertainment,Will Armenia be in the top 5 at Eurovision 2026?,Will Armenia be Top 5?,4950.193997999999,2026-05-16T23:23:14Z,6,1.2833333333333334,1.8499999999999999,0.0,0.0,0.0,0,[]
2553312,KXPGATOUR-USO26-WCLA,same,0,Sports,Will Wyndham Clark win the 2026 U.S. Open?,Will Wyndham Clark win the U.S. Open?,789608.0929419996,2026-06-21T22:49:34Z,6,1.283333333333333,3.8000000000000034,16.666666666666664,0.0,0.0,0,[]
679586,KXSENATECOD-26-NMIN,same,0,Elections,Will Nichole Miner be the Democratic nominee for Senate in Colorado?,Will Nichole Miner be the Democratic nominee for the Senate in Colorado?,3567.6282840000003,2026-07-01T01:39:27Z,139,1.2820143884892088,43.0,15.827338129496402,0.7194244604316548,0.7194244604316548,1,[1.0]
2236228,KXCHESSNORWAY-26-VKEY,same,0,Sports,Will Vincent Keymer win Norway Chess 2026?,Will Vincent Keymer win the 2026 Men's Norway Chess?,25123.463115999995,2026-06-05T19:51:01Z,23,1.2804347826086957,3.0,30.434782608695656,0.0,0.0,0,[]
2158508,KXCS2-AST26-9Z,same,0,Sports,Will 9z win PGL Astana 2026?,Will 9z win PGL Astana?,28713.662749999996,2026-05-16T14:58:19Z,7,1.2785714285714285,5.2,14.285714285714285,14.285714285714285,0.0,1,[1.0]
787527,KXNYPRIMARY-04D26-TDAR,same,0,Elections,Will Taylor Darling be the Democratic nominee for NY-04?,Will Taylor Darling be the Democratic nominee for NY-04?,3980.7515580000004,2026-06-22T21:04:52Z,9,1.2777777777777777,1.9999999999999998,0.0,0.0,0.0,0,[]
1972642,KXNBAWFINMVP-26-DFOX,same,0,Sports,Will De'Aaron Fox win the 2026 Western Conference Finals MVP?,Who will win Western Conference Finals MVP?,3968.5078959999996,2026-05-31T02:57:09Z,34,1.2705882352941178,3.2999999999999994,32.35294117647059,0.0,0.0,0,[]
1390362,KXEUROVISIONRANK-26TOP3-ARM,same,0,Entertainment,Will Armenia be in the top 3 at Eurovision 2026?,Will Armenia be Top 3?,1443.822508,2026-05-16T23:26:22Z,5,1.2700000000000002,2.0000000000000004,20.0,0.0,0.0,0,[]
2231884,KXPGATOP5-PGC26-JAJ,same,0,Sports,Will Jared Jones finish in the Top 5 at the 2026 PGA Championship?,PGA Championship: Will Jared Jones finish top 5?,1360.494311,2026-05-16T00:26:33Z,4,1.2625,4.7,25.0,0.0,0.0,0,[]
695090,KXNY12D-26-CCLI,same,0,Elections,Will Chelsea Clinton be the democratic nominee for NY-12?,Will Chelsea Clinton be the Democratic nominee for NY-12?,11856.323499999986,2026-06-24T02:09:47Z,135,1.257037037037037,7.500000000000001,36.2962962962963,0.7407407407407408,0.0,1,[1.0]
2045806,KXCAPRIMARY-4126-SWIL,same,0,Elections,Will Shonique Williams advance from the CA-41 primary election?,Will Shonique Williams advance in the 2026 CA-41 primary?,1671.2506000000003,2026-06-03T14:22:00Z,11,1.2545454545454549,2.5,18.181818181818183,0.0,0.0,0,[]
1087774,KXFOWOMEN-26-PEG,same,0,Sports,Will Jessica Pegula win the 2026 Women’s French Open?,Will Jessica Pegula win the French Open?,359375.03948699986,2026-05-26T23:56:43Z,84,1.2517857142857143,4.55,15.476190476190476,0.0,0.0,0,[]
2455405,KXATPSETWINNER-26JUN08ZHABRO-1-ZHA,same,0,Sports,Set 1 Winner: Zhang vs Brooksby,Will Zhizhen Zhang win set 1 in the Zhizhen Zhang vs Jenson Brooksby match,1127.946154,2026-06-09T12:31:54Z,2,1.250000000000004,2.0000000000000018,50.0,0.0,0.0,0,[]
2395994,KXWTASETWINNER-26JUN01CHWPAR-1-PAR,inverse,0,Sports,Set 1 Winner: Chwalinska vs Parry,Will Diane Parry win set 1 in the Maja Chwalinska vs Diane Parry match,4402.842057999999,2026-06-01T13:45:42Z,2,1.250000000000001,1.5000000000000013,0.0,0.0,0.0,0,[]
2395442,KXATPSETWINNER-26JUN01COBSVA-1-SVA,inverse,0,Sports,Set 1 Winner: Cobolli vs Svajda,Will Zachary Svajda win set 1 in the Flavio Cobolli vs Zachary Svajda match,5100.246876,2026-06-01T10:01:57Z,2,1.250000000000001,1.5000000000000013,0.0,0.0,0.0,0,[]
2732978,KXWTASETWINNER-26JUL01MARJOV-1-MAR,same,0,Sports,Set 1 Winner: Maria vs Jovic,Will Tatjana Maria win set 1 in the Tatjana Maria vs Iva Jovic match,1783.404411,2026-07-01T16:32:32Z,2,1.250000000000001,1.5000000000000013,0.0,0.0,0.0,0,[]
2480127,KXWTASETWINNER-26JUN10MONMIN-1-MON,same,0,Sports,Set 1 Winner: Montgomery vs Minnen,Will Robin Montgomery win set 1 in the Robin Montgomery vs Greet Minnen match,1118.4888409999999,2026-06-11T09:56:12Z,2,1.250000000000001,2.0000000000000018,50.0,0.0,0.0,0,[]
2704261,KXATPSETWINNER-26JUN29SHACAR-2-SHA,same,0,Sports,Set 2 Winner: Shapovalov vs Busta,Will Denis Shapovalov win set 2 in the Denis Shapovalov vs Pablo Carreno Busta match,1756.0955900000001,2026-06-29T14:09:06Z,2,1.250000000000001,2.0000000000000018,50.0,0.0,0.0,0,[]
2387275,KXWTASETWINNER-26MAY31CIRWAN-1-WAN,inverse,0,Sports,Set 1 Winner: Cirstea vs Wang,Will Xiyu Wang win set 1 in the Sorana Cirstea vs Xiyu Wang match,1961.1090759999997,2026-05-31T10:03:06Z,2,1.250000000000001,1.5000000000000013,0.0,0.0,0.0,0,[]
2472011,KXATPSETWINNER-26JUN10BORCIL-1-CIL,inverse,0,Sports,Set 1 Winner: Borges vs Cilic,Will Marin Cilic win set 1 in the Nuno Borges vs Marin Cilic match,1878.117566,2026-06-11T14:21:00Z,2,1.250000000000001,2.0000000000000018,50.0,0.0,0.0,0,[]
2371181,KXATPSETWINNER-26MAY29KHADEJ-1-KHA,same,0,Sports,Set 1 Winner: Khachanov vs Jong,Will Karen Khachanov win set 1 in the Karen Khachanov vs Jesper De Jong match,5826.798748,2026-05-29T15:12:13Z,2,1.250000000000001,1.5000000000000013,0.0,0.0,0.0,0,[]
2371229,KXWTASETWINNER-26MAY29SVIKOR-1-SVI,same,0,Sports,Set 1 Winner: Svitolina vs Korpatsch,Will Elina Svitolina win set 1 in the Elina Svitolina vs Tamara Korpatsch match,2763.482328,2026-05-29T15:26:40Z,2,1.250000000000001,1.5000000000000013,0.0,0.0,0.0,0,[]
2337601,KXATPSETWINNER-26MAY24RINROD-1-ROD,inverse,0,Sports,Set 1 Winner: Rinderknech vs Rodionov,Will Jurij Rodionov win set 1 in the Arthur Rinderknech vs Jurij Rodionov match,1121.415307,2026-05-25T10:35:37Z,2,1.250000000000001,1.5000000000000013,0.0,0.0,0.0,0,[]
2455413,KXATPSETWINNER-26JUN08DIAMAN-1-MAN,inverse,0,Sports,Set 1 Winner: Diallo vs Mannarino,Will Adrian Mannarino win set 1 in the Gabriel Diallo vs Adrian Mannarino match,1024.1440870000001,2026-06-09T10:41:28Z,2,1.250000000000001,2.0000000000000018,50.0,0.0,0.0,0,[]
2610446,KXWCGOAL-26JUN22FRAIRQ-FRAKMBAPP10-2,same,0,Sports,Kylian Mbappé: 2+ goals,Kylian Mbappe: 2+ goals,306135.1361759997,2026-06-23T00:45:17Z,2,1.250000000000001,2.0000000000000018,50.0,0.0,0.0,0,[]
2382228,KXWTASETWINNER-26MAY30SAKCHW-1-SAK,same,0,Sports,Set 1 Winner: Sakkari vs Chwalinska,Will Maria Sakkari win set 1 in the Maria Sakkari vs Maja Chwalinska match,1781.5899850000008,2026-05-30T09:47:28Z,2,1.250000000000001,2.500000000000002,50.0,0.0,0.0,0,[]
2703651,KXATPSETWINNER-26JUN29YIBDJO-1-YIB,same,0,Sports,Set 1 Winner: Wu vs Djokovic,Will Yibing Wu win set 1 in the Yibing Wu vs Novak Djokovic match,5772.7251719999995,2026-06-29T18:53:05Z,2,1.250000000000001,1.5000000000000013,0.0,0.0,0.0,0,[]
2657708,KXWCGOAL-26JUN26NORFRA-FRAKMBAPP10-1,same,0,Sports,Kylian Mbappé: 1+ goals,Kylian Mbappe: 1+ goals,585217.5119690018,2026-06-26T20:51:26Z,2,1.250000000000001,1.5000000000000013,0.0,0.0,0.0,0,[]
2728429,KXWCAST-26JUL01BELSEN-SENISARR7-1,same,0,Sports,Ismaïla Sarr: 1+ assists,Ismaila Sarr: 1+ assists?,6845.992928000001,2026-07-01T23:00:03Z,2,1.2500000000000004,2.0000000000000004,50.0,0.0,0.0,0,[]
2717441,KXWCGOAL-26JUN30FRASWE-FRAKMBAPP10-3,same,0,Sports,Kylian Mbappé: 3+ goals,Kylian Mbappe: 3+ goals,71483.34854699997,2026-06-30T22:43:18Z,2,1.2499999999999998,1.9999999999999991,0.0,0.0,0.0,0,[]
2573696,KXWCGOAL-26JUN19TURPAR-TURAGULER15-1,same,0,Sports,Arda Güler: 1+ goals,Arda Guler: 1+ goals,15240.838067000008,2026-06-20T06:04:49Z,2,1.2499999999999998,1.5000000000000013,0.0,0.0,0.0,0,[]
2696228,KXWCGOAL-26JUN29BRAJPN-BRABGUIMA39-1,same,0,Sports,Bruno Guimarães: 1+ goals,Bruno Guimaraes: 1+ goals,3496.4033870000007,2026-06-29T18:59:52Z,2,1.2499999999999998,1.5,0.0,0.0,0.0,0,[]
2717571,KXWCAST-26JUN30CIVNOR-CIVNPEPE19-1,same,0,Sports,Nicolas Pépé: 1+ assists,Nicolas Pepe: 1+ assists?,5912.040234,2026-06-30T18:47:23Z,2,1.2499999999999998,1.9999999999999991,0.0,0.0,0.0,0,[]
2720070,KXWCAST-26JUN30CIVNOR-NOREHAALA9-1,same,0,Sports,Erling Haaland: 1+ assists,Erling Haaland: 1+ assists?,9634.543893999999,2026-06-30T19:04:34Z,2,1.2499999999999991,1.9999999999999991,0.0,0.0,0.0,0,[]
2492775,KXWTASETWINNER-26JUN11JOVANI-1-JOV,same,0,Sports,Set 1 Winner: Jovic vs Anisimova,Will Iva Jovic win set 1 in the Iva Jovic vs Amanda Anisimova match,1634.886536,2026-06-12T15:24:06Z,2,1.2499999999999982,1.9999999999999962,0.0,0.0,0.0,0,[]
2703773,KXATPSETWINNER-26JUN29DEJHIJ-3-HIJ,inverse,0,Sports,Set 3 Winner: Jong vs Hijikata,Will Rinky Hijikata win set 3 in the Jesper De Jong vs Rinky Hijikata match,1019.977255,2026-06-30T12:09:01Z,2,1.2499999999999976,2.499999999999995,50.0,0.0,0.0,0,[]
2329438,KXATPSETWINNER-26MAY24KHAGEA-1-KHA,same,0,Sports,Set 1 Winner: Khachanov vs Gea,Will Karen Khachanov win set 1 in the Karen Khachanov vs Arthur Gea match,2326.0414889999997,2026-05-24T13:21:20Z,2,1.2499999999999956,1.5000000000000013,0.0,0.0,0.0,0,[]
2619728,KXATPSETWINNER-26JUN22BURFER-1-FER,inverse,0,Sports,Set 1 Winner: Burruchaga vs Fery,Will Arthur Fery win set 1 in the Roman Andres Burruchaga vs Arthur Fery match,1728.428439,2026-06-23T14:28:50Z,2,1.2499999999999956,1.4999999999999958,0.0,0.0,0.0,0,[]
2355689,KXATPSETWINNER-26MAY27KHATRU-1-TRU,inverse,0,Sports,Set 1 Winner: Khachanov vs Trungelliti,Will Marco Trungelliti win set 1 in the Karen Khachanov vs Marco Trungelliti match,2668.203668,2026-05-27T10:34:32Z,2,1.2499999999999956,1.5000000000000013,0.0,0.0,0.0,0,[]
2329307,KXATPSETWINNER-26MAY24KECMAR-1-MAR,inverse,0,Sports,Set 1 Winner: Kecmanovic vs Marozsan,Will Fabian Marozsan win set 1 in the Miomir Kecmanovic vs Fabian Marozsan match,3299.818162,2026-05-24T10:17:29Z,2,1.2499999999999956,1.4999999999999902,0.0,0.0,0.0,0,[]
1390346,KXEUROVISIONRANK-26TOP3-LAT,same,0,Entertainment,Will Latvia be in the top 3 at Eurovision 2026?,Will Latvia be Top 3?,1483.975783,2026-05-16T23:26:22Z,5,1.24,1.8500000000000003,0.0,0.0,0.0,0,[]
1390342,KXEUROVISIONRANK-26TOP3-GER,same,0,Entertainment,Will Germany be in the top 3 at Eurovision 2026?,Will Germany be Top 3?,16531.328724000006,2026-05-16T23:26:24Z,7,1.2357142857142858,2.75,14.285714285714285,0.0,0.0,0,[]
2553264,KXPGATOUR-USO26-SSCH,same,0,Sports,Will Scottie Scheffler win the 2026 U.S. Open?,Will Scottie Scheffler win the U.S. Open?,389915.3337149995,2026-06-21T22:49:34Z,6,1.233333333333334,2.099999999999999,16.666666666666664,0.0,0.0,0,[]
2734782,KXWCGOAL-26JUL02ESPAUT-ESPMOYARZ10-3,same,0,Sports,Mikel Oyarzabal: 3+ goals,Mikel Oyarzabal: 3+ goals,9993.997374999999,2026-07-02T21:09:49Z,3,1.2333333333333332,2.5,33.33333333333333,0.0,0.0,0,[]
824268,KXGOVNMNOMR-26-JSAN,same,1,Elections,Will John Sanchez win the 2026 New Mexico Governor Republican primary election?,Will John Sanchez be the Republican nominee for Governor in New Mexico?,24688.641198,2026-06-03T04:03:59Z,132,1.2303030303030305,4.500000000000001,4.545454545454546,0.0,0.0,0,[]
1892308,KXCS2-IEMCOL26-AUR,same,0,Sports,Will Aurora win IEM Cologne Major 2026?,Will Aurora Gaming win IEM Cologne?,1359820.4804889956,2026-06-20T16:50:13Z,20,1.23,5.15,10.0,5.0,0.0,1,[1.0]
1390332,KXEUROVISIONRANK-26TOP3-BEL,same,0,Entertainment,Will Belgium be in the top 3 at Eurovision 2026?,Will Belgium be Top 3?,3307.947426,2026-05-16T23:26:22Z,8,1.225,2.9000000000000004,37.5,0.0,0.0,0,[]
1554099,KXNEWARKMAYOR-26-SMON,same,0,Elections,Will Sheila Montague win the Newark mayoral election?,Who will win the 2026 Newark mayoral election (including any runoffs)?,4925.012457,2026-05-13T14:46:27Z,12,1.2208333333333334,2.5,16.666666666666664,0.0,0.0,0,[]
1427209,KXSENATESDR-26-JMCN,same,0,Elections,Will Justin McNeal be the Republican nominee for Senate in South Dakota?,Will Justin McNeal be the Republican nominee for the Senate in South Dakota?,24195.36895600002,2026-06-03T02:32:26Z,34,1.2191176470588232,7.999999999999999,14.705882352941178,2.941176470588235,0.0,1,[2.0]
1012318,KXIPL-26-RR,same,0,Sports,Will Rajasthan Royals win the 2026 Indian Premier League?,Will Rajasthan Royals win the IPL?,333688.7434459998,2026-05-29T17:57:00Z,84,1.216071428571429,5.499999999999999,15.476190476190476,1.1904761904761905,0.0,1,[1.0]
1012313,KXIPL-26-GT,same,0,Sports,Will Gujarat Titans win the 2026 Indian Premier League?,Will Gujarat Titans win the IPL?,300176.60435999994,2026-05-31T18:00:44Z,72,1.2152777777777777,4.5,15.277777777777779,0.0,0.0,0,[]
1087519,KXFOMEN-26-MUS,same,0,Sports,Will Lorenzo Musetti win the 2026 Men's French Open?,Will Lorenzo Musetti win the French Open?,8334215.5695090005,2026-05-23T14:26:31Z,90,1.2,7.1499999999999995,11.11111111111111,3.3333333333333335,0.0,1,[2.0]
1087772,KXFOWOMEN-26-MBO,same,0,Sports,Will Victoria Mboko win the 2026 Women’s French Open?,Will Victoria Mboko win the French Open?,359887.5645630005,2026-05-30T21:11:15Z,78,1.1891025641025639,6.25,12.82051282051282,2.564102564102564,0.0,2,"[1.0, 1.0]"
1012319,KXIPL-26-RCB,same,0,Sports,Will Royal Challengers Bengaluru win the 2026 Indian Premier League?,Will Royal Challengers Bengaluru win the IPL?,232992.97515699986,2026-05-31T18:00:44Z,88,1.181818181818182,6.5,18.181818181818183,1.1363636363636365,0.0,1,[1.0]
1390370,KXEUROVISIONRANK-26TOP5-CYP,same,0,Entertainment,Will Cyprus be in the top 5 at Eurovision 2026?,Will Cyprus be Top 5?,48586.35109400002,2026-05-16T23:23:14Z,8,1.18125,3.0,25.0,0.0,0.0,0,[]
1892311,KXCS2-IEMCOL26-FURIA,same,0,Sports,Will FURIA win IEM Cologne Major 2026?,Will FURIA win IEM Cologne?,1634990.291204003,2026-06-21T18:10:39Z,21,1.1785714285714286,5.55,9.523809523809524,4.761904761904762,0.0,1,[1.0]
1390328,KXEUROVISIONRANK-26TOP3-ALB,same,0,Entertainment,Will Albania be in the top 3 at Eurovision 2026?,Will Albania be Top 3?,3230.816020999999,2026-05-16T23:26:22Z,6,1.1749999999999998,4.0,16.666666666666664,0.0,0.0,0,[]
1087767,KXFOWOMEN-26-PAO,same,0,Sports,Will Jasmine Paolini win the 2026 Women’s French Open?,Will Jasmine Paolini win the French Open?,132929.74025499995,2026-05-28T20:00:45Z,84,1.1720238095238096,7.9,13.095238095238097,2.380952380952381,0.0,1,[4.0]
2703137,KXATPSETWINNER-26JUN29KOPCHO-2-KOP,same,0,Sports,Set 2 Winner: Kopriva vs Choinski,Will Vit Kopriva win set 2 in the Vit Kopriva vs Jan Choinski match,1124.177534,2026-06-30T18:32:17Z,3,1.1666666666666714,2.0000000000000018,33.33333333333333,0.0,0.0,0,[]
2704825,KXWTASETWINNER-26JUN30SVISNI-1-SVI,same,0,Sports,Set 1 Winner: Svitolina vs Snigur,Will Elina Svitolina win set 1 in the Elina Svitolina vs Daria Snigur match,1494.408698,2026-06-30T16:57:05Z,3,1.1666666666666676,2.0000000000000018,33.33333333333333,0.0,0.0,0,[]
2329417,KXATPSETWINNER-26MAY24KOKATM-1-KOK,same,0,Sports,Set 1 Winner: Kokkinakis vs Atmane,Will Thanasi Kokkinakis win set 1 in the Thanasi Kokkinakis vs Terence Atmane match,1208.286832,2026-05-25T12:46:28Z,3,1.1666666666666676,1.5000000000000013,0.0,0.0,0.0,0,[]
2703435,KXATPSETWINNER-26JUN29MENSAM-1-SAM,inverse,0,Sports,Set 1 Winner: Mensik vs Samuel,Will Toby Samuel win set 1 in the Jakub Mensik vs Toby Samuel match,2503.905759,2026-06-30T14:43:39Z,3,1.1666666666666676,3.0000000000000027,33.33333333333333,0.0,0.0,0,[]
2162768,KXEPLBTTS-26MAY17MUNNFO,same,0,Sports,Manchester United FC vs. Nottingham Forest FC: Both Teams to Score,Nottingham at Manchester United: Both Teams to Score,53878.536943000014,2026-05-17T13:31:29Z,9,1.166666666666664,1.5000000000000013,0.0,0.0,0.0,0,[]
1390397,KXEUROVISIONRANK-26TOP5-SER,same,0,Entertainment,Will Serbia be in the top 5 at Eurovision 2026?,Will Serbia be Top 5?,30479.912861000004,2026-05-16T23:24:25Z,8,1.1625,2.7500000000000004,12.5,0.0,0.0,0,[]
1087779,KXFOWOMEN-26-OSA,same,0,Sports,Will Naomi Osaka win the 2026 Women’s French Open?,Will Naomi Osaka win the French Open?,113041.96036299999,2026-06-01T20:21:03Z,61,1.1426229508196721,14.249999999999998,13.114754098360656,3.278688524590164,1.639344262295082,1,[1.0]
1892312,KXCS2-IEMCOL26-MGLZ,same,0,Sports,Will The MongolZ win IEM Cologne Major 2026?,Will The Mongolz win IEM Cologne?,909822.5671579883,2026-06-16T00:32:51Z,15,1.1366666666666665,4.25,6.666666666666667,0.0,0.0,0,[]
1653183,KXGAPRIMARY-13D262-HKIM,same,0,Elections,Will Heavenly Kimes be the Democratic nominee for GA-13?,Will Heavenly Kimes be the Democratic nominee for GA-13?,3625.602586000001,2026-05-20T02:09:38Z,14,1.1285714285714286,3.6999999999999997,14.285714285714285,0.0,0.0,0,[]
1390374,KXEUROVISIONRANK-26TOP5-FIN,same,0,Entertainment,Will Finland be in the top 5 at Eurovision 2026?,Will Finland be Top 5?,229324.502327,2026-05-16T23:23:14Z,8,1.1249999999999996,2.499999999999991,25.0,0.0,0.0,0,[]
2640190,KXPGATOUR-TRAV26-VHOV,same,0,Sports,Will Viktor Hovland win the 2026 Travelers Championship?,Will Viktor Hovland win the Travelers Championship?,189326.3375680002,2026-06-29T13:23:12Z,7,1.1214285714285714,4.549999999999999,14.285714285714285,0.0,0.0,0,[]
1390406,KXEUROVISIONRANK-26TOP10-AZE,same,0,Entertainment,Will Azerbaijan be in the top 10 at Eurovision 2026?,Will Azerbaijan be Top 10?,24466.634190000008,2026-05-16T23:18:17Z,6,1.1166666666666667,2.1999999999999997,16.666666666666664,0.0,0.0,0,[]
1448086,KXNJPRIMARY-12D26-MADA,same,0,Elections,Will Matthew Adams be the Democratic Nominee for NJ-12?,Will Matt Adams be the Democratic nominee for NJ-12?,1415.9572080000003,2026-06-03T02:34:47Z,28,1.1142857142857143,4.05,7.142857142857142,0.0,0.0,0,[]
943487,KXSENATEORR-26-TSKE,same,0,Elections,Will Tim Skelton be the Republican nominee for Senate in Oregon?,Will Tim Skelton be the Republican nominee for the Senate in Oregon?,9784.419133000005,2026-05-23T18:52:36Z,22,1.1090909090909091,4.550000000000001,4.545454545454546,0.0,0.0,0,[]
695094,KXNY12D-26-SSTR,same,0,Elections,Will Scott Stringer be the democratic nominee for NY-12?,Wil Scott Stringer be the Democratic nominee for NY-12?,60602.37632299997,2026-06-24T02:09:47Z,135,1.1022222222222222,7.5,27.40740740740741,0.7407407407407408,0.0,1,[1.0]
1530725,KXEPLTOTAL-26MAY13MCICRY-2,same,0,Sports,Manchester City FC vs. Crystal Palace FC: O/U 2.5,Crystal Palace at Manchester City: Totals,86514.17753599996,2026-05-13T20:56:29Z,10,1.100000000000001,2.500000000000002,30.0,0.0,0.0,0,[]
1653182,KXGAPRIMARY-13D262-EJON,same,0,Elections,Will Emanuel Jones be the Democratic nominee for GA-13?,Will Emanuel Jones be the Democratic nominee for GA-13?,6068.003134999999,2026-05-20T02:09:38Z,9,1.1,3.15,22.22222222222222,0.0,0.0,0,[]
2263959,KXKYPRIMARY-06D26-DKLO,same,0,Elections,Will David Kloiber be the Democratic Nominee for KY-06?,Will David Kloiber be the Democratic nominee for KY-06?,1954.466923,2026-05-20T02:05:54Z,4,1.0999999999999999,1.8499999999999999,0.0,0.0,0.0,0,[]
2263956,KXKYPRIMARY-06D26-HCAR,same,0,Elections,Will Harvey Carroll be the Democratic Nominee for KY-06?,Will Harvey Carroll be the Democratic nominee for KY-06?,1481.049117,2026-05-20T02:05:54Z,4,1.0875,1.8000000000000003,0.0,0.0,0.0,0,[]
1012312,KXIPL-26-DC,same,0,Sports,Will Delhi Capitals win the 2026 Indian Premier League?,Will Delhi Capitals win the IPL?,598400.7645569997,2026-05-24T16:08:42Z,69,1.079710144927536,5.5,8.695652173913043,1.4492753623188406,0.0,2,"[1.0, 1.0]"
1193260,KXSURVIVOR-26DEC31-STE,same,0,Entertainment,Will Stephenie LaGrossa Kendrick win Survivor Season 50?,Will Stephenie LaGrossa Kendrick win Survivor Season 50?,61424.42831299997,2026-05-21T03:07:48Z,108,1.076851851851852,10.25,10.185185185185185,1.8518518518518516,0.9259259259259258,1,[1.0]
2553277,KXPGATOUR-USO26-JRAH,same,0,Sports,Will Jon Rahm win the 2026 U.S. Open?,Will Jon Rahm win the U.S. Open?,90863.65919100003,2026-06-20T01:10:57Z,4,1.0750000000000002,1.5000000000000013,0.0,0.0,0.0,0,[]
2045034,KXMDPRIMARY-05D26-RCOL,same,0,Elections,Will Reuben Collins II be the Democratic nominee for MD-05?,Will Reuben Collins II be the Democratic nominee for MD-05?,1871.2592719999998,2026-06-24T01:34:18Z,4,1.0750000000000002,2.9,25.0,0.0,0.0,0,[]
1087766,KXFOWOMEN-26-ANI,same,0,Sports,Will Amanda Anisimova win the 2026 Women’s French Open?,Will Amanda Anisimova win the French Open?,376903.7088270006,2026-05-30T21:11:14Z,80,1.0725000000000002,3.3499999999999996,7.5,0.0,0.0,0,[]
2113524,KXLALIGABTTS-26MAY12RBBELC,same,0,Sports,Real Betis Balompié vs. Elche CF: Both Teams to Score,Elche at Real Betis: Both Teams to Score,34542.19804200004,2026-05-12T20:05:13Z,7,1.071428571428571,2.0000000000000018,14.285714285714285,0.0,0.0,0,[]
1193271,KXSURVIVOR-26DEC31-BEN,same,0,Entertainment,"Will Benjamin ""Coach"" Wade win Survivor Season 50?",Will Benjamin “Coach” Wade win Survivor Season 50?,34973.25374999998,2026-05-21T03:07:48Z,120,1.067083333333333,3.6000000000000005,10.0,0.0,0.0,0,[]
1087777,KXFOWOMEN-26-NAV,same,0,Sports,Will Emma Navarro win the 2026 Women’s French Open?,Will Emma Navarro win the French Open?,153062.584347,2026-05-28T20:00:45Z,64,1.05546875,28.199999999999996,10.9375,3.125,1.5625,2,"[1.0, 1.0]"
1087775,KXFOWOMEN-26-OST,same,0,Sports,Will Jelena Ostapenko win the 2026 Women’s French Open?,Will Jelena Ostapenko win the French Open?,166984.73953799994,2026-05-28T20:00:46Z,67,1.0529850746268656,9.2,17.91044776119403,2.9850746268656714,0.0,2,"[1.0, 1.0]"
2162662,KXEPLBTTS-26MAY17LEEBRI,same,0,Sports,Leeds United FC vs. Brighton & Hove Albion FC: Both Teams to Score,Brighton at Leeds United: Both Teams to Score,55478.57387600002,2026-05-17T16:01:43Z,10,1.0500000000000007,3.0000000000000027,20.0,0.0,0.0,0,[]
2162720,KXEPLBTTS-26MAY17BRECRY,same,0,Sports,Brentford FC vs. Crystal Palace FC: Both Teams to Score,Crystal Palace at Brentford: Both Teams to Score,35686.29614,2026-05-17T16:05:40Z,10,1.0499999999999976,3.0000000000000027,10.0,0.0,0.0,0,[]
1087517,KXFOMEN-26-FIL,same,0,Sports,Will Arthur Fils win the 2026 Men's French Open?,Will Arthur Fils win the French Open?,625666.7477280017,2026-05-23T21:20:13Z,72,1.0409722222222222,7.500000000000001,8.333333333333332,2.7777777777777777,0.0,1,[1.0]
1343563,KXNHLDRAFTPICK-26-1-CMAL,same,0,Sports,Will Caleb Malhotra be drafted 1st overall in the 2026 NHL Draft?,Will Caleb Malhotra be picked 1st in the NHL Draft?,10503.401294,2026-06-26T23:28:10Z,39,1.0333333333333337,3.6500000000000004,12.82051282051282,0.0,0.0,0,[]
1087520,KXFOMEN-26-RUU,same,0,Sports,Will Casper Ruud win the 2026 Men's French Open?,Will Casper Ruud win the French Open?,983308.2274579993,2026-05-31T22:40:12Z,74,1.0283783783783784,9.05,4.054054054054054,2.7027027027027026,0.0,1,[2.0]
2471017,KXPGATOUR-RBBCAN26-BKOE,same,0,Sports,Will Brooks Koepka win the 2026 RBC Canadian Open?,Will Brooks Koepka win the RBC Canadian Open?,22644.695789999994,2026-06-14T15:20:03Z,6,1.0166666666666668,2.3500000000000005,16.666666666666664,0.0,0.0,0,[]
1390366,KXEUROVISIONRANK-26TOP5-AZE,same,0,Entertainment,Will Azerbaijan be in the top 5 at Eurovision 2026?,Will Azerbaijan be Top 5?,29749.536061999992,2026-05-16T23:23:14Z,6,1.0166666666666666,2.4,16.666666666666664,0.0,0.0,0,[]
1087770,KXFOWOMEN-26-KRE,same,0,Sports,Will Barbora Krejčíková win the 2026 Women’s French Open?,Will Barbora Krejcikova win the French Open?,49645.991802000004,2026-05-24T15:50:27Z,57,1.013157894736842,9.2,14.035087719298245,1.7543859649122806,0.0,1,[1.0]
2731241,KXPGATOUR-JODC26-JKOI,same,0,Sports,Will Jackson Koivun win the 2026 John Deere Classic?,Will Jackson Koivun win the John Deere Classic?,1864.8000000000002,2026-07-04T01:09:54Z,4,1.0125,1.8999999999999997,0.0,0.0,0.0,0,[]
1892283,KXCS2-IEMCOL26-BB,same,0,Sports,Will BetBoom win IEM Cologne Major 2026?,Will BetBoom Team win IEM Cologne?,1228875.997112994,2026-06-18T16:58:02Z,17,1.0117647058823531,2.65,5.88235294117647,0.0,0.0,0,[]
1892302,KXCS2-IEMCOL26-9Z,same,0,Sports,Will 9z win IEM Cologne Major 2026?,Will 9z win IEM Cologne?,1162324.446133997,2026-06-18T20:53:39Z,17,1.0117647058823531,2.3,5.88235294117647,0.0,0.0,0,[]
1193265,KXSURVIVOR-26DEC31-COL,same,0,Entertainment,Will Colby Donaldson win Survivor Season 50?,Will Colby Donaldson win Survivor Season 50?,46153.70245800001,2026-05-21T03:07:48Z,100,1.0094999999999998,4.1,11.0,0.0,0.0,0,[]
2357647,KXCAPRIMARY-2726-JGIB,same,0,Elections,Will Jason Gibbs advance from the CA-27 primary election?,Will Jason Gibbs advance in the 2026 CA-27 primary?,7598.866036,2026-06-03T14:17:47Z,6,1.0083333333333353,2.2499999999999964,16.666666666666664,0.0,0.0,0,[]
2158532,KXCS2-IEMATL26-PAIN,same,0,Sports,Will paiN Gaming win IEM Atlanta 2026?,Will paiN win IEM Atlanta?,31327.782756000004,2026-05-16T14:57:29Z,10,1.005,5.75,10.0,10.0,0.0,1,[1.0]
1087768,KXFOWOMEN-26-SVI,same,0,Sports,Will Elina Svitolina win the 2026 Women’s French Open?,Will Elina Svitolina win the French Open?,217391.27495400026,2026-06-02T14:10:26Z,89,1.0011235955056181,5.499999999999999,11.235955056179774,1.1235955056179776,0.0,1,[6.0]
2371242,KXWTASETWINNER-26MAY29LINSWI-1-SWI,inverse,0,Sports,Set 1 Winner: Linette vs Swiatek,Will Iga Swiatek win set 1 in the Magda Linette vs Iga Swiatek match,2798.109723,2026-05-29T10:53:04Z,2,1.0000000000000029,1.0000000000000036,0.0,0.0,0.0,0,[]
2362436,KXATPSETWINNER-26MAY27HURTIA-1-TIA,inverse,0,Sports,Set 1 Winner: Hurkacz vs Tiafoe,Will Frances Tiafoe win set 1 in the Hubert Hurkacz vs Frances Tiafoe match,2456.574295,2026-05-28T12:03:47Z,2,1.0000000000000009,1.5000000000000013,0.0,0.0,0.0,0,[]
2703718,KXATPSETWINNER-26JUN29RINTAR-2-TAR,inverse,0,Sports,Set 2 Winner: Rinderknech vs Tarvet,Will Oliver Tarvet win set 2 in the Arthur Rinderknech vs Oliver Tarvet match,2008.998397,2026-06-29T15:41:26Z,2,1.0000000000000009,1.5000000000000013,0.0,0.0,0.0,0,[]
2335181,KXATPSETWINNER-26MAY25DELROY-1-ROY,inverse,0,Sports,Set 1 Winner: Dellien vs Royer,Will Valentin Royer win set 1 in the Hugo Dellien vs Valentin Royer match,1006.81818,2026-05-24T19:06:36Z,2,1.0000000000000009,1.5000000000000013,0.0,0.0,0.0,0,[]
2623275,KXWTASETWINNER-26JUN22UDVBON-1-UDV,same,0,Sports,Set 1 Winner: Udvardy vs Bondar,Will Panna Udvardy win set 1 in the Panna Udvardy vs Anna Bondar match,1163.982351,2026-06-23T13:54:03Z,2,1.0000000000000009,2.0000000000000018,50.0,0.0,0.0,0,[]
2329283,KXATPSETWINNER-26MAY24DROMEN-1-MEN,inverse,0,Sports,Set 1 Winner: Droguet vs Mensik,Will Jakub Mensik win set 1 in the Titouan Droguet vs Jakub Mensik match,6749.420117,2026-05-24T13:26:22Z,2,1.0000000000000009,1.0000000000000009,0.0,0.0,0.0,0,[]
2702951,KXATPSETWINNER-26JUN29MOUGIR-1-MOU,same,0,Sports,Set 1 Winner: Moutet vs Giron,Will Corentin Moutet win set 1 in the Corentin Moutet vs Marcos Giron match,1080.290012,2026-06-30T15:37:17Z,3,1.0000000000000009,1.5000000000000013,0.0,0.0,0.0,0,[]
2703719,KXATPSETWINNER-26JUN29RINTAR-1-TAR,inverse,0,Sports,Set 1 Winner: Rinderknech vs Tarvet,Will Oliver Tarvet win set 1 in the Arthur Rinderknech vs Oliver Tarvet match,1526.192178,2026-06-29T14:34:11Z,2,1.0000000000000009,1.0000000000000009,0.0,0.0,0.0,0,[]
2736663,KXWTASETWINNER-26JUL01TJEKAS-2-TJE,same,0,Sports,Set 2 Winner: Tjen vs Kasatkina,Will Janice Tjen win set 2 in the Janice Tjen vs Daria Kasatkina match,5591.866471,2026-07-01T12:07:39Z,2,1.0000000000000009,1.5000000000000013,0.0,0.0,0.0,0,[]
2363356,KXATPSETWINNER-26MAY28DIATIE-1-TIE,inverse,0,Sports,Set 1 Winner: Acosta vs Tien,Will Learner Tien win set 1 in the Facundo Diaz Acosta vs Learner Tien match,2591.7318220000006,2026-05-28T10:04:24Z,2,1.0000000000000009,1.5000000000000013,0.0,0.0,0.0,0,[]
2363376,KXWTASETWINNER-26MAY28SAKLIU-1-SAK,same,0,Sports,Set 1 Winner: Sakkari vs Liu,Will Maria Sakkari win set 1 in the Maria Sakkari vs Claire Liu match,1817.603893,2026-05-28T14:45:53Z,2,1.0000000000000009,1.5000000000000013,0.0,0.0,0.0,0,[]
2363306,KXATPSETWINNER-26MAY28ARNTSI-1-TSI,inverse,0,Sports,Set 1 Winner: Arnaldi vs Tsitsipas,Will Stefanos Tsitsipas win set 1 in the Matteo Arnaldi vs Stefanos Tsitsipas match,2523.626071,2026-05-28T19:03:22Z,2,1.0000000000000009,1.4999999999999958,0.0,0.0,0.0,0,[]
2704632,KXWTASETWINNER-26JUN30TOWSWI-1-TOW,same,0,Sports,Set 1 Winner: Townsend vs Swiatek,Will Taylor Townsend win set 1 in the Taylor Townsend vs Iga Swiatek match,1594.76379,2026-06-30T13:22:50Z,3,1.0000000000000009,1.5000000000000013,0.0,0.0,0.0,0,[]
2337677,KXATPSETWINNER-26MAY25RUUSAF-1-SAF,inverse,0,Sports,Set 1 Winner: Ruud vs Safiullin,Will Roman Safiullin win set 1 in the Casper Ruud vs Roman Safiullin match,2375.2650719999997,2026-05-25T15:44:32Z,2,1.0000000000000009,1.0000000000000009,0.0,0.0,0.0,0,[]
2395729,KXWTASETWINNER-26JUN01SABOSA-1-SAB,same,0,Sports,Set 1 Winner: Sabalenka vs Osaka,Will Aryna Sabalenka win set 1 in the Aryna Sabalenka vs Naomi Osaka match,14379.717293000002,2026-06-01T19:21:08Z,2,1.0000000000000009,2.0000000000000018,50.0,0.0,0.0,0,[]
2329781,KXWTASETWINNER-26MAY25PARFER-1-PAR,same,0,Sports,Set 1 Winner: Parks vs Fernandez,Will Alycia Parks win set 1 in the Alycia Parks vs Leylah Annie Fernandez match,1012.584535,2026-05-25T19:28:07Z,2,1.0000000000000009,1.5000000000000013,0.0,0.0,0.0,0,[]
2355735,KXATPSETWINNER-26MAY27FONPRI-1-PRI,inverse,0,Sports,Set 1 Winner: Fonseca vs Prizmic,Will Dino Prizmic win set 1 in the Joao Fonseca vs Dino Prizmic match,1831.6627660000001,2026-05-27T16:34:07Z,2,1.0000000000000009,1.0000000000000009,0.0,0.0,0.0,0,[]
2382187,KXATPSETWINNER-26MAY30CERLAN-1-LAN,inverse,0,Sports,Set 1 Winner: Cerundolo vs Landaluce,Will Martin Landaluce win set 1 in the Juan Manuel Cerundolo vs Martin Landaluce match,10282.354008999999,2026-05-30T13:25:58Z,2,1.0000000000000009,1.5000000000000124,0.0,0.0,0.0,0,[]
2704350,KXATPSETWINNER-26JUN29BORBOY-2-BOY,inverse,0,Sports,Set 2 Winner: Borges vs Boyer,Will Tristan Boyer win set 2 in the Nuno Borges vs Tristan Boyer match,2844.990073,2026-06-29T14:44:41Z,2,1.0000000000000009,1.5000000000000013,0.0,0.0,0.0,0,[]
2294531,KXPGATOP10-THCCBN26-PSTO,same,0,Sports,Will Preston Stout finish in the Top 10 at the 2026 THE CJ CUP Byron Nelson?,THE CJ CUP Byron Nelson: Will Preston Stout finish top 10?,2258.003,2026-05-23T01:10:57Z,4,1.0000000000000002,2.0000000000000018,25.0,0.0,0.0,0,[]
2734787,KXWCGOAL-26JUL02ESPAUT-ESPPEDR8-2,same,0,Sports,Pedri: 2+ goals,Pedri: 2+ goals,4783.451844999999,2026-07-02T20:55:27Z,3,1.0000000000000002,1.6,0.0,0.0,0.0,0,[]
2581946,KXWCAST-26JUN19USAAUS-USAFBALOG9-1,same,0,Sports,Folarin Balogun: 1+ assists,Folarin Balogun: 1+ assists?,2248.1541340000003,2026-06-19T21:00:43Z,2,1.0000000000000002,1.5,0.0,0.0,0.0,0,[]
2734825,KXWCAST-26JUL02ESPAUT-ESPPEDR8-2,same,0,Sports,Pedri: 2+ assists,Pedri: 2+ assists?,2389.174265,2026-07-02T20:55:27Z,2,1.0,1.5999999999999996,0.0,0.0,0.0,0,[]
2493871,KXWCGOAL-26JUN16FRASEN-FRAMOLISE17-2,same,0,Sports,Michael Olise: 2+ goals,Michael Olise: 2+ goals,3198.5199239999993,2026-06-16T21:15:08Z,2,0.9999999999999999,1.5000000000000007,0.0,0.0,0.0,0,[]
2610447,KXWCGOAL-26JUN22FRAIRQ-FRAKMBAPP10-3,same,0,Sports,Kylian Mbappé: 3+ goals,Kylian Mbappe: 3+ goals,133689.6119019999,2026-06-23T00:45:22Z,2,0.9999999999999996,1.5,0.0,0.0,0.0,0,[]
2329099,KXATPSETWINNER-26MAY25MULTSI-1-TSI,inverse,0,Sports,Set 1 Winner: Muller vs Tsitsipas,Will Stefanos Tsitsipas win set 1 in the Alexandre Muller vs Stefanos Tsitsipas match,1039.51818,2026-05-26T12:25:30Z,3,0.9999999999999991,1.4999999999999958,0.0,0.0,0.0,0,[]
2533079,KXATPSETWINNER-26JUN14COBTIA-1-TIA,inverse,0,Sports,Set 1 Winner: Cobolli vs Tiafoe,Will Frances Tiafoe win set 1 in the Flavio Cobolli vs Frances Tiafoe match,2916.886604,2026-06-15T15:51:47Z,2,0.9999999999999981,1.0000000000000009,0.0,0.0,0.0,0,[]
2439321,KXWTASETWINNER-26JUN06CHWAND-1-CHW,same,0,Sports,Set 1 Winner: Chwalinska vs Andreeva,Will Maja Chwalinska win set 1 in the Maja Chwalinska vs Mirra Andreeva match,18416.700144,2026-06-06T14:21:35Z,2,0.9999999999999981,1.4999999999999958,0.0,0.0,0.0,0,[]
2705154,KXWTASETWINNER-26JUN29JACOSA-1-OSA,inverse,0,Sports,Set 1 Winner: Jacquemot vs Osaka,Will Naomi Osaka win set 1 in the Elsa Jacquemot vs Naomi Osaka match,1148.9966399999998,2026-06-29T15:30:27Z,2,0.9999999999999967,1.4999999999999958,0.0,0.0,0.0,0,[]
2329493,KXATPSETWINNER-26MAY24BONZVE-1-ZVE,inverse,0,Sports,Set 1 Winner: Bonzi vs Zverev,Will Alexander Zverev win set 1 in the Benjamin Bonzi vs Alexander Zverev match,3244.782267,2026-05-24T13:02:19Z,2,0.9999999999999953,1.499999999999993,0.0,0.0,0.0,0,[]
2611995,KXWTASETWINNER-26JUN20OSAFRE-1-OSA,same,0,Sports,Set 1 Winner: Osaka vs Frech,Will Naomi Osaka win set 1 in the Naomi Osaka vs Magdalena Frech match,3916.171807,2026-06-22T11:29:39Z,2,0.9999999999999953,1.0000000000000009,0.0,0.0,0.0,0,[]
2704603,KXWTASETWINNER-26JUN30MARKEN-1-MAR,same,0,Sports,Set 1 Winner: Marcinko vs Kenin,Will Petra Marcinko win set 1 in the Petra Marcinko vs Sofia Kenin match,7332.903693,2026-06-30T11:14:01Z,3,0.9999999999999934,1.5000000000000013,0.0,0.0,0.0,0,[]
2703342,KXATPSETWINNER-26JUN29HUMBER-1-HUM,same,0,Sports,Set 1 Winner: Humbert vs Bergs,Will Ugo Humbert win set 1 in the Ugo Humbert vs Zizou Bergs match,3559.26037,2026-06-30T13:37:27Z,3,0.9999999999999934,2.499999999999991,33.33333333333333,0.0,0.0,0,[]
1390361,KXEUROVISIONRANK-26TOP3-UNI,same,0,Entertainment,Will United Kingdom be in the top 3 at Eurovision 2026?,Will United Kingdom be Top 3?,1543.6335129999998,2026-05-16T23:27:25Z,7,0.9928571428571428,2.5,14.285714285714285,0.0,0.0,0,[]
1193273,KXSURVIVOR-26DEC31-EMI,same,0,Entertainment,Will Emily Flippen win Survivor Season 50?,Will Emily Flippen win Survivor Season 50?,47256.54195699999,2026-05-21T03:07:48Z,106,0.9877358490566037,4.45,11.320754716981133,0.0,0.0,0,[]
2723667,KXWCGOAL-26JUL01BELSEN-BELKDEBR11-2,same,0,Sports,Kevin De Bruyne: 2+ goals,Kevin De Bruyne: 2+ goals,23112.724378,2026-07-01T21:17:19Z,3,0.9833333333333335,1.5,0.0,0.0,0.0,0,[]
1972651,KXNBAWFINMVP-26-ACAR,same,0,Sports,Will Alex Caruso win the 2026 Western Conference Finals MVP?,Who will win Western Conference Finals MVP?,89386.68868500009,2026-05-31T02:57:09Z,12,0.9833333333333334,2.15,8.333333333333332,0.0,0.0,0,[]
1390405,KXEUROVISIONRANK-26TOP10-AUST,same,0,Entertainment,Will Austria be in the top 10 at Eurovision 2026?,Will Austria be Top 10?,29116.63872199999,2026-05-16T23:18:14Z,8,0.9812500000000001,2.8499999999999996,12.5,0.0,0.0,0,[]
2493831,KXWCGOAL-26JUN16FRASEN-FRAARABIO12-2,same,0,Sports,Adrien Rabiot: 2+ goals,Adrien Rabiot: 2+ goals,3572.6398790000003,2026-06-16T21:15:07Z,2,0.9750000000000002,1.5,0.0,0.0,0.0,0,[]
1390330,KXEUROVISIONRANK-26TOP3-AUST,same,0,Entertainment,Will Austria be in the top 3 at Eurovision 2026?,Will Austria be Top 3?,3172.6936309999996,2026-05-16T23:26:22Z,7,0.9642857142857144,2.0500000000000003,14.285714285714285,0.0,0.0,0,[]
1343561,KXNHLDRAFTPICK-26-1-ASMI,same,0,Sports,Will Alberts Smits be drafted 1st overall in the 2026 NHL Draft?,Will Alberts Smits be picked 1st in the NHL Draft?,32596.321266000003,2026-06-26T23:28:10Z,34,0.958823529411765,2.9499999999999997,20.588235294117645,0.0,0.0,0,[]
1193279,KXSURVIVOR-26DEC31-QUI,same,0,Entertainment,"Will Quintavius ""Q"" Burdette win Survivor Season 50?",Will Quintavius “Q” Burdette win Survivor Season 50?,54941.26684,2026-05-21T03:07:48Z,106,0.9566037735849054,3.8,8.49056603773585,0.0,0.0,0,[]
2162638,KXEPLBTTS-26MAY17NEWWHU,same,0,Sports,Newcastle United FC vs. West Ham United FC: Both Teams to Score,West Ham at Newcastle: Both Teams to Score,61239.83793600006,2026-05-17T18:31:20Z,10,0.9500000000000017,2.500000000000002,10.0,0.0,0.0,0,[]
2640277,KXPGATOUR-TRAV26-CMOR,same,0,Sports,Will Collin Morikawa win the 2026 Travelers Championship?,Will Collin Morikawa win the Travelers Championship?,11836.379683,2026-06-29T13:23:12Z,7,0.95,2.55,14.285714285714285,0.0,0.0,0,[]
1087764,KXFOWOMEN-26-ZHE,same,0,Sports,Will Qinwen Zheng win the 2026 Women’s French Open?,Will Qinwen Zheng win the French Open?,124655.69733299993,2026-05-25T14:31:20Z,80,0.9462499999999998,6.3,13.750000000000002,1.25,0.0,1,[1.0]
1390401,KXEUROVISIONRANK-26TOP5-UNI,same,0,Entertainment,Will United Kingdom be in the top 5 at Eurovision 2026?,Will United Kingdom be Top 5?,8970.143733,2026-05-16T23:24:37Z,8,0.9437500000000001,1.6500000000000001,0.0,0.0,0.0,0,[]
1892299,KXCS2-IEMCOL26-G2,same,0,Sports,Will G2 win IEM Cologne Major 2026?,Will G2 win IEM Cologne?,1394709.7099670214,2026-06-19T23:18:34Z,18,0.938888888888889,4.65,5.555555555555555,0.0,0.0,0,[]
1972660,KXNBAWFINMVP-26-SCAS,same,0,Sports,Will Stephon Castle win the 2026 Western Conference Finals MVP?,Who will win Western Conference Finals MVP?,128396.170766,2026-05-31T02:57:09Z,13,0.9307692307692308,3.25,7.6923076923076925,0.0,0.0,0,[]
2758452,KXRT-MIN-75,same,1,Entertainment,"Will ""Minions & Monsters"" score at least 75 on the Rotten Tomatoes Tomatometer?",Minions & Monsters Rotten Tomatoes score?,2915.4460890000005,2026-07-06T14:00:00Z,5,0.9299999999999997,2.500000000000002,20.0,0.0,0.0,0,[]
2470996,KXPGATOUR-RBBCAN26-TFLE,same,0,Sports,Will Tommy Fleetwood win the 2026 RBC Canadian Open?,Will Tommy Fleetwood win the RBC Canadian Open?,15053.913984000003,2026-06-14T23:09:44Z,6,0.9250000000000003,2.2499999999999996,33.33333333333333,0.0,0.0,0,[]
1390365,KXEUROVISIONRANK-26TOP5-AUST,same,0,Entertainment,Will Austria be in the top 5 at Eurovision 2026?,Will Austria be Top 5?,4528.605089000001,2026-05-16T23:23:14Z,8,0.91875,2.85,12.5,0.0,0.0,0,[]
1193270,KXSURVIVOR-26DEC31-CHRI,same,0,Entertainment,Will Christian Hubicki win Survivor Season 50?,Will Christian Hubicki win Survivor Season 50?,76841.26246400012,2026-05-21T03:07:48Z,102,0.9127450980392158,3.1000000000000005,3.9215686274509802,0.0,0.0,0,[]
2328990,KXATPSETWINNER-26MAY25SINTAB-1-TAB,inverse,0,Sports,Set 1 Winner: Sinner vs Tabur,Will Clement Tabur win set 1 in the Jannik Sinner vs Clement Tabur match,12472.777775,2026-05-26T19:08:52Z,4,0.9124999999999994,1.7000000000000015,0.0,0.0,0.0,0,[]
1066082,KXNBADRAFT1-26-1-CWIL,same,0,Sports,Will Caleb Wilson be the first pick in the 2026 NBA draft?,Who will be picked first in the NBA Draft?,60634.66136499999,2026-06-24T00:11:14Z,70,0.9007142857142859,7.85,1.4285714285714286,1.4285714285714286,0.0,1,[1.0]
1390348,KXEUROVISIONRANK-26TOP3-LUX,same,0,Entertainment,Will Luxembourg be in the top 3 at Eurovision 2026?,Will Luxembourg be Top 3?,2468.2596029999995,2026-05-16T23:26:22Z,5,0.9,1.7000000000000002,0.0,0.0,0.0,0,[]
2493644,KXWCGOAL-26JUN17PORCOD-PORRLEAO10-3,same,0,Sports,Rafael Leão: 3+ goals,Rafael Leao: 3+ goals,2020.7180129999997,2026-06-17T19:25:56Z,2,0.8999999999999999,1.0999999999999999,0.0,0.0,0.0,0,[]
1390367,KXEUROVISIONRANK-26TOP5-BEL,same,0,Entertainment,Will Belgium be in the top 5 at Eurovision 2026?,Will Belgium be Top 5?,14633.984381999995,2026-05-16T23:23:14Z,8,0.8999999999999999,3.15,12.5,0.0,0.0,0,[]
2162686,KXEPLBTTS-26MAY17EVESUN,same,0,Sports,Everton FC vs. Sunderland AFC: Both Teams to Score,Sunderland at Everton: Both Teams to Score,32263.34094799999,2026-05-17T16:01:44Z,9,0.8888888888888921,1.5000000000000013,0.0,0.0,0.0,0,[]
2731770,KXPGATOP5-JODC26-SPOW,same,0,Sports,Will Seamus Power finish in the Top 5 at the 2026 John Deere Classic?,John Deere Classic: Will Seamus Power finish top 5?,1036.0,2026-07-03T00:03:24Z,3,0.8833333333333333,2.05,33.33333333333333,0.0,0.0,0,[]
1087773,KXFOWOMEN-26-KOS,same,0,Sports,Will Marta Kostyuk win the 2026 Women’s French Open?,Will Marta Kostyuk win the French Open?,219286.58203699993,2026-06-04T14:50:16Z,77,0.8805194805194807,5.25,16.883116883116884,1.2987012987012987,0.0,1,[1.0]
2329545,KXWTASETWINNER-26MAY24SIEOSA-1-SIE,same,0,Sports,Set 1 Winner: Siegemund vs Osaka,Will Laura Siegemund win set 1 in the Laura Siegemund vs Naomi Osaka match,1025.435495,2026-05-26T13:40:11Z,4,0.8749999999999994,1.5000000000000013,0.0,0.0,0.0,0,[]
2553270,KXPGATOUR-USO26-RMCI,same,0,Sports,Will Rory McIlroy win the 2026 U.S. Open?,Will Rory McIlroy win the U.S. Open?,257273.36738599988,2026-06-21T22:49:34Z,6,0.8666666666666668,1.5,0.0,0.0,0.0,0,[]
1193263,KXSURVIVOR-26DEC31-RIZ,same,0,Entertainment,Will Rizo Velovic win Survivor Season 50?,Will Rizo Velovic win Survivor Season 50?,119581.00220799992,2026-05-21T03:07:48Z,101,0.8589108910891089,3.95,7.920792079207921,0.0,0.0,0,[]
1087524,KXFOMEN-26-SHE,same,0,Sports,Will Ben Shelton win the 2026 Men's French Open?,Will Ben Shelton win the French Open?,679149.7216200008,2026-05-28T20:10:21Z,74,0.8587837837837838,5.6,5.405405405405405,2.7027027027027026,0.0,1,[1.0]
2261551,KXLAMAYOR1ROUND-26JUN02,same,0,Elections,Will a candidate win the 2026 Los Angeles mayoral election in the first round?,Will anyone win the 2026 Los Angeles mayoral election in the first round?,23928.995977,2026-06-09T00:06:07Z,6,0.8500000000000001,0.95,0.0,0.0,0.0,0,[]
2711109,KXWCGOAL-26JUN30CIVNOR-CIVADIALL16-2,same,0,Sports,Amad Diallo: 2+ goals,Amad Diallo: 2+ goals,4586.353466999999,2026-06-30T19:09:48Z,2,0.8500000000000001,1.5,0.0,0.0,0.0,0,[]
2717455,KXWCGOAL-26JUN30FRASWE-SWEVGYOKE14-2,same,0,Sports,Viktor Gyökeres: 2+ goals,Viktor Gyokeres: 2+ goals,5075.173353000001,2026-06-30T23:09:59Z,2,0.8499999999999999,1.25,0.0,0.0,0.0,0,[]
2083235,KXEPLBTTS-26MAY09LFCCFC,same,0,Sports,Liverpool FC vs. Chelsea FC: Both Teams to Score,Chelsea at Liverpool: Both Teams to Score,38149.23261299997,2026-05-09T13:25:39Z,10,0.8499999999999996,3.0000000000000027,10.0,0.0,0.0,0,[]
1087530,KXFOMEN-26-MED,same,0,Sports,Will Daniil Medvedev win the 2026 Men's French Open?,Will Daniil Medvedev win the French Open?,461179.62698600034,2026-05-26T23:56:42Z,80,0.8487499999999999,4.2,7.5,0.0,0.0,0,[]
1193280,KXSURVIVOR-26DEC31-RIC,same,0,Entertainment,Will Rick Devens win Survivor Season 50?,Will Rick Devens win Survivor Season 50?,94827.02797899998,2026-05-21T03:07:48Z,102,0.8465686274509806,1.8500000000000003,0.0,0.0,0.0,0,[]
1492420,KXSENATENJR-26-NRIV,same,0,Elections,Will Natalie Rivera be the Republican nominee for Senate in New Jersey?,Will Natalie Rivera be the Republican nominee for the Senate in New Jersey?,47680.784443000004,2026-06-03T03:27:37Z,18,0.8444444444444444,1.4500000000000002,0.0,0.0,0.0,0,[]
1087516,KXFOMEN-26-FON,same,0,Sports,Will Joao Fonseca win the 2026 Men's French Open?,Will Joao Fonseca win the French Open?,8558205.07163694,2026-06-02T21:30:25Z,71,0.8429577464788732,9.2,7.042253521126761,1.4084507042253522,0.0,1,[1.0]
1193268,KXSURVIVOR-26DEC31-CHA,same,0,Entertainment,Will Charlie Davis win Survivor Season 50?,Will Charlie Davis win Survivor Season 50?,57219.462520999994,2026-05-21T03:07:48Z,104,0.8413461538461539,6.000000000000001,5.769230769230769,0.9615384615384616,0.0,1,[2.0]
1972834,KXNBAFINMVP-26-JCHA,same,0,Sports,Will Julian Champagnie win the 2026 NBA Finals MVP?,Will Julian Champagnie win Finals MVP?,82705.41600000003,2026-06-14T04:21:39Z,13,0.8384615384615384,0.95,0.0,0.0,0.0,0,[]
2455472,KXWTASETWINNER-26JUN08BOISIE-1-SIE,inverse,0,Sports,Set 1 Winner: Boisson vs Sierra,Will Solana Sierra win set 1 in the Lois Boisson vs Solana Sierra match,1797.634561,2026-06-10T09:51:49Z,3,0.833333333333334,1.5000000000000013,0.0,0.0,0.0,0,[]
2703320,KXATPSETWINNER-26JUN29SHIFAR-1-SHI,same,0,Sports,Set 1 Winner: Shimabukuro vs Faria,Will Sho Shimabukuro win set 1 in the Sho Shimabukuro vs Jaime Faria match,1863.804826,2026-06-30T11:03:12Z,3,0.833333333333334,1.0000000000000009,0.0,0.0,0.0,0,[]
1530731,KXEPLTOTAL-26MAY13MCICRY-4,same,0,Sports,Manchester City FC vs. Crystal Palace FC: O/U 4.5,Crystal Palace at Manchester City: Totals,39745.863872999995,2026-05-13T20:56:29Z,3,0.833333333333334,1.5000000000000013,0.0,0.0,0.0,0,[]
2703529,KXATPSETWINNER-26JUN29KHAHAR-2-KHA,same,0,Sports,Set 2 Winner: Khachanov vs Harris,Will Karen Khachanov win set 2 in the Karen Khachanov vs Billy Harris match,6766.194963,2026-06-30T15:28:08Z,3,0.833333333333334,1.5000000000000013,0.0,0.0,0.0,0,[]
2703552,KXATPSETWINNER-26JUN29MAJTAB-2-TAB,inverse,0,Sports,Set 2 Winner: Majchrzak vs Tabilo,Will Alejandro Tabilo win set 2 in the Kamil Majchrzak vs Alejandro Tabilo match,2796.662439,2026-06-30T11:43:04Z,3,0.833333333333334,2.0000000000000018,33.33333333333333,0.0,0.0,0,[]
1193272,KXSURVIVOR-26DEC31-DEE,same,0,Entertainment,Will Dee Valladares win Survivor Season 50?,Will Dee Valladares win Survivor Season 50?,81969.37879600002,2026-05-21T03:07:48Z,87,0.8333333333333335,3.45,5.747126436781609,0.0,0.0,0,[]
1554097,KXNEWARKMAYOR-26-TGAR,same,0,Elections,Will Tanisha Garner win the Newark mayoral election?,Who will win the 2026 Newark mayoral election (including any runoffs)?,3743.0813520000006,2026-05-13T14:46:27Z,12,0.8333333333333335,1.5499999999999998,0.0,0.0,0.0,0,[]
1193266,KXSURVIVOR-26DEC31-MIK,same,0,Entertainment,Will Mike White win Survivor Season 50?,Will Mike White win Survivor Season 50?,67917.808525,2026-05-21T03:07:48Z,104,0.8307692307692306,4.199999999999999,5.769230769230769,0.0,0.0,0,[]
1972833,KXNBAFINMVP-26-DVAS,same,0,Sports,Will Devin Vassell win the 2026 NBA Finals MVP?,Will Devin Vassell win Finals MVP?,75372.64366600003,2026-06-14T04:21:39Z,13,0.8307692307692306,0.95,0.0,0.0,0.0,0,[]
1193269,KXSURVIVOR-26DEC31-CHR,same,0,Entertainment,Will Chrissy Hofbeck win Survivor Season 50?,Will Chrissy Hofbeck win Survivor Season 50?,37648.759533000004,2026-05-21T03:07:48Z,96,0.8270833333333333,2.1999999999999997,1.0416666666666665,0.0,0.0,0,[]
1193277,KXSURVIVOR-26DEC31-KYL,same,0,Entertainment,Will Kyle Fraser win Survivor Season 50?,Will Kyle Fraser win Survivor Season 50?,10057.406963000007,2026-05-21T03:07:48Z,101,0.8252475247524752,3.15,2.9702970297029703,0.0,0.0,0,[]
2294261,KXPGATOUR-THCCBN26-WKIM,same,0,Sports,Will Si Woo Kim win the 2026 THE CJ CUP Byron Nelson?,Will Si Woo Kim win the THE CJ CUP Byron Nelson?,113120.10996499998,2026-05-24T23:51:25Z,6,0.8250000000000003,2.4,16.666666666666664,0.0,0.0,0,[]
2411555,KXPGATOP5-THMTPBW26-ANOV,same,0,Sports,Will Andrew Novak finish in the Top 5 at the 2026 the Memorial Tournament presented by Workday?,The Memorial Tournament: Will Andrew Novak finish top 5?,1155.39,2026-06-05T22:40:42Z,4,0.8250000000000001,2.1000000000000005,25.0,0.0,0.0,0,[]
2727408,KXWCGOAL-26JUL01BELSEN-BELJDOKU11-2,same,0,Sports,Jeremy Doku: 2+ goals,Jeremy Doku: 2+ goals,7731.708919,2026-07-01T21:19:44Z,2,0.8249999999999998,1.15,0.0,0.0,0.0,0,[]
1972827,KXNBAFINMVP-26-MBRI,same,0,Sports,Will Mikal Bridges win the 2026 NBA Finals MVP?,Will Mikal Bridges win Finals MVP?,136667.295546,2026-06-14T04:21:39Z,13,0.8230769230769229,1.8499999999999999,0.0,0.0,0.0,0,[]
1972823,KXNBAFINMVP-26-JHART,same,0,Sports,Will Josh Hart win the 2026 NBA Finals MVP?,Who will win Finals MVP?,84372.07075000007,2026-06-14T04:21:39Z,13,0.8192307692307691,0.95,0.0,0.0,0.0,0,[]
943494,KXSENATEORR-26-DBRO,same,0,Elections,Will Deborah C. Brown be the Republican nominee for Senate in Oregon?,Will Deborah C. Brown be the Republican nominee for the Senate in Oregon?,3317.0485129999984,2026-05-23T18:52:36Z,16,0.815625,3.85,6.25,0.0,0.0,0,[]
1193278,KXSURVIVOR-26DEC31-OZZ,same,0,Entertainment,Will Ozzy Lusth win Survivor Season 50?,Will Ozzy Lusth win Survivor Season 50?,99210.79799599995,2026-05-21T03:07:48Z,96,0.8114583333333334,3.15,5.208333333333334,0.0,0.0,0,[]
1892292,KXCS2-IEMCOL26-TL,same,0,Sports,Will Team Liquid win IEM Cologne Major 2026?,Will Liquid win IEM Cologne?,324182.04211499984,2026-06-06T23:28:29Z,3,0.8000000000000002,0.8500000000000001,0.0,0.0,0.0,0,[]
2640081,KXPGATOUR-TRAV26-SBUR,same,0,Sports,Will Sam Burns win the 2026 Travelers Championship?,Will Sam Burns win the Travelers Championship?,23973.983851999998,2026-06-29T13:23:12Z,7,0.8,3.45,14.285714285714285,0.0,0.0,0,[]
2471029,KXPGATOUR-RBBCAN26-SLOW,same,0,Sports,Will Shane Lowry win the 2026 RBC Canadian Open?,Will Shane Lowry win the RBC Canadian Open?,10980.917617000001,2026-06-14T23:09:44Z,6,0.7999999999999999,2.7,16.666666666666664,0.0,0.0,0,[]
823499,KXGOVNENOMR-26-SKOR,same,1,Elections,Will Sheila Korth-Focken win the 2026 Nebraska Governor Republican primary election?,Will Sheila Korth-Focken be the Republican nominee for Governor in Nebraska?,6623.647031999996,2026-05-13T01:51:30Z,8,0.79375,4.6,12.5,0.0,0.0,0,[]
1087518,KXFOMEN-26-DRA,same,0,Sports,Will Jack Draper win the 2026 Men's French Open?,Will Jack Draper win the French Open?,308558.24376600026,2026-05-23T14:26:31Z,71,0.7929577464788735,6.65,8.450704225352112,2.8169014084507045,0.0,2,"[1.0, 1.0]"
2553695,KXPGATOP5-USO26-ANOV,same,0,Sports,Will Andrew Novak finish in the Top 5 at the 2026 U.S. Open?,U.S. Open: Will Andrew Novak finish top 5?,1652.7,2026-06-20T01:12:10Z,3,0.7833333333333332,1.8999999999999997,0.0,0.0,0.0,0,[]
1554102,KXNEWARKMAYOR-26-NSIN,same,0,Elections,Will Nasheedah Singleton win the Newark mayoral election?,Who will win the 2026 Newark mayoral election (including any runoffs)?,3743.3231049999995,2026-05-13T14:46:27Z,17,0.7794117647058824,1.7500000000000002,0.0,0.0,0.0,0,[]
2411309,KXPGATOUR-THMTPBW26-RMCI,same,0,Sports,Will Rory McIlroy win the 2026 the Memorial Tournament presented by Workday?,Will Rory McIlroy win the the Memorial Tournament presented by Workday?,26817.406502000005,2026-06-07T22:40:30Z,6,0.7749999999999999,2.3,16.666666666666664,0.0,0.0,0,[]
1193274,KXSURVIVOR-26DEC31-GEN,same,0,Entertainment,Will Genevieve Mushaluk win Survivor Season 50?,Will Genevieve Mushaluk win Survivor Season 50?,31314.170072000015,2026-05-21T03:07:48Z,99,0.7732323232323232,2.15,1.0101010101010102,0.0,0.0,0,[]
1087523,KXFOMEN-26-FRI,same,0,Sports,Will Taylor Fritz win the 2026 Men's French Open?,Will Taylor Fritz win the French Open?,314169.581838,2026-05-24T22:31:59Z,57,0.7596491228070175,9.2,3.508771929824561,3.508771929824561,0.0,1,[2.0]
2553479,KXPGATOUR-USO26-RFOX,same,0,Sports,Will Ryan Fox win the 2026 U.S. Open?,Will Ryan Fox win the U.S. Open?,5172.373746,2026-06-21T22:49:34Z,6,0.7583333333333333,1.9,0.0,0.0,0.0,0,[]
1012314,KXIPL-26-KKR,same,0,Sports,Will Kolkata Knight Riders win the 2026 Indian Premier League?,Will Kolkata Knight Riders win the IPL?,201644.80710600017,2026-05-24T16:08:48Z,82,0.7560975609756099,5.500000000000001,4.878048780487805,1.2195121951219512,0.0,1,[1.0]
2480038,KXATPSETWINNER-26JUN10MANRIN-1-RIN,inverse,0,Sports,Set 1 Winner: Mannarino vs Rinderknech,Will Arthur Rinderknech win set 1 in the Adrian Mannarino vs Arthur Rinderknech match,3565.654918,2026-06-11T12:11:13Z,2,0.7500000000000034,1.0000000000000009,0.0,0.0,0.0,0,[]
2329504,KXWTASETWINNER-26MAY24SABBOU-1-SAB,same,0,Sports,Set 1 Winner: Sabalenka vs Maneiro,Will Aryna Sabalenka win set 1 in the Aryna Sabalenka vs Jessica Bouzas Maneiro match,2413.000521,2026-05-26T10:55:44Z,4,0.7500000000000034,2.500000000000002,25.0,0.0,0.0,0,[]
2732650,KXATPSETWINNER-26JUL01HUROFN-1-OFN,inverse,0,Sports,Set 1 Winner: Hurkacz vs Ofner,Will Sebastian Ofner win set 1 in the Hubert Hurkacz vs Sebastian Ofner match,8360.118230999999,2026-07-01T11:07:06Z,2,0.7500000000000007,1.0000000000000009,0.0,0.0,0.0,0,[]
2704028,KXATPSETWINNER-26JUN29CILMED-1-MED,inverse,0,Sports,Set 1 Winner: Cilic vs Medvedev,Will Daniil Medvedev win set 1 in the Marin Cilic vs Daniil Medvedev match,2278.5326939999995,2026-06-29T15:41:38Z,2,0.7500000000000007,1.0000000000000009,0.0,0.0,0.0,0,[]
2337779,KXWTASETWINNER-26MAY25QUEJEA-1-QUE,same,0,Sports,Set 1 Winner: Quevedo vs Jeanjean,Will Kaitlin Quevedo win set 1 in the Kaitlin Quevedo vs Leolia Jeanjean match,1476.060986,2026-05-25T14:15:36Z,2,0.7500000000000007,1.0000000000000009,0.0,0.0,0.0,0,[]
2703938,KXATPSETWINNER-26JUN29ZHENOR-1-ZHE,same,0,Sports,Set 1 Winner: Zheng vs Norrie,Will Michael Zheng win set 1 in the Michael Zheng vs Cameron Norrie match,5539.1202490000005,2026-06-29T13:04:42Z,2,0.7500000000000007,1.0000000000000009,0.0,0.0,0.0,0,[]
2329385,KXATPSETWINNER-26MAY24DUCDIA-1-DUC,same,0,Sports,Set 1 Winner: Duckworth vs Diallo,Will James Duckworth win set 1 in the James Duckworth vs Gabriel Diallo match,1773.9363790000002,2026-05-24T10:01:36Z,2,0.7500000000000007,1.0000000000000009,0.0,0.0,0.0,0,[]
2329481,KXATPSETWINNER-26MAY24MACBER-1-MAC,same,0,Sports,Set 1 Winner: Machac vs Bergs,Will Tomas Machac win set 1 in the Tomas Machac vs Zizou Bergs match,2994.5411940000004,2026-05-24T12:11:12Z,2,0.7500000000000007,1.0000000000000009,0.0,0.0,0.0,0,[]
2703096,KXATPSETWINNER-26JUN29KOKBUB-3-KOK,same,0,Sports,Set 3 Winner: Kokkinakis vs Bublik,Will Thanasi Kokkinakis win set 3 in the Thanasi Kokkinakis vs Alexander Bublik match,3846.598614,2026-06-30T15:22:28Z,2,0.7500000000000007,1.0000000000000009,0.0,0.0,0.0,0,[]
2728432,KXWCAST-26JUL01BELSEN-BELJDOKU11-2,same,0,Sports,Jeremy Doku: 2+ assists,Jeremy Doku: 2+ assists?,1955.423705,2026-07-01T21:19:44Z,2,0.7500000000000002,0.9999999999999999,0.0,0.0,0.0,0,[]
2231833,KXPGATOP5-PGC26-TYC,same,0,Sports,Will Tyler Collet finish in the Top 5 at the 2026 PGA Championship?,PGA Championship: Will Tyler Collet finish top 5?,1520.040251,2026-05-16T00:26:30Z,4,0.75,2.65,25.0,0.0,0.0,0,[]
2045037,KXMDPRIMARY-05D26-TSTA,same,0,Elections,Will Tracy Starr be the Democratic nominee for MD-05?,Will Tracy Starr be the Democratic nominee for MD-05?,1617.3531660000003,2026-06-24T01:34:18Z,4,0.75,1.35,0.0,0.0,0.0,0,[]
2657709,KXWCGOAL-26JUN26NORFRA-FRAKMBAPP10-2,same,0,Sports,Kylian Mbappé: 2+ goals,Kylian Mbappe: 2+ goals,153735.44715799994,2026-06-26T20:51:26Z,2,0.7499999999999993,1.4999999999999987,0.0,0.0,0.0,0,[]
2493784,KXWCGOAL-26JUN16IRQNOR-IRQAHUSSE18-1,same,0,Sports,Aymen Hussein: 1+ goals,Aymen Hussein: 1+ goals,1235.866606,2026-06-17T00:15:15Z,2,0.7499999999999979,0.9999999999999981,0.0,0.0,0.0,0,[]
2705123,KXWTASETWINNER-26JUN29ANDZHA-1-ZHA,inverse,0,Sports,Set 1 Winner: Andreescu vs Zhang,Will Shuai Zhang win set 1 in the Bianca Andreescu vs Shuai Zhang match,2551.806387,2026-06-29T14:14:24Z,2,0.7499999999999951,1.0000000000000009,0.0,0.0,0.0,0,[]
1390352,KXEUROVISIONRANK-26TOP3-NOR,same,0,Entertainment,Will Norway be in the top 3 at Eurovision 2026?,Will Norway be Top 3?,11672.758425,2026-05-16T23:26:45Z,7,0.7428571428571429,1.45,0.0,0.0,0.0,0,[]
2640088,KXPGATOUR-TRAV26-PCAN,same,0,Sports,Will Patrick Cantlay win the 2026 Travelers Championship?,Will Patrick Cantlay win the Travelers Championship?,6276.306849,2026-06-29T13:23:12Z,7,0.7428571428571428,1.2999999999999998,0.0,0.0,0.0,0,[]
2411351,KXPGATOUR-THMTPBW26-XSCH,same,0,Sports,Will Xander Schauffele win the 2026 the Memorial Tournament presented by Workday?,Will Xander Schauffele win the the Memorial Tournament presented by Workday?,9586.604071999998,2026-06-07T22:40:30Z,6,0.7416666666666667,1.0499999999999996,0.0,0.0,0.0,0,[]
2731256,KXPGATOUR-JODC26-MTHO,same,0,Sports,Will Michael Thorbjornsen win the 2026 John Deere Classic?,Will Michael Thorbjornsen win the John Deere Classic?,2834.325612,2026-07-04T01:10:01Z,4,0.7375000000000002,0.9500000000000002,0.0,0.0,0.0,0,[]
2231963,KXPGATOP10-PGC26-HHAL,same,0,Sports,Will Harry Hall finish in the Top 10 at the 2026 PGA Championship?,PGA Championship: Will Harry Hall finish top 10?,1442.658839,2026-05-16T00:26:12Z,4,0.7374999999999996,1.5,0.0,0.0,0.0,0,[]
2711123,KXWCGOAL-26JUN30CIVNOR-NORANUSA7-2,same,0,Sports,Antonio Nusa: 2+ goals,Antonio Nusa: 2+ goals,3760.0012220000003,2026-06-30T18:31:21Z,2,0.725,0.8500000000000001,0.0,0.0,0.0,0,[]
2731521,KXPGATOUR-JODC26-LHOD,same,0,Sports,Will Lee Hodges win the 2026 John Deere Classic?,Will Lee Hodges win the John Deere Classic?,4453.677962000001,2026-07-05T21:55:00Z,6,0.725,1.9999999999999991,0.0,0.0,0.0,0,[]
2717451,KXWCGOAL-26JUN30FRASWE-FRAODEMBE10-3,same,0,Sports,Ousmane Dembélé: 3+ goals,Ousmane Dembele: 3+ goals,6660.3427900000015,2026-06-30T22:35:17Z,2,0.725,0.9500000000000002,0.0,0.0,0.0,0,[]
2640369,KXPGATOUR-TRAV26-CAME,same,0,Sports,Will Cameron Young win the 2026 Travelers Championship?,Will Cameron Young win the Travelers Championship?,1083.455904,2026-06-29T13:23:12Z,6,0.7166666666666668,1.2999999999999998,0.0,0.0,0.0,0,[]
2083074,KXBUNDESLIGATOTAL-26MAY09RBLSTP-3,same,0,Sports,RB Leipzig vs. FC St. Pauli 1910: O/U 3.5,St. Pauli at Leipzig: Totals,145295.95271499988,2026-05-09T15:26:06Z,7,0.714285714285715,2.500000000000002,14.285714285714285,0.0,0.0,0,[]
2553293,KXPGATOUR-USO26-BDEC,same,0,Sports,Will Bryson DeChambeau win the 2026 U.S. Open?,Will Bryson DeChambeau win the U.S. Open?,74626.50354100003,2026-06-20T01:10:46Z,4,0.7124999999999999,1.4,0.0,0.0,0.0,0,[]
2640136,KXPGATOUR-TRAV26-TFLE,same,0,Sports,Will Tommy Fleetwood win the 2026 Travelers Championship?,Will Tommy Fleetwood win the Travelers Championship?,2482.4817120000002,2026-06-29T13:23:12Z,6,0.7083333333333331,1.2999999999999998,0.0,0.0,0.0,0,[]
1448093,KXNJPRIMARY-12D26-KLIT,same,0,Elections,Will Kyle Little be the Democratic Nominee for NJ-12?,Will Kyle Little be the Democratic nominee for NJ-12?,3713.2828120000004,2026-06-03T02:34:47Z,31,0.7080645161290322,1.4500000000000002,0.0,0.0,0.0,0,[]
2471006,KXPGATOUR-RBBCAN26-MFIT,same,0,Sports,Will Matt Fitzpatrick win the 2026 RBC Canadian Open?,Will Matt Fitzpatrick win the RBC Canadian Open?,14984.943371000001,2026-06-14T23:09:44Z,6,0.7000000000000002,1.4500000000000002,0.0,0.0,0.0,0,[]
2553580,KXPGATOUR-USO26-CHAM,same,0,Sports,Will Cole Hammer win the 2026 U.S. Open?,Will Cole Hammer win the U.S. Open?,2655.0,2026-06-20T01:11:10Z,4,0.7,1.8499999999999999,0.0,0.0,0.0,0,[]
2734774,KXWCGOAL-26JUL02ESPAUT-ESPLYAMAL10-3,same,0,Sports,Lamine Yamal: 3+ goals,Lamine Yamal: 3+ goals,32817.12553199998,2026-07-02T20:47:24Z,3,0.6999999999999998,1.0999999999999999,0.0,0.0,0.0,0,[]
1390377,KXEUROVISIONRANK-26TOP5-GER,same,0,Entertainment,Will Germany be in the top 5 at Eurovision 2026?,Will Germany be Top 5?,27345.057477999995,2026-05-16T23:23:15Z,8,0.6937500000000001,1.3500000000000005,0.0,0.0,0.0,0,[]
1193282,KXSURVIVOR-26DEC31-TIF,same,0,Entertainment,Will Tiffany Nicole Ervin win Survivor Season 50?,Will Tiffany Nicole Ervin win Survivor Season 50?,49927.645146999996,2026-05-21T03:07:48Z,108,0.6916666666666669,4.5,1.8518518518518516,0.0,0.0,0,[]
1972831,KXNBAFINMVP-26-SCAS,same,0,Sports,Will Stephon Castle win the 2026 NBA Finals MVP?,Will Stephon Castle win Finals MVP?,129750.073185,2026-06-14T04:21:39Z,13,0.6846153846153846,1.4000000000000001,0.0,0.0,0.0,0,[]
1972826,KXNBAFINMVP-26-MROB,same,0,Sports,Will Mitchell Robinson win the 2026 NBA Finals MVP?,Will Mitchell Robinson win Finals MVP?,1041.99,2026-06-14T04:21:39Z,13,0.6807692307692308,0.95,0.0,0.0,0.0,0,[]
1554100,KXNEWARKMAYOR-26-DSAL,same,0,Elections,Will Debra Salters win the Newark mayoral election?,Who will win the 2026 Newark mayoral election (including any runoffs)?,3458.0397490000005,2026-05-13T14:46:27Z,11,0.6772727272727272,2.5499999999999994,9.090909090909092,0.0,0.0,0,[]
2702906,KXATPSETWINNER-26JUN29BLOZVE-2-ZVE,inverse,0,Sports,Set 2 Winner: Blockx vs Zverev,Will Alexander Zverev win set 2 in the Alexander Blockx vs Alexander Zverev match,2615.803326,2026-06-30T16:45:18Z,3,0.6666666666666691,1.0000000000000009,0.0,0.0,0.0,0,[]
2329033,KXATPSETWINNER-26MAY25QUICOM-1-QUI,same,0,Sports,Set 1 Winner: Quinn vs Comesana,Will Ethan Quinn win set 1 in the Ethan Quinn vs Francisco Comesana match,1076.704806,2026-05-26T16:50:14Z,3,0.6666666666666673,0.9999999999999953,0.0,0.0,0.0,0,[]
2471064,KXPGATOUR-RBBCAN26-STHE,same,0,Sports,Will Sahith Theegala win the 2026 RBC Canadian Open?,Will Sahith Theegala win the RBC Canadian Open?,2399.5810799999995,2026-06-14T23:09:44Z,6,0.6583333333333334,2.75,16.666666666666664,0.0,0.0,0,[]
2264311,KXIIHF-26-NOR,same,0,Sports,Will Norway win the 2026 IIHF World Championship?,Will Norway win the IIHF World Championship?,129627.97373000001,2026-05-31T23:43:45Z,16,0.65625,2.5500000000000003,6.25,0.0,0.0,0,[]
1193281,KXSURVIVOR-26DEC31-SAV,same,0,Entertainment,Will Savannah Louie win Survivor Season 50?,Will Savannah Louie win Survivor Season 50?,41442.46784299997,2026-05-21T03:07:48Z,97,0.6556701030927834,2.3,1.0309278350515463,0.0,0.0,0,[]
2640358,KXPGATOUR-TRAV26-JTHO,same,0,Sports,Will Justin Thomas win the 2026 Travelers Championship?,Will Justin Thomas win the Travelers Championship?,9589.78875,2026-06-29T13:23:12Z,6,0.65,1.3,0.0,0.0,0.0,0,[]
2553550,KXPGATOUR-USO26-MBRE,same,0,Sports,Will Michael Brennan win the 2026 U.S. Open?,Will Michael Brennan win the U.S. Open?,1941.111916,2026-06-21T22:49:34Z,6,0.65,1.8000000000000003,0.0,0.0,0.0,0,[]
2553297,KXPGATOUR-USO26-BKOE,same,0,Sports,Will Brooks Koepka win the 2026 U.S. Open?,Will Brooks Koepka win the U.S. Open?,88888.00569099998,2026-06-20T01:10:54Z,4,0.6499999999999999,1.15,0.0,0.0,0.0,0,[]
1972829,KXNBAFINMVP-26-DHAR,same,0,Sports,Will Dylan Harper win the 2026 NBA Finals MVP?,Will Dylan Harper win Finals MVP?,233649.73444600002,2026-06-14T04:21:39Z,13,0.6423076923076925,0.95,0.0,0.0,0.0,0,[]
2045017,KXMDPRIMARY-05D26-ASOL,same,0,Elections,Will Alexis Solis be the Democratic nominee for MD-05?,Will Alexis Solis be the Democratic nominee for MD-05?,1013.8280000000001,2026-06-24T01:34:18Z,4,0.6375000000000001,0.8,0.0,0.0,0.0,0,[]
1193275,KXSURVIVOR-26DEC31-JEN,same,0,Entertainment,Will Jenna Lewis-Dougherty win Survivor Season 50?,Will Jenna Lewis-Dougherty win Survivor Season 50?,39238.912226,2026-05-21T03:07:48Z,102,0.6333333333333334,1.9000000000000004,0.0,0.0,0.0,0,[]
1193267,KXSURVIVOR-26DEC31-ANG,same,0,Entertainment,Will Angelina Keeley win Survivor Season 50?,Will Angelina Keeley win Survivor Season 50?,34683.175912,2026-05-21T03:07:48Z,104,0.6288461538461539,2.5999999999999996,0.9615384615384616,0.0,0.0,0,[]
2092395,KXSERIEABTTS-26MAY10PARROM,same,0,Sports,Parma Calcio 1913 vs. AS Roma: Both Teams to Score,Roma at Parma Calcio: Both Teams to Score,15861.480895999995,2026-05-10T18:06:33Z,8,0.6250000000000012,1.5000000000000013,0.0,0.0,0.0,0,[]
2728969,KXWCAST-26JUL01ENGCOD-ENGHKANE9-2,same,0,Sports,Harry Kane: 2+ assists,Harry Kane: 2+ assists?,3690.538540999999,2026-07-01T18:19:59Z,2,0.6250000000000002,0.8500000000000001,0.0,0.0,0.0,0,[]
2553489,KXPGATOUR-USO26-JKNA,same,0,Sports,Will Jake Knapp win the 2026 U.S. Open?,Will Jake Knapp win the U.S. Open?,12468.926629000001,2026-06-20T01:10:53Z,4,0.625,1.55,0.0,0.0,0.0,0,[]
2731218,KXPGATOUR-JODC26-BGRI,same,0,Sports,Will Ben Griffin win the 2026 John Deere Classic?,Will Ben Griffin win the John Deere Classic?,1993.067679,2026-07-05T21:55:00Z,6,0.6249999999999999,1.55,0.0,0.0,0.0,0,[]
2553369,KXPGATOUR-USO26-SLOW,same,0,Sports,Will Shane Lowry win the 2026 U.S. Open?,Will Shane Lowry win the U.S. Open?,43325.81222000001,2026-06-20T01:10:54Z,4,0.6125,1.35,0.0,0.0,0.0,0,[]
2553518,KXPGATOUR-USO26-SYEL,same,0,Sports,Will Sudarshan Yellamaraju win the 2026 U.S. Open?,Will Sudarshan Yellamaraju win the U.S. Open?,1034.56,2026-06-20T01:11:03Z,4,0.6125,1.8000000000000003,0.0,0.0,0.0,0,[]
2471013,KXPGATOUR-RBBCAN26-WCLA,same,0,Sports,Will Wyndham Clark win the 2026 RBC Canadian Open?,Will Wyndham Clark win the RBC Canadian Open?,22396.415406,2026-06-14T23:09:44Z,6,0.6083333333333335,2.600000000000001,16.666666666666664,0.0,0.0,0,[]
2553532,KXPGATOUR-USO26-SSTE,same,0,Sports,Will Sam Stevens win the 2026 U.S. Open?,Will Sam Stevens win the U.S. Open?,22248.19347800001,2026-06-21T22:49:34Z,6,0.6083333333333333,1.7000000000000002,0.0,0.0,0.0,0,[]
2553491,KXPGATOUR-USO26-JDAY,same,0,Sports,Will Jason Day win the 2026 U.S. Open?,Will Jason Day win the U.S. Open?,33218.889159,2026-06-18T22:50:29Z,3,0.6,1.7499999999999998,0.0,0.0,0.0,0,[]
1087553,KXFOMEN-26-JOD,same,0,Sports,Will Rafael Jodar win the 2026 Men's French Open?,Will Rafael Jodar win the French Open?,1105921.2364610038,2026-06-02T15:40:11Z,10,0.6,0.9999999999999996,0.0,0.0,0.0,0,[]
2731252,KXPGATOUR-JODC26-JSPI,same,0,Sports,Will Jordan Spieth win the 2026 John Deere Classic?,Will Jordan Spieth win the John Deere Classic?,2066.9593410000007,2026-07-05T21:55:00Z,6,0.6,1.7999999999999998,0.0,0.0,0.0,0,[]
1972649,KXNBAWFINMVP-26-AMIT,same,0,Sports,Will Ajay Mitchell win the 2026 Western Conference Finals MVP?,Will Ajay Mitchell win Western Conference Finals MVP?,1747.0421,2026-05-31T02:57:09Z,13,0.6,0.9999999999999999,0.0,0.0,0.0,0,[]
2717474,KXWCAST-26JUN30FRASWE-FRAKMBAPP10-2,same,0,Sports,Kylian Mbappé: 2+ assists,Kylian Mbappe: 2+ assists?,7909.531949000001,2026-06-30T22:43:18Z,2,0.5999999999999988,0.9999999999999981,0.0,0.0,0.0,0,[]
695099,KXNY12D-26-BLAN,same,0,Elections,Will Brad Lander be the democratic nominee for NY-12?,Will Brad Lander be the Democratic nominee for NY-12?,85293.53766399999,2026-06-24T02:09:47Z,141,0.599290780141844,5.0,1.4184397163120568,0.0,0.0,1,[1.0]
1193276,KXSURVIVOR-26DEC31-KAM,same,0,Entertainment,Will Kamilla Karthigesu win Survivor Season 50?,Will Kamilla Karthigesu win Survivor Season 50?,46418.044431999944,2026-05-21T03:07:48Z,93,0.5962365591397851,1.9000000000000004,0.0,0.0,0.0,0,[]
2553280,KXPGATOUR-USO26-MFIT,same,0,Sports,Will Matt Fitzpatrick win the 2026 U.S. Open?,Will Matt Fitzpatrick win the U.S. Open?,105569.47833900005,2026-06-21T22:49:34Z,6,0.5916666666666667,1.5,0.0,0.0,0.0,0,[]
2553408,KXPGATOUR-USO26-AFIT,same,0,Sports,Will Alex Fitzpatrick win the 2026 U.S. Open?,Will Alex Fitzpatrick win the U.S. Open?,3606.166529,2026-06-21T22:49:34Z,6,0.5833333333333334,1.5,0.0,0.0,0.0,0,[]
2734776,KXWCGOAL-26JUL02ESPAUT-AUTMSABIT20-2,same,0,Sports,Marcel Sabitzer: 2+ goals,Marcel Sabitzer: 2+ goals,1127.8305,2026-07-02T21:09:50Z,3,0.5833333333333331,0.65,0.0,0.0,0.0,0,[]
2553553,KXPGATOUR-USO26-BHOR,same,0,Sports,Will Billy Horschel win the 2026 U.S. Open?,Will Billy Horschel win the U.S. Open?,20988.341197,2026-06-20T01:11:10Z,4,0.5750000000000001,1.8000000000000003,0.0,0.0,0.0,0,[]
2553477,KXPGATOUR-USO26-DJOH,same,0,Sports,Will Dustin Johnson win the 2026 U.S. Open?,Will Dustin Johnson win the U.S. Open?,14010.032148000002,2026-06-21T22:49:34Z,6,0.5749999999999998,1.7499999999999998,0.0,0.0,0.0,0,[]
2553566,KXPGATOUR-USO26-BJAM,same,0,Sports,Will Benjamin James win the 2026 U.S. Open?,Will Benjamin James win the U.S. Open?,3566.043332,2026-06-21T22:49:34Z,6,0.5666666666666668,1.8000000000000003,0.0,0.0,0.0,0,[]
2553304,KXPGATOUR-USO26-SBUR,same,0,Sports,Will Sam Burns win the 2026 U.S. Open?,Will Sam Burns win the U.S. Open?,238990.18374900008,2026-06-21T22:49:34Z,6,0.5666666666666668,1.2,0.0,0.0,0.0,0,[]
2553454,KXPGATOUR-USO26-ASMA,same,0,Sports,Will Alex Smalley win the 2026 U.S. Open?,Will Alex Smalley win the U.S. Open?,5118.409626999999,2026-06-20T01:11:00Z,4,0.5625,1.6,0.0,0.0,0.0,0,[]
2471167,KXPGATOUR-RBBCAN26-JSUB,same,0,Sports,Will Jackson Suber win the 2026 RBC Canadian Open?,Will Jackson Suber win the RBC Canadian Open?,21245.199764999998,2026-06-14T23:09:44Z,6,0.5499999999999998,1.7499999999999987,0.0,0.0,0.0,0,[]
2411302,KXPGATOUR-THMTPBW26-HMAT,same,0,Sports,Will Hideki Matsuyama win the 2026 the Memorial Tournament presented by Workday?,Will Hideki Matsuyama win the the Memorial Tournament presented by Workday?,1665.9911,2026-06-07T22:40:30Z,6,0.5416666666666669,1.1500000000000001,0.0,0.0,0.0,0,[]
2411190,KXPGATOUR-THMTPBW26-TFLE,same,0,Sports,Will Tommy Fleetwood win the 2026 the Memorial Tournament presented by Workday?,Will Tommy Fleetwood win the the Memorial Tournament presented by Workday?,67121.060636,2026-06-07T22:40:30Z,6,0.5416666666666666,0.75,0.0,0.0,0.0,0,[]
1892294,KXCS2-IEMCOL26-LVG,same,0,Sports,Will Lynn Vision win IEM Cologne Major 2026?,Will Lynn Vision win IEM Cologne?,433957.440446,2026-06-06T23:28:29Z,4,0.5375000000000001,0.95,0.0,0.0,0.0,0,[]
2553459,KXPGATOUR-USO26-SSTR,same,0,Sports,Will Sepp Straka win the 2026 U.S. Open?,Will Sepp Straka win the U.S. Open?,265838.263,2026-06-20T01:11:01Z,4,0.5375,1.5499999999999998,0.0,0.0,0.0,0,[]
2553399,KXPGATOUR-USO26-ARAI,same,0,Sports,Will Aaron Rai win the 2026 U.S. Open?,Will Aaron Rai win the U.S. Open?,73161.38169999997,2026-06-21T22:49:34Z,6,0.5333333333333333,1.5,0.0,0.0,0.0,0,[]
695095,KXNY12D-26-KPOW,same,0,Elections,Will Keith Powers be the democratic nominee for NY-12?,Will Keith Powers be the Democratic nominee for NY-12?,7189.768500000005,2026-06-24T02:09:47Z,130,0.5284615384615384,7.000000000000001,0.7692307692307693,0.7692307692307693,0.0,1,[1.0]
2553516,KXPGATOUR-USO26-TKIM,same,0,Sports,Will Tom Kim win the 2026 U.S. Open?,Will Tom Kim win the U.S. Open?,386772.44749700004,2026-06-21T22:49:34Z,6,0.5250000000000001,1.6500000000000001,0.0,0.0,0.0,0,[]
2727411,KXWCGOAL-26JUL01BELSEN-SENSMANE10-2,same,0,Sports,Sadio Mané: 2+ goals,Sadio Mane: 2+ goals,5577.864386999999,2026-07-01T22:09:48Z,2,0.5250000000000001,0.6499999999999999,0.0,0.0,0.0,0,[]
2553542,KXPGATOUR-USO26-MGRE,same,0,Sports,Will Max Greyserman win the 2026 U.S. Open?,Will Max Greyserman win the U.S. Open?,2758.8388330000002,2026-06-21T22:49:34Z,6,0.5250000000000001,1.8000000000000003,0.0,0.0,0.0,0,[]
2553336,KXPGATOUR-USO26-JTHO,same,0,Sports,Will Justin Thomas win the 2026 U.S. Open?,Will Justin Thomas win the U.S. Open?,41082.36181,2026-06-21T22:49:34Z,6,0.525,0.9999999999999999,0.0,0.0,0.0,0,[]
2731227,KXPGATOUR-JODC26-KBRA,same,0,Sports,Will Keegan Bradley win the 2026 John Deere Classic?,Will Keegan Bradley win the John Deere Classic?,3102.5243349999996,2026-07-05T21:55:00Z,6,0.525,1.1000000000000003,0.0,0.0,0.0,0,[]
2294263,KXPGATOUR-THCCBN26-BKOE,same,0,Sports,Will Brooks Koepka win the 2026 THE CJ CUP Byron Nelson?,Will Brooks Koepka win the THE CJ CUP Byron Nelson?,22801.305194000008,2026-05-24T23:51:25Z,6,0.5249999999999999,1.15,0.0,0.0,0.0,0,[]
2553450,KXPGATOUR-USO26-CSMI,same,0,Sports,Will Cameron Smith win the 2026 U.S. Open?,Will Cameron Smith win the U.S. Open?,74869.80025500001,2026-06-20T01:11:01Z,4,0.5249999999999999,1.25,0.0,0.0,0.0,0,[]
2640130,KXPGATOUR-TRAV26-MFIT,same,0,Sports,Will Matt Fitzpatrick win the 2026 Travelers Championship?,Will Matt Fitzpatrick win the Travelers Championship?,42902.34323299999,2026-06-29T13:23:12Z,7,0.5214285714285715,1.2000000000000004,0.0,0.0,0.0,0,[]
2411377,KXPGATOUR-THMTPBW26-JSPA,same,0,Sports,Will J.J. Spaun win the 2026 the Memorial Tournament presented by Workday?,Will J.J. Spaun win the the Memorial Tournament presented by Workday?,5575.944878,2026-06-07T22:40:30Z,6,0.5166666666666665,0.7999999999999998,0.0,0.0,0.0,0,[]
2731267,KXPGATOUR-JODC26-SIM,same,0,Sports,Will Sung-Jae Im win the 2026 John Deere Classic?,Will Sungjae Im win the John Deere Classic?,3129.993215,2026-07-05T21:55:00Z,6,0.5083333333333334,1.3,0.0,0.0,0.0,0,[]
2113533,KXLALIGABTTS-26MAY12RCCLEV,same,0,Sports,RC Celta de Vigo vs. Levante UD: Both Teams to Score,Levante at Celta Vigo: Both Teams to Score,69889.31956,2026-05-12T19:01:15Z,7,0.5000000000000052,1.0000000000000009,0.0,0.0,0.0,0,[]
2425653,KXATPSETWINNER-26JUN05MENZVE-1-ZVE,inverse,0,Sports,Set 1 Winner: Mensik vs Zverev,Will Alexander Zverev win set 1 in the Jakub Mensik vs Alexander Zverev match,51401.348737,2026-06-05T13:51:01Z,2,0.5000000000000032,1.0000000000000009,0.0,0.0,0.0,0,[]
2703395,KXATPSETWINNER-26JUN29WAWBER-3-WAW,same,0,Sports,Set 3 Winner: Wawrinka vs Berrettini,Will Stan Wawrinka win set 3 in the Stan Wawrinka vs Matteo Berrettini match,5836.6438419999995,2026-06-30T20:12:17Z,2,0.5000000000000032,0.500000000000006,0.0,0.0,0.0,0,[]
2703694,KXATPSETWINNER-26JUN29TRUDAM-1-TRU,same,0,Sports,Set 1 Winner: Trungelliti vs Damm,Will Marco Trungelliti win set 1 in the Marco Trungelliti vs Martin Damm Jr match,3842.8151570000005,2026-06-29T11:25:19Z,2,0.5000000000000032,1.0000000000000064,0.0,0.0,0.0,0,[]
2702910,KXATPSETWINNER-26JUN29BLOZVE-3-ZVE,inverse,0,Sports,Set 3 Winner: Blockx vs Zverev,Will Alexander Zverev win set 3 in the Alexander Blockx vs Alexander Zverev match,4192.367383,2026-06-30T17:32:17Z,2,0.5000000000000031,1.0000000000000036,0.0,0.0,0.0,0,[]
2329087,KXATPSETWINNER-26MAY25GRIARN-1-GRI,same,0,Sports,Set 1 Winner: Griekspoor vs Arnaldi,Will Tallon Griekspoor win set 1 in the Tallon Griekspoor vs Matteo Arnaldi match,5282.470589999999,2026-05-26T10:30:29Z,3,0.5000000000000004,0.5000000000000004,0.0,0.0,0.0,0,[]
2732700,KXATPSETWINNER-26JUL01JBROBUS-2-JBRO,same,0,Sports,Set 2 Winner: Brooksby vs Buse,Will Jenson Brooksby win set 2 in the Jenson Brooksby vs Ignacio Buse match,11087.436346999999,2026-07-01T11:32:22Z,2,0.5000000000000004,0.5000000000000004,0.0,0.0,0.0,0,[]
2703213,KXATPSETWINNER-26JUN29BONDIA-3-DIA,inverse,0,Sports,Set 3 Winner: Bonzi vs Diallo,Will Gabriel Diallo win set 3 in the Benjamin Bonzi vs Gabriel Diallo match,1360.355711,2026-06-30T14:03:18Z,2,0.5000000000000004,1.0000000000000009,0.0,0.0,0.0,0,[]
2711108,KXWCGOAL-26JUN30CIVNOR-CIVADIALL16-1,same,0,Sports,Amad Diallo: 1+ goals,Amad Diallo: 1+ goals,34740.78524799998,2026-06-30T19:09:48Z,2,0.5000000000000004,0.5000000000000004,0.0,0.0,0.0,0,[]
2607453,KXWCAST-26JUN21BELIRI-BELLTROSS19-1,same,0,Sports,Leandro Trossard: 1+ assists,Leandro Trossard: 1+ assists?,1305.9613759999997,2026-06-21T21:44:53Z,2,0.5000000000000004,0.5000000000000004,0.0,0.0,0.0,0,[]
2705009,KXWTASETWINNER-26JUN29YASITO-1-YAS,same,0,Sports,Set 1 Winner: Yastremska vs Ito,Will Dayana Yastremska win set 1 in the Dayana Yastremska vs Aoi Ito match,8552.083958000001,2026-06-29T18:04:53Z,2,0.5000000000000004,1.0000000000000009,0.0,0.0,0.0,0,[]
2736583,KXWTASETWINNER-26JUL01YASJBOU-2-YAS,same,0,Sports,Set 2 Winner: Yastremska vs Maneiro,Will Dayana Yastremska win set 2 in the Dayana Yastremska vs Jessica Bouzas Maneiro match,1667.57163,2026-07-01T14:02:29Z,2,0.5000000000000004,1.0000000000000009,0.0,0.0,0.0,0,[]
2704006,KXATPSETWINNER-26JUN29AUGSHE-1-SHE,inverse,0,Sports,Set 1 Winner: Auger-Aliassime vs Shevchenko,Will Alexander Shevchenko win set 1 in the Felix Auger-Aliassime vs Alexander Shevchenko match,1060.128666,2026-06-29T16:53:28Z,2,0.5000000000000004,0.5000000000000004,0.0,0.0,0.0,0,[]
2704854,KXWTASETWINNER-26JUN29SIEBON-2-SIE,same,0,Sports,Set 2 Winner: Sierra vs Bondar,Will Solana Sierra win set 2 in the Solana Sierra vs Anna Bondar match,1009.56907,2026-06-29T19:08:24Z,2,0.5000000000000004,1.0000000000000009,0.0,0.0,0.0,0,[]
2703159,KXATPSETWINNER-26JUN29TIAATM-1-TIA,same,0,Sports,Set 1 Winner: Tiafoe vs Atmane,Will Frances Tiafoe win set 1 in the Frances Tiafoe vs Terence Atmane match,4575.665971,2026-06-30T19:22:07Z,3,0.5000000000000004,1.0000000000000009,0.0,0.0,0.0,0,[]
2533352,KXATPSETWINNER-26JUN14DEDIA-1-DIA,inverse,0,Sports,Set 1 Winner: Minaur vs Diallo,Will Gabriel Diallo win set 1 in the Alex de Minaur vs Gabriel Diallo match,3086.769813000001,2026-06-16T16:11:45Z,2,0.5000000000000004,1.0000000000000009,0.0,0.0,0.0,0,[]
2704931,KXWTASETWINNER-26JUN29BENSTO-1-STO,inverse,0,Sports,Set 1 Winner: Bencic vs Stojsavljevic,Will Mika Stojsavljevic win set 1 in the Belinda Bencic vs Mika Stojsavljevic match,5265.223927000001,2026-06-29T11:06:38Z,2,0.5000000000000004,1.0000000000000009,0.0,0.0,0.0,0,[]
2567861,KXWTASETWINNER-26JUN17KEYMUC-1-MUC,inverse,0,Sports,Set 1 Winner: Keys vs Muchova,Will Karolina Muchova win set 1 in the Madison Keys vs Karolina Muchova match,2212.265211,2026-06-18T14:25:42Z,2,0.5000000000000004,0.5000000000000004,0.0,0.0,0.0,0,[]
2612050,KXWTASETWINNER-26JUN20TAUSHN-1-TAU,same,0,Sports,Set 1 Winner: Tauson vs Shnaider,Will Clara Tauson win set 1 in the Clara Tauson vs Diana Shnaider match,10042.135498,2026-06-22T10:20:15Z,2,0.5000000000000004,1.0000000000000009,0.0,0.0,0.0,0,[]
2704169,KXATPSETWINNER-26JUN29MEDOFN-1-OFN,inverse,0,Sports,Set 1 Winner: Medjedovic vs Ofner,Will Sebastian Ofner win set 1 in the Hamad Medjedovic vs Sebastian Ofner match,3637.146426,2026-06-29T13:04:57Z,2,0.5000000000000004,1.0000000000000009,0.0,0.0,0.0,0,[]
2493789,KXWCGOAL-26JUN16IRQNOR-NOREHAALA9-1,same,0,Sports,Erling Haaland: 1+ goals,Erling Haaland: 1+ goals,89845.50663599996,2026-06-17T00:15:15Z,2,0.5000000000000004,0.5000000000000004,0.0,0.0,0.0,0,[]
2371160,KXATPSETWINNER-26MAY29BORRUB-1-RUB,inverse,0,Sports,Set 1 Winner: Borges vs Rublev,Will Andrey Rublev win set 1 in the Nuno Borges vs Andrey Rublev match,4277.450649999999,2026-05-29T10:04:01Z,2,0.5000000000000004,1.0000000000000009,0.0,0.0,0.0,0,[]
2183559,KXTOPSONG-26MAY16-ICA,same,0,Entertainment,"Will ""I Can't Love You Anymore - Ella Langley, Morgan Wallen"" be the Billboard Hot 100 #1 song for the week of May 16?","Will I CAN'T LOVE YOU ANYMORE be #1 on the Billboard Hot 100 during the week of May 16, 2026",1083.1510000000003,2026-05-11T03:59:00Z,2,0.5000000000000001,0.9000000000000001,0.0,0.0,0.0,0,[]
2553416,KXPGATOUR-USO26-ASCO,same,0,Sports,Will Adam Scott win the 2026 U.S. Open?,Will Adam Scott win the U.S. Open?,35903.401799,2026-06-20T01:11:00Z,4,0.5,1.4000000000000001,0.0,0.0,0.0,0,[]
2493860,KXWCGOAL-26JUN16FRASEN-FRAKMBAPP10-2,same,0,Sports,Kylian Mbappé: 2+ goals,Kylian Mbappe: 2+ goals,12612.497459999988,2026-06-16T21:15:08Z,2,0.49999999999999906,0.9999999999999981,0.0,0.0,0.0,0,[]
2584089,KXWCGOAL-26JUN20NEDSWE-SWEVGYOKE14-1,same,0,Sports,Viktor Gyökeres: 1+ goals,Viktor Gyokeres: 1+ goals,18861.05319100001,2026-06-20T19:10:17Z,2,0.49999999999999767,0.9999999999999953,0.0,0.0,0.0,0,[]
2351432,KXWTASETWINNER-26MAY27KOSVOL-1-VOL,inverse,0,Sports,Set 1 Winner: Kostyuk vs Volynets,Will Katie Volynets win set 1 in the Marta Kostyuk vs Katie Volynets match,1448.021912,2026-05-27T13:55:34Z,2,0.49999999999998934,0.49999999999998934,0.0,0.0,0.0,0,[]
1665932,KXPERUPRESMATCHUP-26APR-RALIRPAL,same,0,Elections,Will Rafael López Aliaga and Roberto Sánchez Palomino advance to the runoff?,Will Rafael López Aliaga and Roberto Sánchez Palomino be the nominees in the 2026 Peru presidential election?,46579.952195,2026-05-15T19:01:23Z,15,0.4966666666666668,1.15,0.0,0.0,0.0,0,[]
2553577,KXPGATOUR-USO26-JSTA,same,0,Sports,Will Jimmy Stanger win the 2026 U.S. Open?,Will Jimmy Stanger win the U.S. Open?,1333.461,2026-06-20T01:11:08Z,4,0.4875,1.8499999999999999,0.0,0.0,0.0,0,[]
2553583,KXPGATOUR-USO26-LABE,same,0,Sports,Will Ludvig Aberg win the 2026 U.S. Open?,Will Ludvig Aberg win the U.S. Open?,20242.85939200001,2026-06-21T22:49:34Z,4,0.48749999999999993,0.8,0.0,0.0,0.0,0,[]
1087546,KXFOMEN-26-TIA,same,0,Sports,Will Frances Tiafoe win the 2026 Men's French Open?,Will Frances Tiafoe win the French Open?,862002.2104870037,2026-06-01T23:40:21Z,65,0.486923076923077,1.6500000000000001,0.0,0.0,0.0,0,[]
2553425,KXPGATOUR-USO26-GWOO,same,0,Sports,Will Gary Woodland win the 2026 U.S. Open?,Will Gary Woodland win the U.S. Open?,10550.989984,2026-06-21T22:49:34Z,6,0.4833333333333334,1.6,0.0,0.0,0.0,0,[]
2553290,KXPGATOUR-USO26-XSCH,same,0,Sports,Will Xander Schauffele win the 2026 U.S. Open?,Will Xander Schauffele win the U.S. Open?,65588.604614,2026-06-21T22:49:34Z,6,0.4833333333333334,1.1500000000000004,0.0,0.0,0.0,0,[]
2045020,KXMDPRIMARY-05D26-EENG,same,0,Elections,Will Elldwnia English be the Democratic nominee for MD-05?,Will Elldwnia English be the Democratic nominee for MD-05?,1279.4421290000003,2026-06-24T01:34:18Z,3,0.4833333333333334,0.6,0.0,0.0,0.0,0,[]
2294277,KXPGATOUR-THCCBN26-SJAE,same,0,Sports,Will Stephan Jaeger win the 2026 THE CJ CUP Byron Nelson?,Will Stephan Jaeger win the THE CJ CUP Byron Nelson?,1373.97042,2026-05-24T23:51:25Z,6,0.4833333333333334,0.9500000000000002,0.0,0.0,0.0,0,[]
2553365,KXPGATOUR-USO26-JSPI,same,0,Sports,Will Jordan Spieth win the 2026 U.S. Open?,Will Jordan Spieth win the U.S. Open?,134534.119572,2026-06-21T22:49:34Z,6,0.4833333333333332,1.4000000000000001,0.0,0.0,0.0,0,[]
1343592,KXNHLDRAFTPICK-26-1-WCUL,same,0,Sports,Will Wyatt Cullen be drafted 1st overall in the 2026 NHL Draft?,Will Wyatt Cullen be picked 1st in the NHL Draft?,2953.239,2026-06-26T23:28:10Z,33,0.48030303030303034,0.95,0.0,0.0,0.0,0,[]
1343569,KXNHLDRAFTPICK-26-1-OSUV,same,0,Sports,Will Oliver Suvanto be drafted 1st overall in the 2026 NHL Draft?,Will Oliver Suvanto be picked 1st in the NHL Draft?,3114.811,2026-06-26T23:28:10Z,33,0.48030303030303034,0.95,0.0,0.0,0.0,0,[]
1343567,KXNHLDRAFTPICK-26-1-DRUD,same,0,Sports,Will Daxon Rudolph be drafted 1st overall in the 2026 NHL Draft?,Will Daxon Rudolph be picked 1st in the NHL Draft?,3790.5710000000004,2026-06-26T23:28:10Z,33,0.47727272727272735,0.9000000000000001,0.0,0.0,0.0,0,[]
2553391,KXPGATOUR-USO26-HENG,same,0,Sports,Will Harris English win the 2026 U.S. Open?,Will Harris English win the U.S. Open?,1352.423665,2026-06-20T01:10:47Z,4,0.475,1.5,0.0,0.0,0.0,0,[]
2553383,KXPGATOUR-USO26-MLEE,same,0,Sports,Will Min Woo Lee win the 2026 U.S. Open?,Will Min Woo Lee win the U.S. Open?,4784.156300000001,2026-06-20T01:10:54Z,4,0.475,1.4000000000000001,0.0,0.0,0.0,0,[]
695098,KXNY12D-26-CNIX,same,0,Elections,Will Cynthia Nixon be the democratic nominee for NY-12?,Will Cynthia Nixon be the Democratic nominee for NY-12?,4948.575499999997,2026-06-24T02:09:47Z,132,0.47462121212121205,5.0,0.7575757575757576,0.0,0.0,1,[1.0]
695097,KXNY12D-26-GBRE,same,0,Elections,Will Gale Brewer be the democratic nominee for NY-12?,Will Gale Brewer be the Democratic nominee for NY-12?,5697.458200000008,2026-06-24T02:09:47Z,137,0.47189781021897803,6.5,0.7299270072992701,0.7299270072992701,0.0,1,[1.0]
2640095,KXPGATOUR-TRAV26-WCLA,same,0,Sports,Will Wyndham Clark win the 2026 Travelers Championship?,Will Wyndham Clark win the Travelers Championship?,40710.148276,2026-06-29T13:23:12Z,7,0.4714285714285714,1.25,0.0,0.0,0.0,0,[]
2553360,KXPGATOUR-USO26-RMAC,same,0,Sports,Will Robert MacIntyre win the 2026 U.S. Open?,Will Robert MacIntyre win the U.S. Open?,7325.806790000001,2026-06-21T22:49:34Z,6,0.46666666666666673,1.35,0.0,0.0,0.0,0,[]
2553509,KXPGATOUR-USO26-NTAY,same,0,Sports,Will Nick Taylor win the 2026 U.S. Open?,Will Nick Taylor win the U.S. Open?,16026.0238,2026-06-20T01:11:02Z,4,0.4625000000000001,1.7500000000000002,0.0,0.0,0.0,0,[]
2553539,KXPGATOUR-USO26-ANOV,same,0,Sports,Will Andrew Novak win the 2026 U.S. Open?,Will Andrew Novak win the U.S. Open?,263793.3652,2026-06-20T01:10:56Z,4,0.4625000000000001,1.7500000000000002,0.0,0.0,0.0,0,[]
2553475,KXPGATOUR-USO26-RFOW,same,0,Sports,Will Rickie Fowler win the 2026 U.S. Open?,Will Rickie Fowler win the U.S. Open?,8524.384284,2026-06-20T01:10:47Z,4,0.4624999999999999,1.6499999999999997,0.0,0.0,0.0,0,[]
1343566,KXNHLDRAFTPICK-26-1-RLIN,same,0,Sports,Will Ryan Lin be drafted 1st overall in the 2026 NHL Draft?,Will Ryan Lin be picked 1st in the NHL Draft?,19643.221,2026-06-26T23:28:10Z,33,0.45909090909090916,0.9000000000000001,0.0,0.0,0.0,0,[]
2553579,KXPGATOUR-USO26-ZBLA,same,0,Sports,Will Zac Blair win the 2026 U.S. Open?,Will Zac Blair win the U.S. Open?,1229.9810360000001,2026-06-21T22:49:34Z,6,0.4583333333333333,1.8499999999999999,0.0,0.0,0.0,0,[]
1343559,KXNHLDRAFTPICK-26-1-TLAW,same,0,Sports,Will Tynan Lawrence be drafted 1st overall in the 2026 NHL Draft?,Will Tynan Lawrence be picked 1st in the NHL Draft?,458153.71555200027,2026-06-26T23:28:10Z,33,0.4560606060606061,0.8500000000000001,0.0,0.0,0.0,0,[]
1087526,KXFOMEN-26-NOR,same,0,Sports,Will Cameron Norrie win the 2026 Men's French Open?,Will Cameron Norrie win the French Open?,270015.7387480003,2026-05-27T03:00:30Z,50,0.451,1.6500000000000001,0.0,0.0,0.0,0,[]
2553327,KXPGATOUR-USO26-PREE,same,0,Sports,Will Patrick Reed win the 2026 U.S. Open?,Will Patrick Reed win the U.S. Open?,37987.0234,2026-06-20T01:10:58Z,4,0.45000000000000007,0.9000000000000001,0.0,0.0,0.0,0,[]
1554098,KXNEWARKMAYOR-26-NMIL,same,0,Elections,Will Noble Milton win the Newark mayoral election?,Who will win the 2026 Newark mayoral election (including any runoffs)?,3553.4486080000006,2026-05-13T14:46:27Z,16,0.44687499999999997,1.2,0.0,0.0,0.0,0,[]
2294299,KXPGATOUR-THCCBN26-TMOO,same,0,Sports,Will Taylor Moore win the 2026 THE CJ CUP Byron Nelson?,Will Taylor Moore win the THE CJ CUP Byron Nelson?,4453.5999489999995,2026-05-24T23:51:25Z,6,0.4416666666666667,1.1500000000000004,0.0,0.0,0.0,0,[]
2553373,KXPGATOUR-USO26-JNIE,same,0,Sports,Will Joaquin Niemann win the 2026 U.S. Open?,Will Joaquin Niemann win the U.S. Open?,24017.499829999997,2026-06-21T22:49:34Z,6,0.4416666666666667,1.4000000000000001,0.0,0.0,0.0,0,[]
1343564,KXNHLDRAFTPICK-26-1-EBEL,same,0,Sports,Will Ethan Belchetz be drafted 1st overall in the 2026 NHL Draft?,Will Ethan Belchetz be picked 1st in the NHL Draft?,5166.839999999999,2026-06-26T23:28:10Z,33,0.43939393939393945,0.9000000000000001,0.0,0.0,0.0,0,[]
2731309,KXPGATOUR-JODC26-APOT,same,0,Sports,Will Aldrich Potgieter win the 2026 John Deere Classic?,Will Aldrich Potgieter win the John Deere Classic?,1898.033822,2026-07-04T01:09:58Z,4,0.4375,0.9999999999999999,0.0,0.0,0.0,0,[]
2294272,KXPGATOUR-THCCBN26-SIM,same,0,Sports,Will Sung-Jae Im win the 2026 THE CJ CUP Byron Nelson?,Will Sungjae Im win the THE CJ CUP Byron Nelson?,16152.333948000007,2026-05-24T23:51:25Z,6,0.4333333333333334,0.8000000000000004,0.0,0.0,0.0,0,[]
2471061,KXPGATOUR-RBBCAN26-RFOX,same,0,Sports,Will Ryan Fox win the 2026 RBC Canadian Open?,Will Ryan Fox win the RBC Canadian Open?,5048.570423000001,2026-06-14T23:09:44Z,6,0.4333333333333334,0.9500000000000002,0.0,0.0,0.0,0,[]
2294266,KXPGATOUR-THCCBN26-PCOO,same,0,Sports,Will Pierceson Coody win the 2026 THE CJ CUP Byron Nelson?,Will Pierceson Coody win the THE CJ CUP Byron Nelson?,10019.84085,2026-05-24T23:51:25Z,6,0.4333333333333333,0.8,0.0,0.0,0.0,0,[]
1087531,KXFOMEN-26-DE,same,0,Sports,Will Alex De Minaur win the 2026 Men's French Open?,Will Alex de Minaur win the French Open?,513596.5271940008,2026-05-29T18:30:56Z,58,0.431896551724138,1.7000000000000002,0.0,0.0,0.0,0,[]
1087534,KXFOMEN-26-PAU,same,0,Sports,Will Tommy Paul win the 2026 Men's French Open?,Will Tommy Paul win the French Open?,485597.5551840014,2026-05-29T21:30:29Z,55,0.43,1.6,0.0,0.0,0.0,0,[]
2553506,KXPGATOUR-USO26-BHAR,same,0,Sports,Will Brian Harman win the 2026 U.S. Open?,Will Brian Harman win the U.S. Open?,11647.101371000008,2026-06-21T22:49:34Z,6,0.425,1.7499999999999998,0.0,0.0,0.0,0,[]
2553413,KXPGATOUR-USO26-RGER,same,0,Sports,Will Ryan Gerard win the 2026 U.S. Open?,Will Ryan Gerard win the U.S. Open?,11208.478386999997,2026-06-20T01:10:48Z,4,0.425,1.5,0.0,0.0,0.0,0,[]
1343577,KXNHLDRAFTPICK-26-1-OHEM,same,0,Sports,Will Oscar Hemming be drafted 1st overall in the 2026 NHL Draft?,Will Oscar Hemming be picked 1st in the NHL Draft?,20164.135000000002,2026-06-26T23:28:10Z,33,0.42424242424242425,0.9000000000000001,0.0,0.0,0.0,0,[]
1390385,KXEUROVISIONRANK-26TOP5-LUX,same,0,Entertainment,Will Luxembourg be in the top 5 at Eurovision 2026?,Will Luxembourg be Top 5?,2776.057307,2026-05-16T23:23:14Z,6,0.41666666666666674,0.9499999999999998,0.0,0.0,0.0,0,[]
2553431,KXPGATOUR-USO26-ABHA,same,0,Sports,Will Akshay Bhatia win the 2026 U.S. Open?,Will Akshay Bhatia win the U.S. Open?,10316.960704000001,2026-06-21T22:49:34Z,6,0.4166666666666667,1.6499999999999997,0.0,0.0,0.0,0,[]
2411296,KXPGATOUR-THMTPBW26-SLOW,same,0,Sports,Will Shane Lowry win the 2026 the Memorial Tournament presented by Workday?,Will Shane Lowry win the the Memorial Tournament presented by Workday?,5403.788163,2026-06-07T22:40:30Z,6,0.4166666666666667,0.6,0.0,0.0,0.0,0,[]
943491,KXSENATEORR-26-DBUR,same,0,Elections,Will David Burch be the Republican nominee for Senate in Oregon?,Will David Burch be the Republican nominee for the Senate in Oregon?,25675.176841000008,2026-05-23T18:52:36Z,16,0.41562499999999997,1.25,0.0,0.0,0.0,0,[]
2294280,KXPGATOUR-THCCBN26-HLI,same,0,Sports,Will Hao-Tong Li win the 2026 THE CJ CUP Byron Nelson?,Will Hao-Tong Li win the THE CJ CUP Byron Nelson?,9631.820884999997,2026-05-23T01:01:38Z,4,0.4125,0.75,0.0,0.0,0.0,0,[]
2294262,KXPGATOUR-THCCBN26-JSPI,same,0,Sports,Will Jordan Spieth win the 2026 THE CJ CUP Byron Nelson?,Will Jordan Spieth win the THE CJ CUP Byron Nelson?,25267.654618,2026-05-24T23:51:25Z,6,0.40833333333333327,1.8500000000000003,0.0,0.0,0.0,0,[]
2553482,KXPGATOUR-USO26-JBRI,same,0,Sports,Will Jacob Bridgeman win the 2026 U.S. Open?,Will Jacob Bridgeman win the U.S. Open?,4884.1656,2026-06-21T22:49:34Z,6,0.40833333333333327,1.55,0.0,0.0,0.0,0,[]
2553557,KXPGATOUR-USO26-EGRI,same,0,Sports,Will Emiliano Grillo win the 2026 U.S. Open?,Will Emiliano Grillo win the U.S. Open?,4278.830592,2026-06-21T22:49:34Z,6,0.4000000000000001,1.8000000000000003,0.0,0.0,0.0,0,[]
2553301,KXPGATOUR-USO26-RHEN,same,0,Sports,Will Russell Henley win the 2026 U.S. Open?,Will Russell Henley win the U.S. Open?,12942.193738999998,2026-06-21T22:49:34Z,6,0.4000000000000001,0.8,0.0,0.0,0.0,0,[]
1087521,KXFOMEN-26-MEN,same,0,Sports,Will Jakub Mensik win the 2026 Men's French Open?,Will Jakub Mensik win the French Open?,1057699.984345004,2026-06-05T16:10:17Z,57,0.39999999999999997,2.3,3.508771929824561,0.0,0.0,0,[]
2471025,KXPGATOUR-RBBCAN26-RMAC,same,0,Sports,Will Robert MacIntyre win the 2026 RBC Canadian Open?,Will Robert MacIntyre win the RBC Canadian Open?,7395.992192000002,2026-06-14T23:09:44Z,6,0.3999999999999999,0.95,0.0,0.0,0.0,0,[]
2734791,KXWCGOAL-26JUL02ESPAUT-ESPRODR16-2,same,0,Sports,Rodri: 2+ goals,Rodri: 2+ goals,1761.3291659999995,2026-07-02T21:09:49Z,3,0.3999999999999999,0.5999999999999999,0.0,0.0,0.0,0,[]
2294279,KXPGATOUR-THCCBN26-BBRO,same,0,Sports,Will Blades Brown win the 2026 THE CJ CUP Byron Nelson?,Will Blades Brown win the THE CJ CUP Byron Nelson?,1571.9711000000002,2026-05-24T23:51:25Z,6,0.39166666666666666,1.3,0.0,0.0,0.0,0,[]
1087522,KXFOMEN-26-TSI,same,0,Sports,Will Stefanos Tsitsipas win the 2026 Men's French Open?,Will Stefanos Tsitsipas win the French Open?,441258.4524150002,2026-05-28T21:40:15Z,49,0.38877551020408163,0.8,0.0,0.0,0.0,0,[]
2553378,KXPGATOUR-USO26-KKIT,same,0,Sports,Will Kurt Kitayama win the 2026 U.S. Open?,Will Kurt Kitayama win the U.S. Open?,262008.165,2026-06-21T22:49:34Z,6,0.38333333333333336,1.35,0.0,0.0,0.0,0,[]
2553572,KXPGATOUR-USO26-CSUR,same,0,Sports,Will Caleb Surratt win the 2026 U.S. Open?,Will Caleb Surratt win the U.S. Open?,2840.0,2026-06-21T22:49:34Z,6,0.3833333333333333,1.8499999999999999,0.0,0.0,0.0,0,[]
1087533,KXFOMEN-26-STR,same,0,Sports,Will Jan-Lennard Struff win the 2026 Men's French Open?,Will Jan-Lennard Struff win the French Open?,198570.75547500004,2026-05-28T19:50:25Z,56,0.37946428571428575,0.95,0.0,0.0,0.0,0,[]
2640103,KXPGATOUR-TRAV26-CCON,same,0,Sports,Will Corey Conners win the 2026 Travelers Championship?,Will Corey Conners win the Travelers Championship?,2619.285713,2026-06-29T13:23:12Z,7,0.37857142857142856,0.75,0.0,0.0,0.0,0,[]
2553284,KXPGATOUR-USO26-TFLE,same,0,Sports,Will Tommy Fleetwood win the 2026 U.S. Open?,Will Tommy Fleetwood win the U.S. Open?,92786.89987499997,2026-06-21T22:49:34Z,6,0.3749999999999998,1.0999999999999996,0.0,0.0,0.0,0,[]
2640073,KXPGATOUR-TRAV26-ABHA,same,0,Sports,Will Akshay Bhatia win the 2026 Travelers Championship?,Will Akshay Bhatia win the Travelers Championship?,24535.865087,2026-06-29T13:23:12Z,7,0.36428571428571427,0.65,0.0,0.0,0.0,0,[]
2553350,KXPGATOUR-USO26-JSPA,same,0,Sports,Will J.J. Spaun win the 2026 U.S. Open?,Will J.J. Spaun win the U.S. Open?,21365.70141299999,2026-06-20T01:11:01Z,4,0.3625,1.0999999999999999,0.0,0.0,0.0,0,[]
2471042,KXPGATOUR-RBBCAN26-KMIT,same,0,Sports,Will Keith Mitchell win the 2026 RBC Canadian Open?,Will Keith Mitchell win the RBC Canadian Open?,6582.553599999998,2026-06-14T23:09:44Z,6,0.35833333333333317,0.7999999999999994,0.0,0.0,0.0,0,[]
1087532,KXFOMEN-26-RUB,same,0,Sports,Will Andrey Rublev win the 2026 Men's French Open?,Will Andrey Rublev win the French Open?,805255.561974003,2026-05-31T21:30:17Z,50,0.3559999999999999,1.5,0.0,0.0,0.0,0,[]
2294303,KXPGATOUR-THCCBN26-MHUG,same,0,Sports,Will Mackenzie Hughes win the 2026 THE CJ CUP Byron Nelson?,Will Mackenzie Hughes win the THE CJ CUP Byron Nelson?,1409.5853319999999,2026-05-24T23:51:25Z,6,0.35000000000000003,1.4,0.0,0.0,0.0,0,[]
2553571,KXPGATOUR-USO26-ADUM,same,0,Sports,Will Adrien Dumont De Chassart win the 2026 U.S. Open?,Will Adrien Dumont De Chassart win the U.S. Open?,98565.42,2026-06-21T22:49:34Z,6,0.35000000000000003,1.8499999999999999,0.0,0.0,0.0,0,[]
2553332,KXPGATOUR-USO26-PCAN,same,0,Sports,Will Patrick Cantlay win the 2026 U.S. Open?,Will Patrick Cantlay win the U.S. Open?,12874.570799000001,2026-06-20T01:10:45Z,4,0.35,1.0499999999999998,0.0,0.0,0.0,0,[]
2553317,KXPGATOUR-USO26-JROS,same,0,Sports,Will Justin Rose win the 2026 U.S. Open?,Will Justin Rose win the U.S. Open?,49083.07324200001,2026-06-21T22:49:34Z,6,0.3499999999999999,1.0999999999999999,0.0,0.0,0.0,0,[]
2731470,KXPGATOUR-JODC26-ZJOH,same,0,Sports,Will Zach Johnson win the 2026 John Deere Classic?,Will Zach Johnson win the John Deere Classic?,2511.280199,2026-07-05T21:55:00Z,6,0.3499999999999999,0.8499999999999998,0.0,0.0,0.0,0,[]
2727600,KXWCGOAL-26JUL01USABIH-BIHKALAJB27-2,same,0,Sports,Kerim Alajbegović: 2+ goals,Kerim Alajbegovic: 2+ goals,3154.812,2026-07-02T02:14:49Z,2,0.3499999999999999,0.5999999999999999,0.0,0.0,0.0,0,[]
1087528,KXFOMEN-26-KOR,same,0,Sports,Will Sebastian Korda win the 2026 Men's French Open?,Will Sebastian Korda win the French Open?,203572.44284799986,2026-05-23T14:26:31Z,44,0.3488636363636363,0.95,0.0,0.0,0.0,0,[]
2553323,KXPGATOUR-USO26-CMOR,same,0,Sports,Will Collin Morikawa win the 2026 U.S. Open?,Will Collin Morikawa win the U.S. Open?,28935.421521999997,2026-06-21T22:49:34Z,6,0.34166666666666673,0.9500000000000002,0.0,0.0,0.0,0,[]
2294324,KXPGATOUR-THCCBN26-EVAN,same,0,Sports,Will Erik Van Rooyen win the 2026 THE CJ CUP Byron Nelson?,Will Erik Van Rooyen win the THE CJ CUP Byron Nelson?,1193.5178560000002,2026-05-24T23:51:25Z,6,0.3416666666666666,1.4,0.0,0.0,0.0,0,[]
2329371,KXATPSETWINNER-26MAY24SHEMIC-1-SHE,same,0,Sports,Set 1 Winner: Shevchenko vs Michelsen,Will Alexander Shevchenko win set 1 in the Alexander Shevchenko vs Alex Michelsen match,1423.504593,2026-05-25T09:39:29Z,3,0.3333333333333355,1.0000000000000009,0.0,0.0,0.0,0,[]
2533209,KXATPSETWINNER-26JUN14HUMCIL-1-HUM,same,0,Sports,Set 1 Winner: Humbert vs Cilic,Will Ugo Humbert win set 1 in the Ugo Humbert vs Marin Cilic match,1036.8299399999999,2026-06-16T16:35:52Z,3,0.33333333333333365,0.5000000000000004,0.0,0.0,0.0,0,[]
2471034,KXPGATOUR-RBBCAN26-VHOV,same,0,Sports,Will Viktor Hovland win the 2026 RBC Canadian Open?,Will Viktor Hovland win the RBC Canadian Open?,6363.035406,2026-06-14T23:09:44Z,6,0.3333333333333334,0.9999999999999999,0.0,0.0,0.0,0,[]
2294264,KXPGATOUR-THCCBN26-KMIT,same,0,Sports,Will Keith Mitchell win the 2026 THE CJ CUP Byron Nelson?,Will Keith Mitchell win the THE CJ CUP Byron Nelson?,1784.285627,2026-05-24T23:51:25Z,6,0.3333333333333333,0.75,0.0,0.0,0.0,0,[]
2553309,KXPGATOUR-USO26-THAT,same,0,Sports,Will Tyrrell Hatton win the 2026 U.S. Open?,Will Tyrrell Hatton win the U.S. Open?,35973.19224500001,2026-06-21T22:49:34Z,6,0.3333333333333333,0.9999999999999999,0.0,0.0,0.0,0,[]
2471067,KXPGATOUR-RBBCAN26-BCAU,same,0,Sports,Will Bud Cauley win the 2026 RBC Canadian Open?,Will Bud Cauley win the RBC Canadian Open?,18941.595838,2026-06-14T23:09:44Z,6,0.3250000000000001,1.0000000000000002,0.0,0.0,0.0,0,[]
2553445,KXPGATOUR-USO26-JKOI,same,0,Sports,Will Jackson Koivun win the 2026 U.S. Open?,Will Jackson Koivun win the U.S. Open?,11879.008,2026-06-21T22:49:34Z,6,0.325,1.6,0.0,0.0,0.0,0,[]
2294288,KXPGATOUR-THCCBN26-CKIR,same,0,Sports,Will Chris Kirk win the 2026 THE CJ CUP Byron Nelson?,Will Chris Kirk win the THE CJ CUP Byron Nelson?,1402.326665,2026-05-24T23:51:25Z,6,0.325,1.4000000000000001,0.0,0.0,0.0,0,[]
2471102,KXPGATOUR-RBBCAN26-HLI,same,0,Sports,Will Hao-Tong Li win the 2026 RBC Canadian Open?,Will Hao-Tong Li win the RBC Canadian Open?,1218.8909489999999,2026-06-14T23:09:44Z,6,0.32499999999999996,0.9999999999999999,0.0,0.0,0.0,0,[]
1087527,KXFOMEN-26-KHA,same,0,Sports,Will Karen Khachanov win the 2026 Men's French Open?,Will Karen Khachanov win the French Open?,505821.47538200027,2026-05-29T19:00:47Z,55,0.32272727272727275,0.8500000000000001,0.0,0.0,0.0,0,[]
2553356,KXPGATOUR-USO26-HMAT,same,0,Sports,Will Hideki Matsuyama win the 2026 U.S. Open?,Will Hideki Matsuyama win the U.S. Open?,2053.6709760000003,2026-06-21T22:49:34Z,6,0.3166666666666667,1.35,0.0,0.0,0.0,0,[]
2553503,KXPGATOUR-USO26-KMIT,same,0,Sports,Will Keith Mitchell win the 2026 U.S. Open?,Will Keith Mitchell win the U.S. Open?,4829.122444999998,2026-06-21T22:49:34Z,6,0.31666666666666665,1.6499999999999997,0.0,0.0,0.0,0,[]
1087539,KXFOMEN-26-BUB,same,0,Sports,Will Alexander Bublik win the 2026 Men's French Open?,Will Alexander Bublik win the French Open?,300375.44628299994,2026-05-26T23:56:42Z,53,0.3141509433962264,0.75,0.0,0.0,0.0,0,[]
2731363,KXPGATOUR-JODC26-BKOH,same,0,Sports,Will Ben Kohles win the 2026 John Deere Classic?,Will Ben Kohles win the John Deere Classic?,7896.436315999999,2026-07-05T21:55:00Z,6,0.30000000000000016,0.5000000000000004,0.0,0.0,0.0,0,[]
2294268,KXPGATOUR-THCCBN26-RHIS,same,0,Sports,Will Ryo Hisatsune win the 2026 THE CJ CUP Byron Nelson?,Will Ryo Hisatsune win the THE CJ CUP Byron Nelson?,3818.2026269999997,2026-05-24T23:51:25Z,6,0.30000000000000004,0.6499999999999999,0.0,0.0,0.0,0,[]
2411181,KXPGATOUR-THMTPBW26-AFIT,same,0,Sports,Will Alex Fitzpatrick win the 2026 the Memorial Tournament presented by Workday?,Will Alex Fitzpatrick win the the Memorial Tournament presented by Workday?,2609.940302,2026-06-07T22:40:30Z,6,0.30000000000000004,0.55,0.0,0.0,0.0,0,[]
2411395,KXPGATOUR-THMTPBW26-NTAY,same,0,Sports,Will Nick Taylor win the 2026 the Memorial Tournament presented by Workday?,Will Nick Taylor win the the Memorial Tournament presented by Workday?,1179.9427359999997,2026-06-07T22:40:30Z,6,0.3,0.6499999999999999,0.0,0.0,0.0,0,[]
2731354,KXPGATOUR-JODC26-MHOM,same,0,Sports,Will Max Homa win the 2026 John Deere Classic?,Will Max Homa win the John Deere Classic?,6316.623155999998,2026-07-05T21:55:00Z,6,0.2916666666666666,0.6499999999999999,0.0,0.0,0.0,0,[]
1087529,KXFOMEN-26-HUR,same,0,Sports,Will Hubert Hurkacz win the 2026 Men's French Open?,Will Hubert Hurkacz win the French Open?,253187.6676960001,2026-05-28T19:50:24Z,53,0.2830188679245283,0.95,0.0,0.0,0.0,0,[]
2553345,KXPGATOUR-USO26-CGOT,same,0,Sports,Will Chris Gotterup win the 2026 U.S. Open?,Will Chris Gotterup win the U.S. Open?,35157.179541,2026-06-21T22:49:34Z,6,0.2750000000000001,0.6500000000000002,0.0,0.0,0.0,0,[]
2294275,KXPGATOUR-THCCBN26-MGRE,same,0,Sports,Will Max Greyserman win the 2026 THE CJ CUP Byron Nelson?,Will Max Greyserman win the THE CJ CUP Byron Nelson?,2719.4952139999996,2026-05-24T23:51:25Z,6,0.275,1.25,0.0,0.0,0.0,0,[]
2727589,KXWCGOAL-26JUL01USABIH-USACPULIS11-3,same,0,Sports,Christian Pulisic: 3+ goals,Christian Pulisic: 3+ goals,15136.654465,2026-07-02T01:53:20Z,2,0.2749999999999999,0.4999999999999998,0.0,0.0,0.0,0,[]
2471211,KXPGATOUR-RBBCAN26-MPAV,same,0,Sports,Will Matthieu Pavon win the 2026 RBC Canadian Open?,Will Matthieu Pavon win the RBC Canadian Open?,2120.0,2026-06-14T23:09:44Z,6,0.26666666666666666,1.2,0.0,0.0,0.0,0,[]
1087525,KXFOMEN-26-CER,same,0,Sports,Will Francisco Cerundolo win the 2026 Men's French Open?,Will Francisco Cerundolo win the French Open?,538716.7382210016,2026-05-30T14:40:23Z,58,0.2663793103448276,1.1,0.0,0.0,0.0,0,[]
2294311,KXPGATOUR-THCCBN26-SRYD,same,0,Sports,Will Sam Ryder win the 2026 THE CJ CUP Byron Nelson?,Will Sam Ryder win the THE CJ CUP Byron Nelson?,2699.2459999999996,2026-05-24T23:51:25Z,6,0.25833333333333336,1.0999999999999999,0.0,0.0,0.0,0,[]
2533238,KXATPSETWINNER-26JUN14NORDAV-1-NOR,same,0,Sports,Set 1 Winner: Norrie vs Fokina,Will Cameron Norrie win set 1 in the Cameron Norrie vs Alejandro Davidovich Fokina match,2511.939127,2026-06-16T18:16:18Z,2,0.2500000000000058,0.500000000000006,0.0,0.0,0.0,0,[]
2623261,KXWTASETWINNER-26JUN22BEJSIE-2-SIE,inverse,0,Sports,Set 2 Winner: Bejlek vs Siegemund,Will Laura Siegemund win set 2 in the Sara Bejlek vs Laura Siegemund match,1135.845,2026-06-23T13:54:04Z,2,0.250000000000003,0.5000000000000004,0.0,0.0,0.0,0,[]
2711496,KXWCAST-26JUN29GERPAR-GERJMUSIA10-1,same,0,Sports,Jamal Musiala: 1+ assists,Jamal Musiala: 1+ assists?,4320.64823,2026-06-30T00:09:49Z,2,0.2500000000000016,0.5000000000000004,0.0,0.0,0.0,0,[]
2717465,KXWCAST-26JUN30FRASWE-SWEAISAK9-1,same,0,Sports,Alexander Isak: 1+ assists,Alexander Isak: 1+ assists?,2128.5964869999993,2026-06-30T22:47:24Z,2,0.2500000000000002,0.5000000000000004,0.0,0.0,0.0,0,[]
2479994,KXATPSETWINNER-26JUN10SHEGIR-1-SHE,same,0,Sports,Set 1 Winner: Shelton vs Giron,Will Ben Shelton win set 1 in the Ben Shelton vs Marcos Giron match,1932.3465639999997,2026-06-11T18:31:22Z,2,0.2500000000000002,0.5000000000000004,0.0,0.0,0.0,0,[]
2711131,KXWCGOAL-26JUN30CIVNOR-NOREHAALA9-3,same,0,Sports,Erling Haaland: 3+ goals,Erling Haaland: 3+ goals,46037.114523000004,2026-06-30T19:09:49Z,2,0.2500000000000002,0.5000000000000004,0.0,0.0,0.0,0,[]
2703985,KXATPSETWINNER-26JUN29WALPRI-1-WAL,same,0,Sports,Set 1 Winner: Walton vs Prizmic,Will Adam Walton win set 1 in the Adam Walton vs Dino Prizmic match,2360.813239,2026-06-29T14:53:44Z,2,0.2500000000000002,0.4999999999999949,0.0,0.0,0.0,0,[]
2403574,KXWTASETWINNER-26JUN02SVIKOS-1-SVI,same,0,Sports,Set 1 Winner: Svitolina vs Kostyuk,Will Elina Svitolina win set 1 in the Elina Svitolina vs Marta Kostyuk match,9520.306444,2026-06-02T11:21:40Z,2,0.2500000000000002,0.5000000000000004,0.0,0.0,0.0,0,[]
2355854,KXWTASETWINNER-26MAY27PAOSIE-1-SIE,inverse,0,Sports,Set 1 Winner: Paolini vs Sierra,Will Solana Sierra win set 1 in the Jasmine Paolini vs Solana Sierra match,1143.19202,2026-05-27T16:58:38Z,2,0.2500000000000002,0.5000000000000004,0.0,0.0,0.0,0,[]
2704946,KXWTASETWINNER-26JUN29CRIJOV-1-JOV,inverse,0,Sports,Set 1 Winner: Cristian vs Jovic,Will Iva Jovic win set 1 in the Jaqueline Cristian vs Iva Jovic match,1543.4090589999998,2026-06-29T11:26:16Z,2,0.2500000000000002,0.5000000000000004,0.0,0.0,0.0,0,[]
2703168,KXATPSETWINNER-26JUN29TIAATM-3-TIA,same,0,Sports,Set 3 Winner: Tiafoe vs Atmane,Will Frances Tiafoe win set 3 in the Frances Tiafoe vs Terence Atmane match,2249.839405,2026-06-30T22:25:05Z,2,0.2500000000000002,0.49999999999998934,0.0,0.0,0.0,0,[]
2736666,KXWTASETWINNER-26JUL01TJEKAS-1-TJE,same,0,Sports,Set 1 Winner: Tjen vs Kasatkina,Will Janice Tjen win set 1 in the Janice Tjen vs Daria Kasatkina match,3501.5174979999997,2026-07-01T11:23:48Z,2,0.2500000000000002,0.5000000000000004,0.0,0.0,0.0,0,[]
2704193,KXATPSETWINNER-26JUN29RUUHUR-1-RUU,same,0,Sports,Set 1 Winner: Ruud vs Hurkacz,Will Casper Ruud win set 1 in the Casper Ruud vs Hubert Hurkacz match,3744.2569639999997,2026-06-29T13:13:51Z,2,0.2500000000000002,0.5000000000000004,0.0,0.0,0.0,0,[]
2337714,KXWTASETWINNER-26MAY24GUOKES-1-KES,inverse,0,Sports,Set 1 Winner: Guo vs Kessler,Will McCartney Kessler win set 1 in the Hanyu Guo vs McCartney Kessler match,3115.249057,2026-05-25T18:46:33Z,2,0.2500000000000002,0.5000000000000004,0.0,0.0,0.0,0,[]
2471033,KXPGATOUR-RBBCAN26-KREI,same,0,Sports,Will Kristoffer Reitan win the 2026 RBC Canadian Open?,Will Kristoffer Reitan win the RBC Canadian Open?,248502.33629,2026-06-14T23:09:44Z,6,0.25000000000000017,0.3500000000000003,0.0,0.0,0.0,0,[]
2553292,KXPGATOUR-USO26-CAME,same,0,Sports,Will Cameron Young win the 2026 U.S. Open?,Will Cameron Young win the U.S. Open?,70102.10823700001,2026-06-21T22:49:34Z,6,0.24999999999999997,0.7000000000000001,0.0,0.0,0.0,0,[]
2471035,KXPGATOUR-RBBCAN26-ARAI,same,0,Sports,Will Aaron Rai win the 2026 RBC Canadian Open?,Will Aaron Rai win the RBC Canadian Open?,3529.02177,2026-06-13T00:15:03Z,4,0.24999999999999986,0.4999999999999998,0.0,0.0,0.0,0,[]
2533241,KXATPSETWINNER-26JUN14NORDAV-2-NOR,same,0,Sports,Set 2 Winner: Norrie vs Fokina,Will Cameron Norrie win set 2 in the Cameron Norrie vs Alejandro Davidovich Fokina match,1179.167954,2026-06-16T18:41:10Z,2,0.24999999999999745,0.4999999999999949,0.0,0.0,0.0,0,[]
2731334,KXPGATOUR-JODC26-JSUB,same,0,Sports,Will Jackson Suber win the 2026 John Deere Classic?,Will Jackson Suber win the John Deere Classic?,4451.772276,2026-07-05T21:55:00Z,6,0.24166666666666684,0.5000000000000004,0.0,0.0,0.0,0,[]
2411338,KXPGATOUR-THMTPBW26-KREI,same,0,Sports,Will Kristoffer Reitan win the 2026 the Memorial Tournament presented by Workday?,Will Kristoffer Reitan win the the Memorial Tournament presented by Workday?,3183.4942009999995,2026-06-07T22:40:30Z,6,0.2416666666666667,0.5499999999999999,0.0,0.0,0.0,0,[]
2471036,KXPGATOUR-RBBCAN26-AFIT,same,0,Sports,Will Alex Fitzpatrick win the 2026 RBC Canadian Open?,Will Alex Fitzpatrick win the RBC Canadian Open?,9405.032319000002,2026-06-14T23:09:44Z,6,0.2416666666666667,0.6499999999999999,0.0,0.0,0.0,0,[]
2294271,KXPGATOUR-THCCBN26-TPEN,same,0,Sports,Will Taylor Pendrith win the 2026 THE CJ CUP Byron Nelson?,Will Taylor Pendrith win the THE CJ CUP Byron Nelson?,8260.539528000001,2026-05-24T23:51:25Z,6,0.23333333333333336,0.49999999999999994,0.0,0.0,0.0,0,[]
2411326,KXPGATOUR-THMTPBW26-TPEN,same,0,Sports,Will Taylor Pendrith win the 2026 the Memorial Tournament presented by Workday?,Will Taylor Pendrith win the the Memorial Tournament presented by Workday?,12443.053645,2026-06-07T22:40:30Z,6,0.2333333333333333,0.65,0.0,0.0,0.0,0,[]
2471239,KXPGATOUR-RBBCAN26-JSTA,same,0,Sports,Will Jimmy Stanger win the 2026 RBC Canadian Open?,Will Jimmy Stanger win the RBC Canadian Open?,12841.961176999997,2026-06-14T23:09:44Z,6,0.2333333333333333,0.49999999999999994,0.0,0.0,0.0,0,[]
2294328,KXPGATOUR-THCCBN26-DSKI,same,0,Sports,Will David Ford win the 2026 THE CJ CUP Byron Nelson?,Will David Skinns win the THE CJ CUP Byron Nelson?,8743.671999999999,2026-05-23T01:01:47Z,4,0.225,0.25,0.0,0.0,0.0,0,[]
2471047,KXPGATOUR-RBBCAN26-MBRE,same,0,Sports,Will Michael Brennan win the 2026 RBC Canadian Open?,Will Michael Brennan win the RBC Canadian Open?,2411.1611000000003,2026-06-13T00:14:49Z,4,0.225,0.39999999999999986,0.0,0.0,0.0,0,[]
2471039,KXPGATOUR-RBBCAN26-MTHO,same,0,Sports,Will Michael Thorbjornsen win the 2026 RBC Canadian Open?,Will Michael Thorbjornsen win the RBC Canadian Open?,33802.687414,2026-06-14T23:09:44Z,6,0.2166666666666666,0.4499999999999999,0.0,0.0,0.0,0,[]
2731327,KXPGATOUR-JODC26-TPEN,same,0,Sports,Will Taylor Pendrith win the 2026 John Deere Classic?,Will Taylor Pendrith win the John Deere Classic?,2470.3958319999997,2026-07-04T01:09:57Z,4,0.21250000000000002,0.4,0.0,0.0,0.0,0,[]
2294269,KXPGATOUR-THCCBN26-CBEZ,same,0,Sports,Will Christiaan Bezuidenhout win the 2026 THE CJ CUP Byron Nelson?,Will Christiaan Bezuidenhout win the THE CJ CUP Byron Nelson?,10275.3511,2026-05-23T01:01:25Z,4,0.21250000000000002,0.45000000000000007,0.0,0.0,0.0,0,[]
2294270,KXPGATOUR-THCCBN26-WCLA,same,0,Sports,Will Wyndham Clark win the 2026 THE CJ CUP Byron Nelson?,Will Wyndham Clark win the THE CJ CUP Byron Nelson?,90190.564247,2026-05-24T23:51:25Z,6,0.20833333333333334,0.4499999999999999,0.0,0.0,0.0,0,[]
2471231,KXPGATOUR-RBBCAN26-PWAR,same,0,Sports,Will Paul Waring win the 2026 RBC Canadian Open?,Will Paul Waring win the RBC Canadian Open?,1115.0,2026-06-11T15:30:40Z,3,0.19999999999999998,0.25,0.0,0.0,0.0,0,[]
2294323,KXPGATOUR-THCCBN26-THOG,same,0,Sports,Will Tom Hoge win the 2026 THE CJ CUP Byron Nelson?,Will Tom Hoge win the THE CJ CUP Byron Nelson?,1090.090665,2026-05-24T23:51:25Z,6,0.19166666666666665,0.5499999999999999,0.0,0.0,0.0,0,[]
2294293,KXPGATOUR-THCCBN26-BHOS,same,0,Sports,Will Beau Hossler win the 2026 THE CJ CUP Byron Nelson?,Will Beau Hossler win the THE CJ CUP Byron Nelson?,1203.745066,2026-05-23T01:01:35Z,4,0.1875,0.3999999999999999,0.0,0.0,0.0,0,[]
2640740,KXPGATOP10-TRAV26-MMCC,same,0,Sports,Will Matt McCarty finish in the Top 10 at the 2026 Travelers Championship?,Travelers Championship: Will Matthew McCarty finish top 10?,2185.12,2026-06-29T14:19:58Z,6,0.1833333333333337,0.5500000000000002,0.0,0.0,0.0,0,[]
2553341,KXPGATOUR-USO26-VHOV,same,0,Sports,Will Viktor Hovland win the 2026 U.S. Open?,Will Viktor Hovland win the U.S. Open?,100303.49617099999,2026-06-20T01:10:52Z,4,0.17500000000000004,0.49999999999999994,0.0,0.0,0.0,0,[]
2294301,KXPGATOUR-THCCBN26-MHUB,same,0,Sports,Will Mark Hubbard win the 2026 THE CJ CUP Byron Nelson?,Will Mark Hubbard win the THE CJ CUP Byron Nelson?,1948.0398460000001,2026-05-24T23:51:25Z,6,0.17500000000000002,0.8500000000000001,0.0,0.0,0.0,0,[]
2731367,KXPGATOUR-JODC26-EGRI,same,0,Sports,Will Emiliano Grillo win the 2026 John Deere Classic?,Will Emiliano Grillo win the John Deere Classic?,2462.337538,2026-07-05T21:55:00Z,6,0.16666666666666666,0.35000000000000003,0.0,0.0,0.0,0,[]
2471076,KXPGATOUR-RBBCAN26-CBEZ,same,0,Sports,Will Christiaan Bezuidenhout win the 2026 RBC Canadian Open?,Will Christiaan Bezuidenhout win the RBC Canadian Open?,4200.0,2026-06-14T23:09:44Z,6,0.16666666666666666,0.29999999999999993,0.0,0.0,0.0,0,[]
2294276,KXPGATOUR-THCCBN26-MBRE,same,0,Sports,Will Michael Brennan win the 2026 THE CJ CUP Byron Nelson?,Will Michael Brennan win the THE CJ CUP Byron Nelson?,2089.3007900000002,2026-05-23T01:01:27Z,4,0.1625,0.25,0.0,0.0,0.0,0,[]
2640183,KXPGATOUR-TRAV26-THOG,same,0,Sports,Will Tom Hoge win the 2026 Travelers Championship?,Will Tom Hoge win the Travelers Championship?,1219.971,2026-06-29T13:23:12Z,6,0.15833333333333333,0.35,0.0,0.0,0.0,0,[]
2411184,KXPGATOUR-THMTPBW26-MFIT,same,0,Sports,Will Matt Fitzpatrick win the 2026 the Memorial Tournament presented by Workday?,Will Matt Fitzpatrick win the the Memorial Tournament presented by Workday?,2844.545277,2026-06-07T22:40:30Z,6,0.15000000000000002,0.6,0.0,0.0,0.0,0,[]
2411284,KXPGATOUR-THMTPBW26-JKNA,same,0,Sports,Will Jake Knapp win the 2026 the Memorial Tournament presented by Workday?,Will Jake Knapp win the the Memorial Tournament presented by Workday?,23532.9671,2026-06-04T01:01:50Z,2,0.125,0.2,0.0,0.0,0.0,0,[]
2471049,KXPGATOUR-RBBCAN26-NTAY,same,0,Sports,Will Nick Taylor win the 2026 RBC Canadian Open?,Will Nick Taylor win the RBC Canadian Open?,9001.955493,2026-06-14T23:09:44Z,6,0.1166666666666667,0.25000000000000006,0.0,0.0,0.0,0,[]
2731272,KXPGATOUR-JODC26-DGHI,same,0,Sports,Will Doug Ghim win the 2026 John Deere Classic?,Will Doug Ghim win the John Deere Classic?,5729.201115,2026-07-05T21:55:00Z,6,0.11666666666666664,0.19999999999999984,0.0,0.0,0.0,0,[]
2471148,KXPGATOUR-RBBCAN26-RNEE,same,0,Sports,Will Rasmus Neergaard-Petersen win the 2026 RBC Canadian Open?,Will Rasmus Neergaard-Petersen win the RBC Canadian Open?,264135.073,2026-06-14T23:09:44Z,6,0.10833333333333338,0.25000000000000006,0.0,0.0,0.0,0,[]
2471162,KXPGATOUR-RBBCAN26-MMCG,same,0,Sports,Will Max McGreevy win the 2026 RBC Canadian Open?,Will Max McGreevy win the RBC Canadian Open?,35368.037333,2026-06-14T23:09:44Z,6,0.10000000000000002,0.2,0.0,0.0,0.0,0,[]
2471116,KXPGATOUR-RBBCAN26-MHOM,same,0,Sports,Will Max Homa win the 2026 RBC Canadian Open?,Will Max Homa win the RBC Canadian Open?,2618.8471419999996,2026-06-14T23:09:44Z,6,0.10000000000000002,0.25000000000000006,0.0,0.0,0.0,0,[]
2471019,KXPGATOUR-RBBCAN26-JROS,same,0,Sports,Will Justin Rose win the 2026 RBC Canadian Open?,Will Justin Rose win the RBC Canadian Open?,51128.239727,2026-06-13T00:15:05Z,4,0.09999999999999999,0.19999999999999984,0.0,0.0,0.0,0,[]
2471132,KXPGATOUR-RBBCAN26-TKIM,same,0,Sports,Will Tom Kim win the 2026 RBC Canadian Open?,Will Tom Kim win the RBC Canadian Open?,162352.047776,2026-06-14T23:09:44Z,6,0.09166666666666669,0.2,0.0,0.0,0.0,0,[]
2471209,KXPGATOUR-RBBCAN26-CRAM,same,0,Sports,Will Chad Ramey win the 2026 RBC Canadian Open?,Will Chad Ramey win the RBC Canadian Open?,1125.0,2026-06-13T00:15:04Z,4,0.075,0.15,0.0,0.0,0.0,0,[]
2471194,KXPGATOUR-RBBCAN26-KROY,same,0,Sports,Will Kevin Roy win the 2026 RBC Canadian Open?,Will Kevin Roy win the RBC Canadian Open?,310377.18396099994,2026-06-14T23:09:44Z,6,0.06666666666666667,0.15,0.0,0.0,0.0,0,[]
2731596,KXPGATOUR-JODC26-DLIP,same,0,Sports,Will David Lipsky win the 2026 John Deere Classic?,Will David Lipsky win the John Deere Classic?,1762.383411,2026-07-05T21:55:00Z,6,0.05833333333333335,0.2,0.0,0.0,0.0,0,[]
2703374,KXATPSETWINNER-26JUN29COLFIL-3-FIL,inverse,0,Sports,Set 3 Winner: Collignon vs Fils,Will Arthur Fils win set 3 in the Raphael Collignon vs Arthur Fils match,1227.7912390000001,2026-06-30T17:02:34Z,2,5.551115123125783e-15,5.551115123125783e-15,0.0,0.0,0.0,0,[]
2704918,KXWTASETWINNER-26JUN29WANCOC-1-WAN,same,0,Sports,Set 1 Winner: Wang vs Cocciaretto,Will Xinyu Wang win set 1 in the Xinyu Wang vs Elisabetta Cocciaretto match,2332.617752,2026-06-29T12:44:38Z,2,5.551115123125783e-15,1.1102230246251565e-14,0.0,0.0,0.0,0,[]
2704982,KXWTASETWINNER-26JUN29ALEUDV-1-UDV,inverse,0,Sports,Set 1 Winner: Alexandrova vs Udvardy,Will Panna Udvardy win set 1 in the Ekaterina Alexandrova vs Panna Udvardy match,1099.7930959999999,2026-06-29T18:48:34Z,2,0.0,0.0,0.0,0.0,0.0,0,[]
2455297,KXATPSETWINNER-26JUN08DEDDUC-1-DUC,inverse,0,Sports,Set 1 Winner: Dedura-Palomero vs Duckworth,Will James Duckworth win set 1 in the Diego Dedura-Palomero vs James Duckworth match,1592.803318,2026-06-09T16:31:55Z,2,0.0,0.0,0.0,0.0,0.0,0,[]
2613328,KXWCGOAL-26JUN22NORSEN-NOREHAALA9-1,same,0,Sports,Erling Haaland: 1+ goals,Erling Haaland: 1+ goals,146415.51164299983,2026-06-23T01:10:58Z,2,0.0,0.0,0.0,0.0,0.0,0,[]
2703054,KXATPSETWINNER-26JUN29MOLALT-3-MOL,same,0,Sports,Set 3 Winner: Molcan vs Altmaier,Will Alex Molcan win set 3 in the Alex Molcan vs Daniel Altmaier match,1616.9179300000003,2026-07-01T11:47:33Z,2,0.0,0.0,0.0,0.0,0.0,0,[]
